{"title":"Drought","markdown":{"yaml":{"editor":{"markdown":{"wrap":72}},"editor_options":{"chunk_output_type":"inline"},"execute":{"freeze":true}},"headingText":"Drought","containsRefs":false,"markdown":"\n\n\nMonthly and daily potential evapotranspiration was calculated with the Hargreaves equation with the R package SPEI. Solar radiation was not available in the gridded weather data and therefore omitted in the calculation. Monthly and daily climatic water balance was calculated as the difference between precipitation and potential evapotranspiration.\n\n```{r format-daily-and-monthly-climate-data-sets, eval=FALSE, include = FALSE, internal = FALSE}\nlocation <- paste0(getwd())\nsource(paste0(\"../00_helpers/setup.R\")) #common libraries and custom functions\nsource(paste0(\"../00_helpers/species_and_phases.R\"))\n\nraw_daymet_daily_tree <- read.csv(paste0(\"C:/Users/iostovary/Documents/Data/DAYMET_switzerland/wsl-daymet/daymetDaily_179sites.csv\"))\ntree_coordinate_individual <- readRDS(paste0(path_own_data, \"/tree_coordinate_individual.rds\"))\n\ndaymet_daily_tree <- raw_daymet_daily_tree %>%\n  separate(siteId, into=c(\"COORD_ID\", \"trash\"), sep =\"\\\\.\") %>%\n  dplyr::select(-trash) %>%\n  mutate(COORD_ID = as.integer(COORD_ID)) %>% \n  left_join(tree_coordinate_individual %>% dplyr::select(-X,-Y), by=\"COORD_ID\") %>% \n  pivot_wider(names_from = \"var\", values_from = \"dailyVal\") %>%\n  dplyr::select(- lat, -lon, -COORD_ID) %>%\n  separate(date, c(\"year\",\"month\",\"day\"), remove=FALSE) %>%\n  mutate(year= as.numeric(year),\n         date = as_date(date),\n         DATE_NUMBER = yday(date)) %>%\n  rename(tave=tmea) %>% \n  separate(SAMPLE_CODE, into=c(\"METEO_ID\", \"SPECIES_SHORT\"), remove=FALSE)\n\nsaveRDS(daymet_daily_tree, paste0(path_own_data, \"/daymet_daily_tree.rds\"))\n\ndaymet_monthly_tree_avg <- daymet_daily_tree %>%\n  group_by(SAMPLE_CODE, year, month) %>%  \n  summarise(tmin=mean(tmin),\n            tave=mean(tave),\n            tmax=mean(tmax),\n            prcp=sum(prcp)) %>% \n    #across(c(prcp, tave, tmax, tmin), mean, na.rm = TRUE)) %>%\n  ungroup()\n\nsaveRDS(daymet_monthly_tree_avg, paste0(path_own_data, \"/daymet_monthly_tree_avg.rds\"))\n```\n\n```{r load-data}\nlocation <- paste0(getwd())\nsource(paste0(\"../00_helpers/setup.R\")) #common libraries and custom functions\nsource(paste0(\"../00_helpers/species_and_phases.R\"))\n\nlib_drought <- c(\n  \"SPEI\", # calculating potential evapotranspiration for water availabilty\n  \"zoo\") # date formatting\npackage_fun(lib_drought, \"drought\")\n\nsample_data <- readRDS(paste0(path_own_data, \"/sample_data.rds\"))\nphenology <- readRDS(paste0(path_own_data, \"/input_phenology.rds\"))\ndaymet_monthly_tree_avg <- readRDS(paste0(path_own_data, \"/daymet_monthly_tree_avg.rds\"))\ndaymet_daily_tree <- readRDS(paste0(path_own_data, \"/daymet_daily_avg.rds\"))\n```\n\n```{r drought-indices-monthly}\n#Function to create time series for SPEI and SPI\nmake_ts <- function(ts_input) {\n  make_ts <- stats::ts(ts_input, start=c(1950, 1), frequency=12)\n}\n\n#Calculating the different inputs and indices\ndrought_monthly <- \n  daymet_monthly_tree_avg %>%\n  left_join(sample_data %>%\n               select(SAMPLE_CODE, TREE_WGS_x_corrected), by=\"SAMPLE_CODE\") %>%\n  group_by(SAMPLE_CODE, TREE_WGS_x_corrected) %>%\n  mutate(date = paste(year, month, \"01\", sep = \"-\")) %>%\n  nest() %>%\n  #filter(SAMPLE_CODE %like% \"ADB_FS\") %>% #filter for debugging\n  #CALCULATE PET\n  mutate(PET_HARG = map(data, ~SPEI::hargreaves(Tmin = .x$tmin, Tmax = .x$tmax, lat=TREE_WGS_x_corrected, Pre = .x$prcp, na.rm = TRUE, verbose=FALSE) %>%\n                      as.data.frame() %>% setNames(\"PET_HARG\"))) %>%\n  unnest(cols=c(data, PET_HARG)) %>%\n  nest() %>%\n  #CALCULATE CLIMATIC WATER BALANCE\n  mutate(CLIM_WATER_BALANCE1 = map(data, ~.x$prcp-.x$PET_HARG %>% as.data.frame() %>% setNames(c(\"CLIM_BALANCE1\"))),\n         CLIM_WATER_BALANCE_TS = map(CLIM_WATER_BALANCE1, ~make_ts(.x$CLIM_BALANCE1))) %>%\n  dplyr::select(-CLIM_WATER_BALANCE_TS) %>% \n  unnest(cols=c(data, CLIM_WATER_BALANCE1)) %>%\n  mutate(date = paste0(year,\".\", month, \".\", \"01\"),\n         DATE = ymd(date)) %>%\n  #CALCULATE ROLLING MEANS\n  group_by(SAMPLE_CODE) %>%\n  mutate(CLIM_BALANCE3 = zoo::rollmeanr(CLIM_BALANCE1, 3, fill=NA),\n         CLIM_BALANCE6 = zoo::rollmeanr(CLIM_BALANCE1, 6, fill=NA),\n         CLIM_BALANCE12 = zoo::rollmeanr(CLIM_BALANCE1, 12, fill=NA),\n         PET_HARG_ROLL = zoo::rollmeanr(PET_HARG, 36, fill=NA)) %>%\n  ungroup()\n```\n\n```{r drought-indices-daily}\ndrought_daily <- \n  daymet_daily_tree %>%\n  left_join(sample_data %>%\n               select(SAMPLE_CODE, TREE_WGS_x_corrected), by=\"SAMPLE_CODE\") %>%\n  group_by(SAMPLE_CODE, TREE_WGS_x_corrected) %>%\n  nest() %>%\n  #CALCULATE PET\n  mutate(PET_HARG = map(data, ~SPEI::hargreaves(Tmin = .x$tmin, Tmax = .x$tmax, lat=TREE_WGS_x_corrected, Pre = .x$prcp, na.rm = TRUE, verbose=FALSE) %>%\n                      as.data.frame() %>% setNames(\"PET_HARG\"))) %>%\n  unnest(cols=c(data, PET_HARG)) %>%\n  nest() %>%\n  #CALCULATE CLIMATIC WATER BALANCE AND SUM OF DAYS\n  mutate(CLIM_WATER_BALANCE = map(data, ~.x$prcp-.x$PET_HARG %>% as.data.frame() %>% setNames(c(\"CLIM_BALANCE\"))),\n         CLIM_BALANCE_ROLL = map(CLIM_WATER_BALANCE, ~.x %>% mutate(CLIM_BALANCE_DAYSUM3 = rollsum(CLIM_BALANCE < 0, k = 90, align = \"right\", fill = NA),\n                                                                    CLIM_BALANCE_DAYSUM6 = rollsum(CLIM_BALANCE < 0, k = 180, align = \"right\", fill = NA),\n                                                                    CLIM_BALANCE_DAYSUM12 = rollsum(CLIM_BALANCE < 0, k = 365, align = \"right\", fill = NA)))) %>%\n  select(-CLIM_WATER_BALANCE) %>%\n  unnest(cols=c(data, CLIM_BALANCE_ROLL)) %>%\n  ungroup()\n```\n\n```{r fig-correlation-monthly, fig.height=12, warning=FALSE, progress=FALSE, include=TRUE, fig.cap=\"Correlation between different monthly drought parameters.\", internal = TRUE}\npairs_drought_monthly <- drought_monthly %>%\n  filter(year > 2020) %>% \n  select(-c(SAMPLE_CODE, TREE_WGS_x_corrected, year, month, date, DATE))\n                                                    \nggpairs(pairs_drought_monthly, showStrips=TRUE, progress=FALSE)+\n  theme_report(angle=90)\n```\n\n```{r fig-correlation-daily, fig.height=10, warning=FALSE, progress=FALSE, include=TRUE, fig.cap=\"Correlation between different daily drought parameters from 2021 to present.\", eval=FALSE, internal = TRUE}\npairs_drought_daily <- drought_daily %>%\n  filter(year > 2021) %>% # filter to reduce coputation time\n  select(-c(SAMPLE_CODE, TREE_WGS_x_corrected, date, year, month, day, METEO_ID, SPECIES_SHORT, DATE_NUMBER))\n\nggpairs(pairs_drought_daily, showStrips=TRUE, progress=FALSE)+\n  theme_report(angle=90)\n```\n\n```{r save-output}\nsaveRDS(drought_monthly %>% select(SAMPLE_CODE, year, month, PET_HARG, CLIM_BALANCE1, CLIM_BALANCE3, CLIM_BALANCE6, CLIM_BALANCE12) %>% mutate(month=as.numeric(month)) %>% ungroup(), paste0(path_own_data, \"/input_drought.rds\"))\nsaveRDS(drought_daily %>% select(SAMPLE_CODE, year, month, day, date, DATE_NUMBER, contains(\"CLIM_BALANCE\"), -CLIM_BALANCE) %>% ungroup(), paste0(path_own_data, \"/input_drought_daily.rds\"))\n```\n","srcMarkdownNoYaml":"\n\n# Drought\n\nMonthly and daily potential evapotranspiration was calculated with the Hargreaves equation with the R package SPEI. Solar radiation was not available in the gridded weather data and therefore omitted in the calculation. Monthly and daily climatic water balance was calculated as the difference between precipitation and potential evapotranspiration.\n\n```{r format-daily-and-monthly-climate-data-sets, eval=FALSE, include = FALSE, internal = FALSE}\nlocation <- paste0(getwd())\nsource(paste0(\"../00_helpers/setup.R\")) #common libraries and custom functions\nsource(paste0(\"../00_helpers/species_and_phases.R\"))\n\nraw_daymet_daily_tree <- read.csv(paste0(\"C:/Users/iostovary/Documents/Data/DAYMET_switzerland/wsl-daymet/daymetDaily_179sites.csv\"))\ntree_coordinate_individual <- readRDS(paste0(path_own_data, \"/tree_coordinate_individual.rds\"))\n\ndaymet_daily_tree <- raw_daymet_daily_tree %>%\n  separate(siteId, into=c(\"COORD_ID\", \"trash\"), sep =\"\\\\.\") %>%\n  dplyr::select(-trash) %>%\n  mutate(COORD_ID = as.integer(COORD_ID)) %>% \n  left_join(tree_coordinate_individual %>% dplyr::select(-X,-Y), by=\"COORD_ID\") %>% \n  pivot_wider(names_from = \"var\", values_from = \"dailyVal\") %>%\n  dplyr::select(- lat, -lon, -COORD_ID) %>%\n  separate(date, c(\"year\",\"month\",\"day\"), remove=FALSE) %>%\n  mutate(year= as.numeric(year),\n         date = as_date(date),\n         DATE_NUMBER = yday(date)) %>%\n  rename(tave=tmea) %>% \n  separate(SAMPLE_CODE, into=c(\"METEO_ID\", \"SPECIES_SHORT\"), remove=FALSE)\n\nsaveRDS(daymet_daily_tree, paste0(path_own_data, \"/daymet_daily_tree.rds\"))\n\ndaymet_monthly_tree_avg <- daymet_daily_tree %>%\n  group_by(SAMPLE_CODE, year, month) %>%  \n  summarise(tmin=mean(tmin),\n            tave=mean(tave),\n            tmax=mean(tmax),\n            prcp=sum(prcp)) %>% \n    #across(c(prcp, tave, tmax, tmin), mean, na.rm = TRUE)) %>%\n  ungroup()\n\nsaveRDS(daymet_monthly_tree_avg, paste0(path_own_data, \"/daymet_monthly_tree_avg.rds\"))\n```\n\n```{r load-data}\nlocation <- paste0(getwd())\nsource(paste0(\"../00_helpers/setup.R\")) #common libraries and custom functions\nsource(paste0(\"../00_helpers/species_and_phases.R\"))\n\nlib_drought <- c(\n  \"SPEI\", # calculating potential evapotranspiration for water availabilty\n  \"zoo\") # date formatting\npackage_fun(lib_drought, \"drought\")\n\nsample_data <- readRDS(paste0(path_own_data, \"/sample_data.rds\"))\nphenology <- readRDS(paste0(path_own_data, \"/input_phenology.rds\"))\ndaymet_monthly_tree_avg <- readRDS(paste0(path_own_data, \"/daymet_monthly_tree_avg.rds\"))\ndaymet_daily_tree <- readRDS(paste0(path_own_data, \"/daymet_daily_avg.rds\"))\n```\n\n```{r drought-indices-monthly}\n#Function to create time series for SPEI and SPI\nmake_ts <- function(ts_input) {\n  make_ts <- stats::ts(ts_input, start=c(1950, 1), frequency=12)\n}\n\n#Calculating the different inputs and indices\ndrought_monthly <- \n  daymet_monthly_tree_avg %>%\n  left_join(sample_data %>%\n               select(SAMPLE_CODE, TREE_WGS_x_corrected), by=\"SAMPLE_CODE\") %>%\n  group_by(SAMPLE_CODE, TREE_WGS_x_corrected) %>%\n  mutate(date = paste(year, month, \"01\", sep = \"-\")) %>%\n  nest() %>%\n  #filter(SAMPLE_CODE %like% \"ADB_FS\") %>% #filter for debugging\n  #CALCULATE PET\n  mutate(PET_HARG = map(data, ~SPEI::hargreaves(Tmin = .x$tmin, Tmax = .x$tmax, lat=TREE_WGS_x_corrected, Pre = .x$prcp, na.rm = TRUE, verbose=FALSE) %>%\n                      as.data.frame() %>% setNames(\"PET_HARG\"))) %>%\n  unnest(cols=c(data, PET_HARG)) %>%\n  nest() %>%\n  #CALCULATE CLIMATIC WATER BALANCE\n  mutate(CLIM_WATER_BALANCE1 = map(data, ~.x$prcp-.x$PET_HARG %>% as.data.frame() %>% setNames(c(\"CLIM_BALANCE1\"))),\n         CLIM_WATER_BALANCE_TS = map(CLIM_WATER_BALANCE1, ~make_ts(.x$CLIM_BALANCE1))) %>%\n  dplyr::select(-CLIM_WATER_BALANCE_TS) %>% \n  unnest(cols=c(data, CLIM_WATER_BALANCE1)) %>%\n  mutate(date = paste0(year,\".\", month, \".\", \"01\"),\n         DATE = ymd(date)) %>%\n  #CALCULATE ROLLING MEANS\n  group_by(SAMPLE_CODE) %>%\n  mutate(CLIM_BALANCE3 = zoo::rollmeanr(CLIM_BALANCE1, 3, fill=NA),\n         CLIM_BALANCE6 = zoo::rollmeanr(CLIM_BALANCE1, 6, fill=NA),\n         CLIM_BALANCE12 = zoo::rollmeanr(CLIM_BALANCE1, 12, fill=NA),\n         PET_HARG_ROLL = zoo::rollmeanr(PET_HARG, 36, fill=NA)) %>%\n  ungroup()\n```\n\n```{r drought-indices-daily}\ndrought_daily <- \n  daymet_daily_tree %>%\n  left_join(sample_data %>%\n               select(SAMPLE_CODE, TREE_WGS_x_corrected), by=\"SAMPLE_CODE\") %>%\n  group_by(SAMPLE_CODE, TREE_WGS_x_corrected) %>%\n  nest() %>%\n  #CALCULATE PET\n  mutate(PET_HARG = map(data, ~SPEI::hargreaves(Tmin = .x$tmin, Tmax = .x$tmax, lat=TREE_WGS_x_corrected, Pre = .x$prcp, na.rm = TRUE, verbose=FALSE) %>%\n                      as.data.frame() %>% setNames(\"PET_HARG\"))) %>%\n  unnest(cols=c(data, PET_HARG)) %>%\n  nest() %>%\n  #CALCULATE CLIMATIC WATER BALANCE AND SUM OF DAYS\n  mutate(CLIM_WATER_BALANCE = map(data, ~.x$prcp-.x$PET_HARG %>% as.data.frame() %>% setNames(c(\"CLIM_BALANCE\"))),\n         CLIM_BALANCE_ROLL = map(CLIM_WATER_BALANCE, ~.x %>% mutate(CLIM_BALANCE_DAYSUM3 = rollsum(CLIM_BALANCE < 0, k = 90, align = \"right\", fill = NA),\n                                                                    CLIM_BALANCE_DAYSUM6 = rollsum(CLIM_BALANCE < 0, k = 180, align = \"right\", fill = NA),\n                                                                    CLIM_BALANCE_DAYSUM12 = rollsum(CLIM_BALANCE < 0, k = 365, align = \"right\", fill = NA)))) %>%\n  select(-CLIM_WATER_BALANCE) %>%\n  unnest(cols=c(data, CLIM_BALANCE_ROLL)) %>%\n  ungroup()\n```\n\n```{r fig-correlation-monthly, fig.height=12, warning=FALSE, progress=FALSE, include=TRUE, fig.cap=\"Correlation between different monthly drought parameters.\", internal = TRUE}\npairs_drought_monthly <- drought_monthly %>%\n  filter(year > 2020) %>% \n  select(-c(SAMPLE_CODE, TREE_WGS_x_corrected, year, month, date, DATE))\n                                                    \nggpairs(pairs_drought_monthly, showStrips=TRUE, progress=FALSE)+\n  theme_report(angle=90)\n```\n\n```{r fig-correlation-daily, fig.height=10, warning=FALSE, progress=FALSE, include=TRUE, fig.cap=\"Correlation between different daily drought parameters from 2021 to present.\", eval=FALSE, internal = TRUE}\npairs_drought_daily <- drought_daily %>%\n  filter(year > 2021) %>% # filter to reduce coputation time\n  select(-c(SAMPLE_CODE, TREE_WGS_x_corrected, date, year, month, day, METEO_ID, SPECIES_SHORT, DATE_NUMBER))\n\nggpairs(pairs_drought_daily, showStrips=TRUE, progress=FALSE)+\n  theme_report(angle=90)\n```\n\n```{r save-output}\nsaveRDS(drought_monthly %>% select(SAMPLE_CODE, year, month, PET_HARG, CLIM_BALANCE1, CLIM_BALANCE3, CLIM_BALANCE6, CLIM_BALANCE12) %>% mutate(month=as.numeric(month)) %>% ungroup(), paste0(path_own_data, \"/input_drought.rds\"))\nsaveRDS(drought_daily %>% select(SAMPLE_CODE, year, month, day, date, DATE_NUMBER, contains(\"CLIM_BALANCE\"), -CLIM_BALANCE) %>% ungroup(), paste0(path_own_data, \"/input_drought_daily.rds\"))\n```\n"},"formats":{"html":{"identifier":{"display-name":"HTML","target-format":"html","base-format":"html"},"execute":{"fig-width":8,"fig-height":4,"fig-format":"retina","fig-dpi":96,"df-print":"paged","error":false,"eval":true,"cache":null,"freeze":true,"echo":false,"output":true,"warning":false,"include":true,"keep-md":false,"keep-ipynb":false,"ipynb":null,"enabled":null,"daemon":null,"daemon-restart":false,"debug":false,"ipynb-filters":[],"ipynb-shell-interactivity":null,"plotly-connected":true,"message":false,"engine":"knitr"},"render":{"keep-tex":false,"keep-typ":false,"keep-source":false,"keep-hidden":false,"prefer-html":false,"output-divs":true,"output-ext":"html","fig-align":"default","fig-pos":null,"fig-env":null,"code-fold":true,"code-overflow":"wrap","code-link":false,"code-line-numbers":true,"code-tools":false,"tbl-colwidths":"auto","merge-includes":true,"inline-includes":false,"preserve-yaml":false,"latex-auto-mk":true,"latex-auto-install":true,"latex-clean":true,"latex-min-runs":1,"latex-max-runs":10,"latex-makeindex":"makeindex","latex-makeindex-opts":[],"latex-tlmgr-opts":[],"latex-input-paths":[],"latex-output-dir":null,"link-external-icon":false,"link-external-newwindow":false,"self-contained-math":false,"format-resources":[],"notebook-links":true},"pandoc":{"standalone":true,"wrap":"none","default-image-extension":"png","to":"html","highlight-style":"espresso","toc":true,"toc-depth":3,"include-in-header":{"text":"<script type=\"text/javascript\" src=\"C:/Users/iostovary/Documents/Data/00_helpers/zoom.js\"></script>"},"output-file":"1_drought.html"},"language":{"toc-title-document":"Table of contents","toc-title-website":"On this page","related-formats-title":"Other Formats","related-notebooks-title":"Notebooks","source-notebooks-prefix":"Source","other-links-title":"Other Links","code-links-title":"Code Links","launch-dev-container-title":"Launch Dev Container","launch-binder-title":"Launch Binder","article-notebook-label":"Article Notebook","notebook-preview-download":"Download Notebook","notebook-preview-download-src":"Download Source","notebook-preview-back":"Back to Article","manuscript-meca-bundle":"MECA Bundle","section-title-abstract":"Abstract","section-title-appendices":"Appendices","section-title-footnotes":"Footnotes","section-title-references":"References","section-title-reuse":"Reuse","section-title-copyright":"Copyright","section-title-citation":"Citation","appendix-attribution-cite-as":"For attribution, please cite this work as:","appendix-attribution-bibtex":"BibTeX citation:","title-block-author-single":"Author","title-block-author-plural":"Authors","title-block-affiliation-single":"Affiliation","title-block-affiliation-plural":"Affiliations","title-block-published":"Published","title-block-modified":"Modified","title-block-keywords":"Keywords","callout-tip-title":"Tip","callout-note-title":"Note","callout-warning-title":"Warning","callout-important-title":"Important","callout-caution-title":"Caution","code-summary":"Code","code-tools-menu-caption":"Code","code-tools-show-all-code":"Show All Code","code-tools-hide-all-code":"Hide All Code","code-tools-view-source":"View Source","code-tools-source-code":"Source Code","tools-share":"Share","tools-download":"Download","code-line":"Line","code-lines":"Lines","copy-button-tooltip":"Copy to Clipboard","copy-button-tooltip-success":"Copied!","repo-action-links-edit":"Edit this page","repo-action-links-source":"View source","repo-action-links-issue":"Report an issue","back-to-top":"Back to top","search-no-results-text":"No results","search-matching-documents-text":"matching documents","search-copy-link-title":"Copy link to search","search-hide-matches-text":"Hide additional matches","search-more-match-text":"more match in this document","search-more-matches-text":"more matches in this document","search-clear-button-title":"Clear","search-text-placeholder":"","search-detached-cancel-button-title":"Cancel","search-submit-button-title":"Submit","search-label":"Search","toggle-section":"Toggle section","toggle-sidebar":"Toggle sidebar navigation","toggle-dark-mode":"Toggle dark mode","toggle-reader-mode":"Toggle reader mode","toggle-navigation":"Toggle navigation","crossref-fig-title":"Figure","crossref-tbl-title":"Table","crossref-lst-title":"Listing","crossref-thm-title":"Theorem","crossref-lem-title":"Lemma","crossref-cor-title":"Corollary","crossref-prp-title":"Proposition","crossref-cnj-title":"Conjecture","crossref-def-title":"Definition","crossref-exm-title":"Example","crossref-exr-title":"Exercise","crossref-ch-prefix":"Chapter","crossref-apx-prefix":"Appendix","crossref-sec-prefix":"Section","crossref-eq-prefix":"Equation","crossref-lof-title":"List of Figures","crossref-lot-title":"List of Tables","crossref-lol-title":"List of Listings","environment-proof-title":"Proof","environment-remark-title":"Remark","environment-solution-title":"Solution","listing-page-order-by":"Order By","listing-page-order-by-default":"Default","listing-page-order-by-date-asc":"Oldest","listing-page-order-by-date-desc":"Newest","listing-page-order-by-number-desc":"High to Low","listing-page-order-by-number-asc":"Low to High","listing-page-field-date":"Date","listing-page-field-title":"Title","listing-page-field-description":"Description","listing-page-field-author":"Author","listing-page-field-filename":"File Name","listing-page-field-filemodified":"Modified","listing-page-field-subtitle":"Subtitle","listing-page-field-readingtime":"Reading Time","listing-page-field-wordcount":"Word Count","listing-page-field-categories":"Categories","listing-page-minutes-compact":"{0} min","listing-page-category-all":"All","listing-page-no-matches":"No matching items","listing-page-words":"{0} words"},"metadata":{"lang":"en","fig-responsive":true,"quarto-version":"1.4.549","bibliography":["C:/Users/iostovary/Documents/Data/references.bib"],"csl":"C:/Users/iostovary/Documents/Data/citation_style_global-ecology-and-biogeography_mod_ostovary.csl","editor":{"markdown":{"wrap":72}},"page-layout":"full","code-summary":"Show the code","theme":"minty","code-folding":"hide","grid":{"body-width":"1100px"},"toc-location":"right","toc-float":{"collapsed":false,"number-sections":true},"editor_options":{"chunk_output_type":"inline"}},"extensions":{"book":{"multiFile":true}}}},"projectFormats":["html"]}