{"title":"Topography","markdown":{"yaml":{"editor":{"markdown":{"wrap":72}},"editor_options":{"chunk_output_type":"inline"},"execution":{"freeze":true}},"headingText":"Topography","containsRefs":false,"markdown":"\n\n\n```{r load-libraries}\nlocation <- paste0(getwd())\nsource(paste0(\"../00_helpers/setup.R\")) #common libraries and custom functions\nsource(paste0(\"../00_helpers/species_and_phases.R\"))\n\nsample_data <- readRDS(paste0(path_own_data, \"/sample_data.rds\"))\n\nto_degree <- 180/pi\nto_radians <- pi/180\n```\n\n### Data collection and processing\n\nCoordinates of sampled SPN trees were recorded with a Garmin (?) with a\nwaypoint averaging time of 5 minutes or longer. Slope inclination, slope\naspect and crown exposition aspect were recorded with a Suunto Tandem.\nSlope inclination was transformed from percent to degrees and a slope\ninclination index was calculated to adjust the soil depth according to\nslope inclination.\n\n**Missing slope/aspect**\n\nFree standing trees are exposed at 365 degrees. They receive the highest\nradiation and the highest heat load and should therefore assume the\nhighest index/gradient value possible. Sites with zero inclination have\nno slope aspect. A possible solution could be to assign the most\neast/west aspect (CB 28.02.2022). In the final data set only RAF-FS was\nin completely flat terrain.\n\nWe assumed that a not-northern aspect has the most influence on\nphenological behavior because of heat load. However it is not known,\nwhether direct radiation is also a factor determining phenological\nbehavior. *Therefore, tree exposition aspect was considered with a heat\nload index as well as a folded aspect, while slope exposition was\nconsidered with a folded aspect only.*\n\n#### East-west and north-south gradients\n\n\"The east-west gradient was derived as EW = sin(aspect/360×2π) with\neast-facing sites assuming a value of 1 and west-facing sites -1. The\nnorth-south gradient was derived as NS = cos(aspect/360×2π) with\nnorth-facing sites assuming a value of 1 and south-facing sites -1\"\n[@bigler2016].\n\n#### Heat load index and folded aspect\n\nThe folded aspect rescales the untransformed aspect to a value between 0\n(northeast) and 180 (southwest).\n\n$Folded \\ aspect = | 180 – |aspect – 225| |$\n\n[@mccune2002]\n\nThe head load index rescales the aspect to a scale of zero to one, with\nzero being the coolest slope (northeast) and one being the warmest slope\n(southwest).\n\n$Heat \\ load \\ index = \\frac{1 - \\cos(\\theta - 45)}{2}$\n\n```{r topography-all, include=TRUE}\ntopography <- sample_data %>%\n  #CORRECTIONS DOUBLE SLOPE ASPECTS\n  mutate(SLOPE_ASPECT = SLOPE_ASPECT1_MAG,\n         CROWN_EXPOSITION_ASPECT = case_when(\n           #METEO_ID = \"DOM\" & SPECIES_TREE = \"FS\" ~ , #idk why I assignet two aspects here, it's clearly facing NNW\n           METEO_ID == \"EDB\" & SPECIES_TREE == \"TC\" ~ SLOPE_ASPECT1_MAG, # macro relief\n           METEO_ID == \"LBU\" & SPECIES_TREE == \"LD\" ~ SLOPE_ASPECT2_MAG, # macro relief\n           METEO_ID == \"MTI\" & SPECIES_TREE == \"RP\" ~ SLOPE_ASPECT1_MAG, # macro relief\n           METEO_ID == \"OBO\" & SPECIES_TREE == \"FS\" ~ SLOPE_ASPECT2_MAG, # macro relief\n           METEO_ID == \"RAF\" & SPECIES_TREE == \"RP\" ~ SLOPE_ASPECT1_MAG, # no heat accumulation from the direction of the house because of house shade\n           METEO_ID == \"VSA\" & SPECIES_TREE == \"FS\" ~ SLOPE_ASPECT1_MAG, # macro relief\n           METEO_ID == \"WIB\" & SPECIES_TREE == \"PA\" ~ SLOPE_ASPECT1_MAG, # more southern exposition should be assigned\n           METEO_ID == \"WIB\" & SPECIES_TREE == \"FS\" ~ SLOPE_ASPECT1_MAG, # more southern exposition should be assigned\n           TRUE ~SLOPE_ASPECT)) %>% \n  #CORRECTION MISSING ASPECTS\n  mutate(SLOPE_ASPECT=case_when(SAMPLE_CODE==\"RAF_FS\" ~ 190, TRUE ~ SLOPE_ASPECT)) %>%\n  #SLOPE\n  mutate(SLOPE_ASPECT_F = abs(180-abs(SLOPE_ASPECT-180)),\n         SLOPE_ASPECT_EW = round(sin(SLOPE_ASPECT*to_radians),2),\n         SLOPE_ASPECT_NS = round(cos(SLOPE_ASPECT*to_radians),2),\n         SLOPE_ASPECT_HL = round((1-cos((SLOPE_ASPECT*to_radians)-pi/4))/2,2))\n```\n\n```{r pairs-topography, fig.height=9, warning=FALSE}\npairs_exposition <- topography %>% select(SLOPE_ASPECT, SLOPE_INCLINATION_DEG, SLOPE_ASPECT_F, SLOPE_ASPECT_EW, SLOPE_ASPECT_NS, SLOPE_ASPECT_HL)\nggpairs(pairs_exposition, showStrips=TRUE, progress=FALSE)+\n  theme_report()\n```\n\n```{r distribution-transformed-aspects, include = TRUE, fig.cap=\"Distribution of transformed crown and slope exposition at sampled SPN stations. Original exposition measurement, gradient, heat load index and folded aspect\"}\nggplot(data=topography %>%\n  select(SPECIES_TREE, SLOPE_ASPECT, SLOPE_INCLINATION_DEG, SLOPE_ASPECT_F, SLOPE_ASPECT_EW, SLOPE_ASPECT_NS, SLOPE_ASPECT_HL) %>% \n  pivot_longer(cols=c(3:7), names_to = \"PARAMETER\", values_to = \"EXPOSITION_VALUE\"))+\n  geom_violin(aes(x=SPECIES_TREE, y=EXPOSITION_VALUE))+\n  geom_jitter(aes(x=SPECIES_TREE, y=EXPOSITION_VALUE), width = 0.1)+\n  #geom_text(aes(x=SPECIES_TREE, y=PARAMETER, label = CROWN_EXPOSITION_ASPECT1_MAG), nudge_x = 0.2, size = 2.5)+\n  facet_wrap(~PARAMETER, scales=\"free_y\")+\n  ylab(\"Transformed exposition\") +\n  xlab(\"Tree species\")+\n  theme_report()\n```\n\n```{r save-output}\nsaveRDS(topography %>% select(SAMPLE_CODE, contains(\"SLOPE\"), contains(\"EXPOSITION\"), TREE_ELEVATION, RELIEF, TREE_WGS_y_corrected, TREE_WGS_x_corrected) %>% ungroup(), paste0(path_own_data, \"/input_topography.rds\"))\n```\n","srcMarkdownNoYaml":"\n\n# Topography\n\n```{r load-libraries}\nlocation <- paste0(getwd())\nsource(paste0(\"../00_helpers/setup.R\")) #common libraries and custom functions\nsource(paste0(\"../00_helpers/species_and_phases.R\"))\n\nsample_data <- readRDS(paste0(path_own_data, \"/sample_data.rds\"))\n\nto_degree <- 180/pi\nto_radians <- pi/180\n```\n\n### Data collection and processing\n\nCoordinates of sampled SPN trees were recorded with a Garmin (?) with a\nwaypoint averaging time of 5 minutes or longer. Slope inclination, slope\naspect and crown exposition aspect were recorded with a Suunto Tandem.\nSlope inclination was transformed from percent to degrees and a slope\ninclination index was calculated to adjust the soil depth according to\nslope inclination.\n\n**Missing slope/aspect**\n\nFree standing trees are exposed at 365 degrees. They receive the highest\nradiation and the highest heat load and should therefore assume the\nhighest index/gradient value possible. Sites with zero inclination have\nno slope aspect. A possible solution could be to assign the most\neast/west aspect (CB 28.02.2022). In the final data set only RAF-FS was\nin completely flat terrain.\n\nWe assumed that a not-northern aspect has the most influence on\nphenological behavior because of heat load. However it is not known,\nwhether direct radiation is also a factor determining phenological\nbehavior. *Therefore, tree exposition aspect was considered with a heat\nload index as well as a folded aspect, while slope exposition was\nconsidered with a folded aspect only.*\n\n#### East-west and north-south gradients\n\n\"The east-west gradient was derived as EW = sin(aspect/360×2π) with\neast-facing sites assuming a value of 1 and west-facing sites -1. The\nnorth-south gradient was derived as NS = cos(aspect/360×2π) with\nnorth-facing sites assuming a value of 1 and south-facing sites -1\"\n[@bigler2016].\n\n#### Heat load index and folded aspect\n\nThe folded aspect rescales the untransformed aspect to a value between 0\n(northeast) and 180 (southwest).\n\n$Folded \\ aspect = | 180 – |aspect – 225| |$\n\n[@mccune2002]\n\nThe head load index rescales the aspect to a scale of zero to one, with\nzero being the coolest slope (northeast) and one being the warmest slope\n(southwest).\n\n$Heat \\ load \\ index = \\frac{1 - \\cos(\\theta - 45)}{2}$\n\n```{r topography-all, include=TRUE}\ntopography <- sample_data %>%\n  #CORRECTIONS DOUBLE SLOPE ASPECTS\n  mutate(SLOPE_ASPECT = SLOPE_ASPECT1_MAG,\n         CROWN_EXPOSITION_ASPECT = case_when(\n           #METEO_ID = \"DOM\" & SPECIES_TREE = \"FS\" ~ , #idk why I assignet two aspects here, it's clearly facing NNW\n           METEO_ID == \"EDB\" & SPECIES_TREE == \"TC\" ~ SLOPE_ASPECT1_MAG, # macro relief\n           METEO_ID == \"LBU\" & SPECIES_TREE == \"LD\" ~ SLOPE_ASPECT2_MAG, # macro relief\n           METEO_ID == \"MTI\" & SPECIES_TREE == \"RP\" ~ SLOPE_ASPECT1_MAG, # macro relief\n           METEO_ID == \"OBO\" & SPECIES_TREE == \"FS\" ~ SLOPE_ASPECT2_MAG, # macro relief\n           METEO_ID == \"RAF\" & SPECIES_TREE == \"RP\" ~ SLOPE_ASPECT1_MAG, # no heat accumulation from the direction of the house because of house shade\n           METEO_ID == \"VSA\" & SPECIES_TREE == \"FS\" ~ SLOPE_ASPECT1_MAG, # macro relief\n           METEO_ID == \"WIB\" & SPECIES_TREE == \"PA\" ~ SLOPE_ASPECT1_MAG, # more southern exposition should be assigned\n           METEO_ID == \"WIB\" & SPECIES_TREE == \"FS\" ~ SLOPE_ASPECT1_MAG, # more southern exposition should be assigned\n           TRUE ~SLOPE_ASPECT)) %>% \n  #CORRECTION MISSING ASPECTS\n  mutate(SLOPE_ASPECT=case_when(SAMPLE_CODE==\"RAF_FS\" ~ 190, TRUE ~ SLOPE_ASPECT)) %>%\n  #SLOPE\n  mutate(SLOPE_ASPECT_F = abs(180-abs(SLOPE_ASPECT-180)),\n         SLOPE_ASPECT_EW = round(sin(SLOPE_ASPECT*to_radians),2),\n         SLOPE_ASPECT_NS = round(cos(SLOPE_ASPECT*to_radians),2),\n         SLOPE_ASPECT_HL = round((1-cos((SLOPE_ASPECT*to_radians)-pi/4))/2,2))\n```\n\n```{r pairs-topography, fig.height=9, warning=FALSE}\npairs_exposition <- topography %>% select(SLOPE_ASPECT, SLOPE_INCLINATION_DEG, SLOPE_ASPECT_F, SLOPE_ASPECT_EW, SLOPE_ASPECT_NS, SLOPE_ASPECT_HL)\nggpairs(pairs_exposition, showStrips=TRUE, progress=FALSE)+\n  theme_report()\n```\n\n```{r distribution-transformed-aspects, include = TRUE, fig.cap=\"Distribution of transformed crown and slope exposition at sampled SPN stations. Original exposition measurement, gradient, heat load index and folded aspect\"}\nggplot(data=topography %>%\n  select(SPECIES_TREE, SLOPE_ASPECT, SLOPE_INCLINATION_DEG, SLOPE_ASPECT_F, SLOPE_ASPECT_EW, SLOPE_ASPECT_NS, SLOPE_ASPECT_HL) %>% \n  pivot_longer(cols=c(3:7), names_to = \"PARAMETER\", values_to = \"EXPOSITION_VALUE\"))+\n  geom_violin(aes(x=SPECIES_TREE, y=EXPOSITION_VALUE))+\n  geom_jitter(aes(x=SPECIES_TREE, y=EXPOSITION_VALUE), width = 0.1)+\n  #geom_text(aes(x=SPECIES_TREE, y=PARAMETER, label = CROWN_EXPOSITION_ASPECT1_MAG), nudge_x = 0.2, size = 2.5)+\n  facet_wrap(~PARAMETER, scales=\"free_y\")+\n  ylab(\"Transformed exposition\") +\n  xlab(\"Tree species\")+\n  theme_report()\n```\n\n```{r save-output}\nsaveRDS(topography %>% select(SAMPLE_CODE, contains(\"SLOPE\"), contains(\"EXPOSITION\"), TREE_ELEVATION, RELIEF, TREE_WGS_y_corrected, TREE_WGS_x_corrected) %>% ungroup(), paste0(path_own_data, \"/input_topography.rds\"))\n```\n"},"formats":{"html":{"identifier":{"display-name":"HTML","target-format":"html","base-format":"html"},"execute":{"fig-width":8,"fig-height":4,"fig-format":"retina","fig-dpi":96,"df-print":"paged","error":false,"eval":true,"cache":null,"freeze":true,"echo":false,"output":true,"warning":false,"include":true,"keep-md":false,"keep-ipynb":false,"ipynb":null,"enabled":null,"daemon":null,"daemon-restart":false,"debug":false,"ipynb-filters":[],"ipynb-shell-interactivity":null,"plotly-connected":true,"message":false,"engine":"knitr"},"render":{"keep-tex":false,"keep-typ":false,"keep-source":false,"keep-hidden":false,"prefer-html":false,"output-divs":true,"output-ext":"html","fig-align":"default","fig-pos":null,"fig-env":null,"code-fold":true,"code-overflow":"wrap","code-link":false,"code-line-numbers":true,"code-tools":false,"tbl-colwidths":"auto","merge-includes":true,"inline-includes":false,"preserve-yaml":false,"latex-auto-mk":true,"latex-auto-install":true,"latex-clean":true,"latex-min-runs":1,"latex-max-runs":10,"latex-makeindex":"makeindex","latex-makeindex-opts":[],"latex-tlmgr-opts":[],"latex-input-paths":[],"latex-output-dir":null,"link-external-icon":false,"link-external-newwindow":false,"self-contained-math":false,"format-resources":[],"notebook-links":true},"pandoc":{"standalone":true,"wrap":"none","default-image-extension":"png","to":"html","highlight-style":"espresso","toc":true,"toc-depth":3,"include-in-header":{"text":"<script type=\"text/javascript\" src=\"C:/Users/iostovary/Documents/Data/00_helpers/zoom.js\"></script>"},"output-file":"1_topography.html"},"language":{"toc-title-document":"Table of contents","toc-title-website":"On this page","related-formats-title":"Other Formats","related-notebooks-title":"Notebooks","source-notebooks-prefix":"Source","other-links-title":"Other Links","code-links-title":"Code Links","launch-dev-container-title":"Launch Dev Container","launch-binder-title":"Launch Binder","article-notebook-label":"Article Notebook","notebook-preview-download":"Download Notebook","notebook-preview-download-src":"Download Source","notebook-preview-back":"Back to Article","manuscript-meca-bundle":"MECA Bundle","section-title-abstract":"Abstract","section-title-appendices":"Appendices","section-title-footnotes":"Footnotes","section-title-references":"References","section-title-reuse":"Reuse","section-title-copyright":"Copyright","section-title-citation":"Citation","appendix-attribution-cite-as":"For attribution, please cite this work as:","appendix-attribution-bibtex":"BibTeX citation:","title-block-author-single":"Author","title-block-author-plural":"Authors","title-block-affiliation-single":"Affiliation","title-block-affiliation-plural":"Affiliations","title-block-published":"Published","title-block-modified":"Modified","title-block-keywords":"Keywords","callout-tip-title":"Tip","callout-note-title":"Note","callout-warning-title":"Warning","callout-important-title":"Important","callout-caution-title":"Caution","code-summary":"Code","code-tools-menu-caption":"Code","code-tools-show-all-code":"Show All Code","code-tools-hide-all-code":"Hide All Code","code-tools-view-source":"View Source","code-tools-source-code":"Source Code","tools-share":"Share","tools-download":"Download","code-line":"Line","code-lines":"Lines","copy-button-tooltip":"Copy to Clipboard","copy-button-tooltip-success":"Copied!","repo-action-links-edit":"Edit this page","repo-action-links-source":"View source","repo-action-links-issue":"Report an issue","back-to-top":"Back to top","search-no-results-text":"No results","search-matching-documents-text":"matching documents","search-copy-link-title":"Copy link to search","search-hide-matches-text":"Hide additional matches","search-more-match-text":"more match in this document","search-more-matches-text":"more matches in this document","search-clear-button-title":"Clear","search-text-placeholder":"","search-detached-cancel-button-title":"Cancel","search-submit-button-title":"Submit","search-label":"Search","toggle-section":"Toggle section","toggle-sidebar":"Toggle sidebar navigation","toggle-dark-mode":"Toggle dark mode","toggle-reader-mode":"Toggle reader mode","toggle-navigation":"Toggle navigation","crossref-fig-title":"Figure","crossref-tbl-title":"Table","crossref-lst-title":"Listing","crossref-thm-title":"Theorem","crossref-lem-title":"Lemma","crossref-cor-title":"Corollary","crossref-prp-title":"Proposition","crossref-cnj-title":"Conjecture","crossref-def-title":"Definition","crossref-exm-title":"Example","crossref-exr-title":"Exercise","crossref-ch-prefix":"Chapter","crossref-apx-prefix":"Appendix","crossref-sec-prefix":"Section","crossref-eq-prefix":"Equation","crossref-lof-title":"List of Figures","crossref-lot-title":"List of Tables","crossref-lol-title":"List of Listings","environment-proof-title":"Proof","environment-remark-title":"Remark","environment-solution-title":"Solution","listing-page-order-by":"Order By","listing-page-order-by-default":"Default","listing-page-order-by-date-asc":"Oldest","listing-page-order-by-date-desc":"Newest","listing-page-order-by-number-desc":"High to Low","listing-page-order-by-number-asc":"Low to High","listing-page-field-date":"Date","listing-page-field-title":"Title","listing-page-field-description":"Description","listing-page-field-author":"Author","listing-page-field-filename":"File Name","listing-page-field-filemodified":"Modified","listing-page-field-subtitle":"Subtitle","listing-page-field-readingtime":"Reading Time","listing-page-field-wordcount":"Word Count","listing-page-field-categories":"Categories","listing-page-minutes-compact":"{0} min","listing-page-category-all":"All","listing-page-no-matches":"No matching items","listing-page-words":"{0} words"},"metadata":{"lang":"en","fig-responsive":true,"quarto-version":"1.4.549","bibliography":["C:/Users/iostovary/Documents/Data/references.bib"],"csl":"C:/Users/iostovary/Documents/Data/citation_style_global-ecology-and-biogeography_mod_ostovary.csl","editor":{"markdown":{"wrap":72}},"page-layout":"full","code-summary":"Show the code","theme":"minty","code-folding":"hide","grid":{"body-width":"1100px"},"toc-location":"right","toc-float":{"collapsed":false,"number-sections":true},"editor_options":{"chunk_output_type":"inline"},"execution":{"freeze":true}},"extensions":{"book":{"multiFile":true}}}},"projectFormats":["html"]}