{"title":"Data preparation","markdown":{"yaml":{"output":"html_document","editor_options":{"chunk_output_type":"inline"},"execute":{"freeze":false}},"headingText":"Data preparation","containsRefs":false,"markdown":"\n\n\nPhenology, topography, competition, soil, temperature and drought\ndata were joined into one data data set. All time series were cut to the\nlength of either\n\n-   the latest observer contract if the same tree was observed since the\n    start\n-   the approximate observation start of the group/individual if the\n    tree had to be changed\n-   10 years before the start of observation if the same tree was taken\n    over from the previous observer\n\nTime series that are too short (e.g. GON_TC) or not precise enough (e.g.\nRGS_FS) were removed. In the case of LID_LD only one observation year is\navailable right now (currently confirming with the observer). In the\ncase of DIH the trees of the previous observer were sampled.\n\n```{r load-data, include=FALSE}\nlocation <- paste0(getwd())\nsource(paste0(\"../00_helpers/setup.R\")) #common libraries and custom functions\nsource(paste0(\"../00_helpers/species_and_phases.R\"))\n\nphenology <- readRDS(paste0(path_own_data, \"/input_phenology.rds\"))\nphenology_wide <- readRDS(paste0(path_own_data, \"/input_phenology_wide.rds\"))\n\nphotoperiod <- readRDS(paste0(path_own_data, \"/input_photoperiod.rds\"))\ntopography <- readRDS(paste0(path_own_data, \"/input_topography.rds\"))\ncompetition <- readRDS(paste0(path_own_data, \"/input_competition.rds\"))\nsample_data <- readRDS(paste0(path_own_data, \"/sample_data.rds\"))\ndrought_monthly <- readRDS(paste0(path_own_data, \"/input_drought.rds\")) %>% filter(if_all(everything(), ~ !is.na(.)))\ndrought_daily <- readRDS(paste0(path_own_data, \"/input_drought_daily.rds\")) %>% filter(if_all(everything(), ~ !is.na(.)))\ntemperature <- readRDS(paste0(path_own_data, \"/input_temperature_unfolding.rds\"))\nsoil <- readRDS(paste0(path_own_data, \"/input_soil.rds\"))\n```\n\n```{r join-subset, echo=TRUE, filename=\"Join all subsets.\"}\nDOY_ROUND <- 7\n\nmodel_input <- sample_data %>%\n  dplyr::select(SAMPLE_CODE, OBSERVATION_TYPE,\n         #stand structure\n         SOCIAL_SITUATION, LAND_USE, EDGE_DIST, EDGE_DIST_IMPUTED, TREE_HEIGHT,\n         #soil\n         ROOT_AREA_ARTIFICIALLY_LIMITED, HUMUS_TYPE, HOLE_DEPTH_MAX) %>%\n  #topography\n  left_join(topography %>% select(SAMPLE_CODE, TREE_ELEVATION, SLOPE_ASPECT, SLOPE_ASPECT_F, SLOPE_ASPECT_EW, SLOPE_ASPECT_NS, SLOPE_ASPECT_HL, SLOPE_INCLINATION_DEG, RELIEF), by=\"SAMPLE_CODE\") %>% \n  #competition\n  left_join(competition, by=\"SAMPLE_CODE\") %>%\n  # soil\n  left_join(soil, by=\"SAMPLE_CODE\")\n\nsaveRDS(model_input, paste0(path_own_data, \"/sample_data_processed.rds\"))\n\nmodel_input <- model_input %>%\n  #all phases long\n  left_join(phenology %>% \n              dplyr::select(SAMPLE_CODE, OBSERVER, year, doy) %>%\n              #pivot_wider(names_from=PHASE, values_from=doy) %>%\n              mutate(DOY_DATE = as.Date(doy),\n                     DOY_ROUNDED = if_else(\n                       day(DOY_DATE) <= DOY_ROUND,\n                       floor_date(DOY_DATE, unit = \"month\")- months(1),\n                       DOY_DATE),\n                     DOY_DATE_ROUNDED = as.numeric(format(DOY_ROUNDED, \"%m\"))), #move this to data formatting if possible\n            by = \"SAMPLE_CODE\") %>%\n  #leaf unfolding wide\n  left_join(phenology_wide %>% select(-leaf_colouring_50_percent), by=c(\"SAMPLE_CODE\", \"year\")) %>%\n  #drought monthly\n  left_join(drought_monthly, by = c(\"SAMPLE_CODE\", \"year\"=\"year\", \"DOY_DATE_ROUNDED\" = \"month\")) %>%\n  #drought daily\n  left_join(drought_daily, by = c(\"SAMPLE_CODE\", \"year\", \"doy\" = \"DATE_NUMBER\")) %>%\n  #temperature\n  inner_join(temperature,\n            by=c(\"SAMPLE_CODE\", \"year\", \"doy\")) %>%\n  #photoperiod\n  left_join(photoperiod %>%\n              dplyr::select(DOY, PHOTOPERIOD),\n            by=c(\"doy\"=\"DOY\")) %>%\n  #exlude bad time series\n  filter(SAMPLE_CODE !=\"GON_TC\") %>%\n  filter(SAMPLE_CODE !=\"LID_LD\") %>%\n  mutate(METEO_ID = factor(METEO_ID),\n         RELIEF = gsub(\" \", \"\", as.character(RELIEF)),\n         RELIEF = factor(RELIEF),\n         SOCIAL_SITUATION = gsub(\" \", \"\", as.character(SOCIAL_SITUATION)),\n         SOCIAL_SITUATION = factor(SOCIAL_SITUATION),\n         EDGE_DIST_IMPUTED = factor(EDGE_DIST_IMPUTED),\n         OBSERVER = factor(OBSERVER),\n         PHASE = case_when(PHASE %like% \"unfold\" ~ \"leaf unfolding\",\n                           TRUE ~PHASE)) %>%\n  filter(SPECIES_SHORT!=\"CS\") %>% \n  ungroup()\n\nmodel_input_scaled <- model_input %>%\n  mutate_if(is.numeric, scale)\n\nmodel_input_complete <- model_input %>%\n  select (SPECIES_SHORT, METEO_ID, SAMPLE_CODE, doy, year, leaf_unfolding_50_percent, LEAF_COLOURING_LAG,\n          #temperature\n          contains(\"GDD\"), contains(\"CDD\"),\n          #drought\n          CLIM_BALANCE1, CLIM_BALANCE6, CLIM_BALANCE12, CLIM_BALANCE_DAYSUM3, CLIM_BALANCE_DAYSUM3, CLIM_BALANCE_DAYSUM12, PET_HARG,\n          #soil\n          SUM_AWC_ADJUSTED_ALL,\n          #topography\n          SLOPE_ASPECT_F, SLOPE_ASPECT_HL, SLOPE_ASPECT_NS, SLOPE_ASPECT_EW, SLOPE_INCLINATION_DEG, RELIEF, TREE_ELEVATION,\n          #stand structure\n          SOCIAL_SITUATION, EDGE_DIST, EDGE_DIST_IMPUTED, TREE_HEIGHT, STAND_HEIGHT,\n          OBSERVER) %>% \n  filter(complete.cases(.))\n```\n\n```{r save-output, include=FALSE}\nsaveRDS(model_input, paste0(path_output_data, \"/model_input.rds\"))\nsaveRDS(model_input_scaled, paste0(path_output_data, \"/model_input_scaled.rds\"))\nsaveRDS(model_input_complete, paste0(path_output_data, \"/model_input_complete.rds\"))\n```\n\nMissing values of tree height, cooling and warming sums were rare and were removed before the analysis. Missing values of leaf colouring lag were filtered before each model containing the parameter. Data sets are available raw as well as scaled and centered across sites for continuous explanatory parameters.\n\n```{r create-species-specific-subsets, echo=TRUE, filename=\"Create species specific subsets.\"}\n# Load data\ndata_raw <- readRDS(paste0(path_own_data, \"/output_data/model_input.rds\"))\n\ndata <- data_raw %>%\n  select (SPECIES_SHORT, METEO_ID, SAMPLE_CODE, doy, year, leaf_unfolding_50_percent, LEAF_COLOURING_LAG,\n          #temperature\n          contains(\"GDD\"), contains(\"CDD\"),\n          #drought\n          CLIM_BALANCE1, CLIM_BALANCE6, CLIM_BALANCE12, CLIM_BALANCE_DAYSUM3, CLIM_BALANCE_DAYSUM6, CLIM_BALANCE_DAYSUM12,\n          #soil\n          SUM_AWC_ADJUSTED_ALL,\n          #topography\n          SLOPE_ASPECT_F, SLOPE_ASPECT_HL, SLOPE_INCLINATION_DEG, RELIEF, TREE_ELEVATION,\n          #stand structure\n          SOCIAL_SITUATION, EDGE_DIST, EDGE_DIST_IMPUTED, TREE_HEIGHT, STAND_HEIGHT)\n\n# Extract NA\nna <- data %>%\n  filter(if_any(everything(), is.na)) %>%\n  select(METEO_ID, SPECIES_SHORT, year, where(~ any(is.na(.))))\nsaveRDS(na, paste0(path_output_data, \"/data_na.rds\"))\n\n# Filter complete cases\ndata_complete <- data %>%\n  filter(complete.cases(select(., -LEAF_COLOURING_LAG)))\n  \n# Create and save species specific unscaled data sets\nfor(species in species_list){\n  for(phase in phase_list){\n    species_data <- data_complete %>%\n      filter(SPECIES_SHORT == species)\n    saveRDS(species_data, paste0(path_output_data, \"/data_unscaled_\", species, \"_\", gsub(\" \", \"_\", phase), \".rds\"))\n    saveRDS(species_data, paste0(location, \"/100_publication/own_data/data_unscaled_\", species, \"_\", gsub(\" \", \"_\", phase), \".rds\")) # save for publication\n  }\n}\n\n# Create and save species specific centered and scaled data sets\nfor(species in species_list){\n  for(phase in phase_list){\n      \n    species_data <- data_complete %>%\n      filter(SPECIES_SHORT == species) %>%\n  #mutate(across(where(is.numeric) & !all_of(c(\"doy\", \"year\")), ~ as.numeric(scale(.x)))) # optional change to prevent matrix naming\n      mutate(across(where(is.numeric) & !all_of(c(\"doy\",\"year\")), scale)) #scale all numeric columns but day of year\n\n    saveRDS(species_data, paste0(path_output_data, \"/data_scaled_\", species, \"_\", gsub(\" \", \"_\", phase), \".rds\"))\n    \n    # Create scale object\n    # more info here: https://stats.stackexchange.com/questions/209784/rescale-predictions-of-regression-model-fitted-on-scaled-predictors\n    scale_object <- data_complete %>%\n      filter(SPECIES_SHORT == species) %>%\n      mutate(across(where(is.numeric), ~ scale(.x), .names = \"{.col}\")) %>%\n      reframe(across(where(is.numeric), ~ list(scale = attr(.x, \"scaled:scale\"), center = attr(.x, \"scaled:center\")))) %>% \n      mutate(scale = case_when(row_number() %% 2 == 0 ~ \"center\",\n                               TRUE ~ \"scale\"\n                               )) %>%\n      pivot_longer(cols=1:(ncol(.) - 1), names_to = \"variable\", values_to = \"scale_info\") %>%\n      pivot_wider(everything(), names_from = scale, values_from = scale_info) %>%\n      mutate(across(c(scale, center), unlist)) %>%\n      split(.$variable)\n\n    saveRDS(scale_object, paste0(path_output_data, \"/scale_list_\", species, \"_\", gsub(\" \", \"_\", phase), \".rds\"))\n  }\n}\n```","srcMarkdownNoYaml":"\n\n# Data preparation\n\nPhenology, topography, competition, soil, temperature and drought\ndata were joined into one data data set. All time series were cut to the\nlength of either\n\n-   the latest observer contract if the same tree was observed since the\n    start\n-   the approximate observation start of the group/individual if the\n    tree had to be changed\n-   10 years before the start of observation if the same tree was taken\n    over from the previous observer\n\nTime series that are too short (e.g. GON_TC) or not precise enough (e.g.\nRGS_FS) were removed. In the case of LID_LD only one observation year is\navailable right now (currently confirming with the observer). In the\ncase of DIH the trees of the previous observer were sampled.\n\n```{r load-data, include=FALSE}\nlocation <- paste0(getwd())\nsource(paste0(\"../00_helpers/setup.R\")) #common libraries and custom functions\nsource(paste0(\"../00_helpers/species_and_phases.R\"))\n\nphenology <- readRDS(paste0(path_own_data, \"/input_phenology.rds\"))\nphenology_wide <- readRDS(paste0(path_own_data, \"/input_phenology_wide.rds\"))\n\nphotoperiod <- readRDS(paste0(path_own_data, \"/input_photoperiod.rds\"))\ntopography <- readRDS(paste0(path_own_data, \"/input_topography.rds\"))\ncompetition <- readRDS(paste0(path_own_data, \"/input_competition.rds\"))\nsample_data <- readRDS(paste0(path_own_data, \"/sample_data.rds\"))\ndrought_monthly <- readRDS(paste0(path_own_data, \"/input_drought.rds\")) %>% filter(if_all(everything(), ~ !is.na(.)))\ndrought_daily <- readRDS(paste0(path_own_data, \"/input_drought_daily.rds\")) %>% filter(if_all(everything(), ~ !is.na(.)))\ntemperature <- readRDS(paste0(path_own_data, \"/input_temperature_unfolding.rds\"))\nsoil <- readRDS(paste0(path_own_data, \"/input_soil.rds\"))\n```\n\n```{r join-subset, echo=TRUE, filename=\"Join all subsets.\"}\nDOY_ROUND <- 7\n\nmodel_input <- sample_data %>%\n  dplyr::select(SAMPLE_CODE, OBSERVATION_TYPE,\n         #stand structure\n         SOCIAL_SITUATION, LAND_USE, EDGE_DIST, EDGE_DIST_IMPUTED, TREE_HEIGHT,\n         #soil\n         ROOT_AREA_ARTIFICIALLY_LIMITED, HUMUS_TYPE, HOLE_DEPTH_MAX) %>%\n  #topography\n  left_join(topography %>% select(SAMPLE_CODE, TREE_ELEVATION, SLOPE_ASPECT, SLOPE_ASPECT_F, SLOPE_ASPECT_EW, SLOPE_ASPECT_NS, SLOPE_ASPECT_HL, SLOPE_INCLINATION_DEG, RELIEF), by=\"SAMPLE_CODE\") %>% \n  #competition\n  left_join(competition, by=\"SAMPLE_CODE\") %>%\n  # soil\n  left_join(soil, by=\"SAMPLE_CODE\")\n\nsaveRDS(model_input, paste0(path_own_data, \"/sample_data_processed.rds\"))\n\nmodel_input <- model_input %>%\n  #all phases long\n  left_join(phenology %>% \n              dplyr::select(SAMPLE_CODE, OBSERVER, year, doy) %>%\n              #pivot_wider(names_from=PHASE, values_from=doy) %>%\n              mutate(DOY_DATE = as.Date(doy),\n                     DOY_ROUNDED = if_else(\n                       day(DOY_DATE) <= DOY_ROUND,\n                       floor_date(DOY_DATE, unit = \"month\")- months(1),\n                       DOY_DATE),\n                     DOY_DATE_ROUNDED = as.numeric(format(DOY_ROUNDED, \"%m\"))), #move this to data formatting if possible\n            by = \"SAMPLE_CODE\") %>%\n  #leaf unfolding wide\n  left_join(phenology_wide %>% select(-leaf_colouring_50_percent), by=c(\"SAMPLE_CODE\", \"year\")) %>%\n  #drought monthly\n  left_join(drought_monthly, by = c(\"SAMPLE_CODE\", \"year\"=\"year\", \"DOY_DATE_ROUNDED\" = \"month\")) %>%\n  #drought daily\n  left_join(drought_daily, by = c(\"SAMPLE_CODE\", \"year\", \"doy\" = \"DATE_NUMBER\")) %>%\n  #temperature\n  inner_join(temperature,\n            by=c(\"SAMPLE_CODE\", \"year\", \"doy\")) %>%\n  #photoperiod\n  left_join(photoperiod %>%\n              dplyr::select(DOY, PHOTOPERIOD),\n            by=c(\"doy\"=\"DOY\")) %>%\n  #exlude bad time series\n  filter(SAMPLE_CODE !=\"GON_TC\") %>%\n  filter(SAMPLE_CODE !=\"LID_LD\") %>%\n  mutate(METEO_ID = factor(METEO_ID),\n         RELIEF = gsub(\" \", \"\", as.character(RELIEF)),\n         RELIEF = factor(RELIEF),\n         SOCIAL_SITUATION = gsub(\" \", \"\", as.character(SOCIAL_SITUATION)),\n         SOCIAL_SITUATION = factor(SOCIAL_SITUATION),\n         EDGE_DIST_IMPUTED = factor(EDGE_DIST_IMPUTED),\n         OBSERVER = factor(OBSERVER),\n         PHASE = case_when(PHASE %like% \"unfold\" ~ \"leaf unfolding\",\n                           TRUE ~PHASE)) %>%\n  filter(SPECIES_SHORT!=\"CS\") %>% \n  ungroup()\n\nmodel_input_scaled <- model_input %>%\n  mutate_if(is.numeric, scale)\n\nmodel_input_complete <- model_input %>%\n  select (SPECIES_SHORT, METEO_ID, SAMPLE_CODE, doy, year, leaf_unfolding_50_percent, LEAF_COLOURING_LAG,\n          #temperature\n          contains(\"GDD\"), contains(\"CDD\"),\n          #drought\n          CLIM_BALANCE1, CLIM_BALANCE6, CLIM_BALANCE12, CLIM_BALANCE_DAYSUM3, CLIM_BALANCE_DAYSUM3, CLIM_BALANCE_DAYSUM12, PET_HARG,\n          #soil\n          SUM_AWC_ADJUSTED_ALL,\n          #topography\n          SLOPE_ASPECT_F, SLOPE_ASPECT_HL, SLOPE_ASPECT_NS, SLOPE_ASPECT_EW, SLOPE_INCLINATION_DEG, RELIEF, TREE_ELEVATION,\n          #stand structure\n          SOCIAL_SITUATION, EDGE_DIST, EDGE_DIST_IMPUTED, TREE_HEIGHT, STAND_HEIGHT,\n          OBSERVER) %>% \n  filter(complete.cases(.))\n```\n\n```{r save-output, include=FALSE}\nsaveRDS(model_input, paste0(path_output_data, \"/model_input.rds\"))\nsaveRDS(model_input_scaled, paste0(path_output_data, \"/model_input_scaled.rds\"))\nsaveRDS(model_input_complete, paste0(path_output_data, \"/model_input_complete.rds\"))\n```\n\nMissing values of tree height, cooling and warming sums were rare and were removed before the analysis. Missing values of leaf colouring lag were filtered before each model containing the parameter. Data sets are available raw as well as scaled and centered across sites for continuous explanatory parameters.\n\n```{r create-species-specific-subsets, echo=TRUE, filename=\"Create species specific subsets.\"}\n# Load data\ndata_raw <- readRDS(paste0(path_own_data, \"/output_data/model_input.rds\"))\n\ndata <- data_raw %>%\n  select (SPECIES_SHORT, METEO_ID, SAMPLE_CODE, doy, year, leaf_unfolding_50_percent, LEAF_COLOURING_LAG,\n          #temperature\n          contains(\"GDD\"), contains(\"CDD\"),\n          #drought\n          CLIM_BALANCE1, CLIM_BALANCE6, CLIM_BALANCE12, CLIM_BALANCE_DAYSUM3, CLIM_BALANCE_DAYSUM6, CLIM_BALANCE_DAYSUM12,\n          #soil\n          SUM_AWC_ADJUSTED_ALL,\n          #topography\n          SLOPE_ASPECT_F, SLOPE_ASPECT_HL, SLOPE_INCLINATION_DEG, RELIEF, TREE_ELEVATION,\n          #stand structure\n          SOCIAL_SITUATION, EDGE_DIST, EDGE_DIST_IMPUTED, TREE_HEIGHT, STAND_HEIGHT)\n\n# Extract NA\nna <- data %>%\n  filter(if_any(everything(), is.na)) %>%\n  select(METEO_ID, SPECIES_SHORT, year, where(~ any(is.na(.))))\nsaveRDS(na, paste0(path_output_data, \"/data_na.rds\"))\n\n# Filter complete cases\ndata_complete <- data %>%\n  filter(complete.cases(select(., -LEAF_COLOURING_LAG)))\n  \n# Create and save species specific unscaled data sets\nfor(species in species_list){\n  for(phase in phase_list){\n    species_data <- data_complete %>%\n      filter(SPECIES_SHORT == species)\n    saveRDS(species_data, paste0(path_output_data, \"/data_unscaled_\", species, \"_\", gsub(\" \", \"_\", phase), \".rds\"))\n    saveRDS(species_data, paste0(location, \"/100_publication/own_data/data_unscaled_\", species, \"_\", gsub(\" \", \"_\", phase), \".rds\")) # save for publication\n  }\n}\n\n# Create and save species specific centered and scaled data sets\nfor(species in species_list){\n  for(phase in phase_list){\n      \n    species_data <- data_complete %>%\n      filter(SPECIES_SHORT == species) %>%\n  #mutate(across(where(is.numeric) & !all_of(c(\"doy\", \"year\")), ~ as.numeric(scale(.x)))) # optional change to prevent matrix naming\n      mutate(across(where(is.numeric) & !all_of(c(\"doy\",\"year\")), scale)) #scale all numeric columns but day of year\n\n    saveRDS(species_data, paste0(path_output_data, \"/data_scaled_\", species, \"_\", gsub(\" \", \"_\", phase), \".rds\"))\n    \n    # Create scale object\n    # more info here: https://stats.stackexchange.com/questions/209784/rescale-predictions-of-regression-model-fitted-on-scaled-predictors\n    scale_object <- data_complete %>%\n      filter(SPECIES_SHORT == species) %>%\n      mutate(across(where(is.numeric), ~ scale(.x), .names = \"{.col}\")) %>%\n      reframe(across(where(is.numeric), ~ list(scale = attr(.x, \"scaled:scale\"), center = attr(.x, \"scaled:center\")))) %>% \n      mutate(scale = case_when(row_number() %% 2 == 0 ~ \"center\",\n                               TRUE ~ \"scale\"\n                               )) %>%\n      pivot_longer(cols=1:(ncol(.) - 1), names_to = \"variable\", values_to = \"scale_info\") %>%\n      pivot_wider(everything(), names_from = scale, values_from = scale_info) %>%\n      mutate(across(c(scale, center), unlist)) %>%\n      split(.$variable)\n\n    saveRDS(scale_object, paste0(path_output_data, \"/scale_list_\", species, \"_\", gsub(\" \", \"_\", phase), \".rds\"))\n  }\n}\n```"},"formats":{"html":{"identifier":{"display-name":"HTML","target-format":"html","base-format":"html"},"execute":{"fig-width":8,"fig-height":4,"fig-format":"retina","fig-dpi":96,"df-print":"paged","error":false,"eval":true,"cache":null,"freeze":false,"echo":false,"output":"html_document","warning":false,"include":true,"keep-md":false,"keep-ipynb":false,"ipynb":null,"enabled":null,"daemon":null,"daemon-restart":false,"debug":false,"ipynb-filters":[],"ipynb-shell-interactivity":null,"plotly-connected":true,"message":false,"engine":"knitr"},"render":{"keep-tex":false,"keep-typ":false,"keep-source":false,"keep-hidden":false,"prefer-html":false,"output-divs":true,"output-ext":"html","fig-align":"default","fig-pos":null,"fig-env":null,"code-fold":true,"code-overflow":"wrap","code-link":false,"code-line-numbers":true,"code-tools":false,"tbl-colwidths":"auto","merge-includes":true,"inline-includes":false,"preserve-yaml":false,"latex-auto-mk":true,"latex-auto-install":true,"latex-clean":true,"latex-min-runs":1,"latex-max-runs":10,"latex-makeindex":"makeindex","latex-makeindex-opts":[],"latex-tlmgr-opts":[],"latex-input-paths":[],"latex-output-dir":null,"link-external-icon":false,"link-external-newwindow":false,"self-contained-math":false,"format-resources":[],"notebook-links":true},"pandoc":{"standalone":true,"wrap":"none","default-image-extension":"png","to":"html","highlight-style":"espresso","toc":true,"toc-depth":3,"include-in-header":{"text":"<script type=\"text/javascript\" src=\"C:/Users/iostovary/Documents/Data/00_helpers/zoom.js\"></script>"},"output-file":"2_model_input.html"},"language":{"toc-title-document":"Table of contents","toc-title-website":"On this page","related-formats-title":"Other Formats","related-notebooks-title":"Notebooks","source-notebooks-prefix":"Source","other-links-title":"Other Links","code-links-title":"Code Links","launch-dev-container-title":"Launch Dev Container","launch-binder-title":"Launch Binder","article-notebook-label":"Article Notebook","notebook-preview-download":"Download Notebook","notebook-preview-download-src":"Download Source","notebook-preview-back":"Back to Article","manuscript-meca-bundle":"MECA Bundle","section-title-abstract":"Abstract","section-title-appendices":"Appendices","section-title-footnotes":"Footnotes","section-title-references":"References","section-title-reuse":"Reuse","section-title-copyright":"Copyright","section-title-citation":"Citation","appendix-attribution-cite-as":"For attribution, please cite this work as:","appendix-attribution-bibtex":"BibTeX citation:","title-block-author-single":"Author","title-block-author-plural":"Authors","title-block-affiliation-single":"Affiliation","title-block-affiliation-plural":"Affiliations","title-block-published":"Published","title-block-modified":"Modified","title-block-keywords":"Keywords","callout-tip-title":"Tip","callout-note-title":"Note","callout-warning-title":"Warning","callout-important-title":"Important","callout-caution-title":"Caution","code-summary":"Code","code-tools-menu-caption":"Code","code-tools-show-all-code":"Show All Code","code-tools-hide-all-code":"Hide All Code","code-tools-view-source":"View Source","code-tools-source-code":"Source Code","tools-share":"Share","tools-download":"Download","code-line":"Line","code-lines":"Lines","copy-button-tooltip":"Copy to Clipboard","copy-button-tooltip-success":"Copied!","repo-action-links-edit":"Edit this page","repo-action-links-source":"View source","repo-action-links-issue":"Report an issue","back-to-top":"Back to top","search-no-results-text":"No results","search-matching-documents-text":"matching documents","search-copy-link-title":"Copy link to search","search-hide-matches-text":"Hide additional matches","search-more-match-text":"more match in this document","search-more-matches-text":"more matches in this document","search-clear-button-title":"Clear","search-text-placeholder":"","search-detached-cancel-button-title":"Cancel","search-submit-button-title":"Submit","search-label":"Search","toggle-section":"Toggle section","toggle-sidebar":"Toggle sidebar navigation","toggle-dark-mode":"Toggle dark mode","toggle-reader-mode":"Toggle reader mode","toggle-navigation":"Toggle navigation","crossref-fig-title":"Figure","crossref-tbl-title":"Table","crossref-lst-title":"Listing","crossref-thm-title":"Theorem","crossref-lem-title":"Lemma","crossref-cor-title":"Corollary","crossref-prp-title":"Proposition","crossref-cnj-title":"Conjecture","crossref-def-title":"Definition","crossref-exm-title":"Example","crossref-exr-title":"Exercise","crossref-ch-prefix":"Chapter","crossref-apx-prefix":"Appendix","crossref-sec-prefix":"Section","crossref-eq-prefix":"Equation","crossref-lof-title":"List of Figures","crossref-lot-title":"List of Tables","crossref-lol-title":"List of Listings","environment-proof-title":"Proof","environment-remark-title":"Remark","environment-solution-title":"Solution","listing-page-order-by":"Order By","listing-page-order-by-default":"Default","listing-page-order-by-date-asc":"Oldest","listing-page-order-by-date-desc":"Newest","listing-page-order-by-number-desc":"High to Low","listing-page-order-by-number-asc":"Low to High","listing-page-field-date":"Date","listing-page-field-title":"Title","listing-page-field-description":"Description","listing-page-field-author":"Author","listing-page-field-filename":"File Name","listing-page-field-filemodified":"Modified","listing-page-field-subtitle":"Subtitle","listing-page-field-readingtime":"Reading Time","listing-page-field-wordcount":"Word Count","listing-page-field-categories":"Categories","listing-page-minutes-compact":"{0} min","listing-page-category-all":"All","listing-page-no-matches":"No matching items","listing-page-words":"{0} words"},"metadata":{"lang":"en","fig-responsive":true,"quarto-version":"1.4.549","bibliography":["C:/Users/iostovary/Documents/Data/references.bib"],"csl":"C:/Users/iostovary/Documents/Data/citation_style_global-ecology-and-biogeography_mod_ostovary.csl","editor":"visual","page-layout":"full","code-summary":"Show the code","theme":"minty","code-folding":"hide","grid":{"body-width":"1100px"},"toc-location":"right","toc-float":{"collapsed":false,"number-sections":true},"editor_options":{"chunk_output_type":"inline"}},"extensions":{"book":{"multiFile":true}}}},"projectFormats":["html"]}