{"title":"Data exploration","markdown":{"yaml":{"editor":{"markdown":{"wrap":72}},"editor_options":{"chunk_output_type":"inline"},"execute":{"freeze":true}},"headingText":"Data exploration","containsRefs":false,"markdown":"\n\n\n```{r load-data, include=FALSE}\nlocation <- paste0(getwd())\nsource(paste0(\"../00_helpers/setup.R\")) #common libraries and custom functions\nsource(paste0(\"../00_helpers/species_and_phases.R\"))\n\nmodel_input <- readRDS(paste0(path_output_data, \"/model_input.rds\"))\nna <- readRDS(paste0(path_output_data, \"/data_na.rds\"))\n```\n\n## Parameter selection\n\nTo assess the impact of environmental parameters on phenological\nbehavior the following observation tree parameters are available:\n\n```{r tbl-data-overview}\n#| tbl-cap: Example of the available data for sampled trees at SPN sites.\n\ntable <- model_input %>%\n  slice_sample(n = 10) %>%\n  mutate_if(is.numeric, signif, digits = 3) %>%\n  datatable(rownames=FALSE, options = list(scrollX = TRUE, pageLength =5))\ntable\n```\n\n```{r fig-data-plot-unfolding, fig.cap=\"Time series for leaf unfolding. Grey lines represent the Q 0.05, mean and Q 0.95 day of year between 1996 and 2023.\"}\nmean_unfolding <- model_input %>%\n  filter(PHASE %like% \"unfolding\") %>%\n  group_by(SPECIES_SHORT) %>%\n  summarize(MEAN_UNFOLDING = mean(doy, na.rm = TRUE),\n            LOWE_UNFOLDING = quantile(doy, 0.05, na.rm = TRUE),\n            UPPE_UNFOLDING = quantile(doy, 0.95, na.rm = TRUE)) %>%\n  mutate_if(is.numeric, round, 0)\n\nsaveRDS(mean_unfolding, paste0(path_output_data, \"/mean_unfolding.rds\"))\n\nggplot(model_input %>% filter(PHASE %like% \"unfolding\"), aes(x= year, y=doy, group=METEO_ID, colour=METEO_ID))+\n  geom_point()+\n  geom_line()+\n  geom_hline(data=mean_unfolding, aes(yintercept=MEAN_UNFOLDING), colour=\"grey\")+\n  geom_hline(data=mean_unfolding, aes(yintercept=LOWE_UNFOLDING), alpha = 0.2) +\n  geom_hline(data=mean_unfolding, aes(yintercept=UPPE_UNFOLDING), alpha = 0.2) +\n  geom_text(data=mean_unfolding, aes(x=1970, y=MEAN_UNFOLDING + 2, label=MEAN_UNFOLDING), hjust=0, vjust=0, inherit.aes = FALSE)+\n  geom_text(data=mean_unfolding, aes(x=1970, y=LOWE_UNFOLDING + 2, label=LOWE_UNFOLDING), hjust=0, vjust=0, inherit.aes = FALSE)+\n  geom_text(data=mean_unfolding, aes(x=1970, y=UPPE_UNFOLDING + 2, label=UPPE_UNFOLDING), hjust=0, vjust=0, inherit.aes = FALSE)+\n  facet_wrap(~SPECIES_SHORT, scales = \"fixed\", ncol=2)+\n  theme_report(legend.position = \"none\")\n```\n\n```{r tbl-na-overview}\n#| tbl-cap: All rows and columns with na values.\n\nfor(species in species_list) {\n  for(phase in phase_list){\n    table <- na %>%\n      filter(SPECIES_SHORT == species) %>%\n      datatable(rownames=FALSE, options = list(scrollX = TRUE, pageLength = 5))\n    print(table)\n    }\n  }\n```\n\nIn total there were `r na %>% summarize(NA_COUNT = n())` NAs. The major\ncause of NAs in the leaf unfolding data sets is missing leaf colouring\nobservations of the previous year.\n\n## Correlations between day of year and potential explanatory variables\n\n### Overview\n\nAll parameters except cooling and elevation have a non-linear relationship with day of year. In most cases it can be described with a quadratic / polynomial second degree term and some of the non-linear relationships e.g. Fagus sylvatica and warming are so shallow they might be fitted with a linear term. Competition parameters such as basal area or the hegyi are were not very robust due to frequent wind throws or harvesting operations in the past at many sites. Therefore, social situation was used to assess competition.\n\n```{r pairs-functions, warning =FALSE, include=FALSE}\npair_unfold <- model_input %>% rename_fun() %>% \n  select(SPECIES_SHORT, PHASE, is.numeric, GDD_conservative, GDD_mainstream, -DOY_DATE_ROUNDED, -starts_with(\"stat\"),\n         #-DN_SUM, -DTR_SUM,\n         -leaf_unfolding_50_percent) %>%\n  pivot_longer(cols=-c(doy, SPECIES_SHORT, PHASE), names_to = \"PARAMETER\", values_to=\"VALUE\")\n\nquickpairs_fun <- function(data, species, phase, title = NULL) {\n  filtered_data <- data %>%\n    filter(SPECIES_SHORT %like% species, PHASE %like% phase)\n  \n  if (nrow(filtered_data) > 0) {\n    plot <- ggplot(data = filtered_data, aes(x = VALUE, y = doy)) +\n      geom_point(shape = 1, colour = \"grey\", alpha = 0.5) +\n      geom_smooth(colour = \"#69757C\", method = \"loess\", se = FALSE) +\n      geom_smooth(aes(color = SPECIES_SHORT), method = \"lm\", se = FALSE) +\n      species_short_color_scale() +\n      facet_wrap(~PARAMETER, scales = \"free\", ncol = 5) +\n      xlab(\"Explanatory variable\") +\n      ylab(\"Day of year\") +\n      theme_report(angle = 90,\n                   border.width = 0\n                   ) +\n      theme(legend.position = \"none\")  # Hide the legend if not needed\n\n    if (!is.null(title)) {\n      plot <- plot + ggtitle(title)\n    }\n    \n    return(plot)\n  } else {\n    return(NULL)  # Return NULL if no data is available\n  }\n}\n\npairs_box_fun <- function(data, species, phase, title = NULL) {\n  filtered_data <- data %>%\n    filter(SPECIES_SHORT %like% species, PHASE %like% phase)\n  \n  if (nrow(filtered_data) > 0) {\n    plot <- ggplot(data = filtered_data, aes(x = VALUE, y = doy)) +\n      geom_boxplot(aes(fill = SPECIES_SHORT), alpha=0.5, outlier.shape=8, outlier.size=1) +\n      geom_jitter(shape = 1, colour = \"#555F6A\", alpha = 0.5) +\n      species_short_fill_scale() +\n      facet_wrap(~PARAMETER, scales = \"free\", ncol = 3) +\n      xlab(\"Explanatory variable\") +\n      ylab(\"Day of year\") +\n      theme_report(angle = 90,\n                   border.width = 0\n                   ) +\n      theme(legend.position = \"none\")\n\n    if (!is.null(title)) {\n      plot <- plot + ggtitle(title)\n    }\n    \n    return(plot)\n  } else {\n    return(NULL)  # Return NULL if no data is available\n  }\n}\n\npair_box <- model_input %>%\n  dplyr::select(SPECIES_SHORT, PHASE, doy, LAND_USE, OBSERVATION_TYPE, ROOT_AREA_ARTIFICIALLY_LIMITED, SOCIAL_SITUATION) %>%\n  pivot_longer(cols=-c(doy, SPECIES_SHORT, PHASE), names_to = \"PARAMETER\", values_to=\"VALUE\")\n```\n\n```{r fig-pairs-grouped, fig.width = 10, fig.height=15}\nggplot(data = model_input %>%\n         select(SPECIES_SHORT, PHASE, is.numeric, -DOY_DATE_ROUNDED, -starts_with(\"stat\"), -leaf_unfolding_50_percent) %>%\n         pivot_longer(cols=-c(doy, SPECIES_SHORT, PHASE), names_to = \"PARAMETER\", values_to=\"VALUE\") %>%\n         filter(PHASE %like% \"unfold\"),\n       aes(x = VALUE, y = doy, group=SPECIES_SHORT, colour=SPECIES_SHORT)) +\n  geom_smooth(method = \"loess\", se = FALSE, linewidth=1) +\n  facet_wrap(~PARAMETER, scales = \"free\", ncol = 5) +\n  xlab(\"Explanatory variable\") +\n  ylab(\"Day of year\") +\n  species_short_color_scale() +\n  theme_report(angle = 90, legend.position = \"top\")\n```\n\n### Detailed plots\n\n#### Fagus sylvatica\n\n```{r fig-pairs-scatter-unfolding-fs, warning=FALSE, include=TRUE, fig.width = 10, fig.height=15, fig.cap=\"Pairs plots of all available continuous parameters fitted with linear and loess curves for leaf unfolding of Fagus sylvativa.\"}\nquickpairs_fun(pair_unfold, \"FS\", \"unfo\", title=\"Fagus sylvatica\")\n```\n\n```{r fig-pairs-box-unfolding-fs, warning=FALSE, include=TRUE, fig.height=8, fig.cap=\"Pairs plots of selected categorical parameters for leaf unfolding of Fagus sylvativa.\"}\npairs_box_fun(pair_box, \"FS\", \"unfo\", title=\"Fagus sylvatica\")\n```\n\n#### Larix decidua\n\n```{r fig-pairs-scatter-unfolding-ld, warning=FALSE, include=TRUE, fig.width = 10, fig.height=15, fig.cap=\"Pairs plots of all available continuous parameters fitted with linear and loess curves for leaf unfolding of Larix decidua.\"}\nquickpairs_fun(pair_unfold, \"LD\", \"unfo\", title=\"Larix decidua\")\n```\n\n```{r fig-pairs-box-unfolding-ld, warning=FALSE, include=TRUE, fig.height=8, fig.cap=\"Pairs plots of selected categorical parameters for leaf unfolding of Larix decidua.\"}\npairs_box_fun(pair_box, \"LD\", \"unfo\", title=\"Larix decidua\")\n```\n\n#### Picea abies\n\n```{r fig-pairs-scatter-unfolding-pa, warning=FALSE, include=TRUE, fig.width = 10, fig.height=15, fig.cap=\"Pairs plots of all available continuous parameters fitted with linear and loess curves for leaf unfolding of Picea abies.\"}\nquickpairs_fun(pair_unfold, \"PA\", \"unfo\", title=\"Picea abies\")\n```\n\n```{r fig-pairs-box-unfolding-pa, warning=FALSE, include=TRUE, fig.height=8, fig.cap=\"Pairs plots of selected categorical parameters for leaf unfolding of Picea abies.\"}\npairs_box_fun(pair_box, \"PA\", \"unfo\", title=\"Picea abies\")\n```\n\n#### Tilia cordata\n\n```{r fig-pairs-scatter-unfolding-tc, warning=FALSE, include=TRUE, fig.width = 10, fig.height=15, fig.cap=\"Pairs plots of all available continuous parameters fitted with linear and loess curves for leaf unfolding of Tilia cordata.\"}\nquickpairs_fun(pair_unfold, \"TC\", \"unfo\", title=\"Tilia cordata\")\n```\n\n```{r fig-pairs-box-unfolding-tc, warning=FALSE, include=TRUE, fig.height=8, fig.cap=\"Pairs plots of selected categorical parameters for leaf unfolding of Tilia cordata.\"}\npairs_box_fun(pair_box, \"TC\", \"unfo\", title=\"Tilia cordata\")\n```","srcMarkdownNoYaml":"\n\n# Data exploration\n\n```{r load-data, include=FALSE}\nlocation <- paste0(getwd())\nsource(paste0(\"../00_helpers/setup.R\")) #common libraries and custom functions\nsource(paste0(\"../00_helpers/species_and_phases.R\"))\n\nmodel_input <- readRDS(paste0(path_output_data, \"/model_input.rds\"))\nna <- readRDS(paste0(path_output_data, \"/data_na.rds\"))\n```\n\n## Parameter selection\n\nTo assess the impact of environmental parameters on phenological\nbehavior the following observation tree parameters are available:\n\n```{r tbl-data-overview}\n#| tbl-cap: Example of the available data for sampled trees at SPN sites.\n\ntable <- model_input %>%\n  slice_sample(n = 10) %>%\n  mutate_if(is.numeric, signif, digits = 3) %>%\n  datatable(rownames=FALSE, options = list(scrollX = TRUE, pageLength =5))\ntable\n```\n\n```{r fig-data-plot-unfolding, fig.cap=\"Time series for leaf unfolding. Grey lines represent the Q 0.05, mean and Q 0.95 day of year between 1996 and 2023.\"}\nmean_unfolding <- model_input %>%\n  filter(PHASE %like% \"unfolding\") %>%\n  group_by(SPECIES_SHORT) %>%\n  summarize(MEAN_UNFOLDING = mean(doy, na.rm = TRUE),\n            LOWE_UNFOLDING = quantile(doy, 0.05, na.rm = TRUE),\n            UPPE_UNFOLDING = quantile(doy, 0.95, na.rm = TRUE)) %>%\n  mutate_if(is.numeric, round, 0)\n\nsaveRDS(mean_unfolding, paste0(path_output_data, \"/mean_unfolding.rds\"))\n\nggplot(model_input %>% filter(PHASE %like% \"unfolding\"), aes(x= year, y=doy, group=METEO_ID, colour=METEO_ID))+\n  geom_point()+\n  geom_line()+\n  geom_hline(data=mean_unfolding, aes(yintercept=MEAN_UNFOLDING), colour=\"grey\")+\n  geom_hline(data=mean_unfolding, aes(yintercept=LOWE_UNFOLDING), alpha = 0.2) +\n  geom_hline(data=mean_unfolding, aes(yintercept=UPPE_UNFOLDING), alpha = 0.2) +\n  geom_text(data=mean_unfolding, aes(x=1970, y=MEAN_UNFOLDING + 2, label=MEAN_UNFOLDING), hjust=0, vjust=0, inherit.aes = FALSE)+\n  geom_text(data=mean_unfolding, aes(x=1970, y=LOWE_UNFOLDING + 2, label=LOWE_UNFOLDING), hjust=0, vjust=0, inherit.aes = FALSE)+\n  geom_text(data=mean_unfolding, aes(x=1970, y=UPPE_UNFOLDING + 2, label=UPPE_UNFOLDING), hjust=0, vjust=0, inherit.aes = FALSE)+\n  facet_wrap(~SPECIES_SHORT, scales = \"fixed\", ncol=2)+\n  theme_report(legend.position = \"none\")\n```\n\n```{r tbl-na-overview}\n#| tbl-cap: All rows and columns with na values.\n\nfor(species in species_list) {\n  for(phase in phase_list){\n    table <- na %>%\n      filter(SPECIES_SHORT == species) %>%\n      datatable(rownames=FALSE, options = list(scrollX = TRUE, pageLength = 5))\n    print(table)\n    }\n  }\n```\n\nIn total there were `r na %>% summarize(NA_COUNT = n())` NAs. The major\ncause of NAs in the leaf unfolding data sets is missing leaf colouring\nobservations of the previous year.\n\n## Correlations between day of year and potential explanatory variables\n\n### Overview\n\nAll parameters except cooling and elevation have a non-linear relationship with day of year. In most cases it can be described with a quadratic / polynomial second degree term and some of the non-linear relationships e.g. Fagus sylvatica and warming are so shallow they might be fitted with a linear term. Competition parameters such as basal area or the hegyi are were not very robust due to frequent wind throws or harvesting operations in the past at many sites. Therefore, social situation was used to assess competition.\n\n```{r pairs-functions, warning =FALSE, include=FALSE}\npair_unfold <- model_input %>% rename_fun() %>% \n  select(SPECIES_SHORT, PHASE, is.numeric, GDD_conservative, GDD_mainstream, -DOY_DATE_ROUNDED, -starts_with(\"stat\"),\n         #-DN_SUM, -DTR_SUM,\n         -leaf_unfolding_50_percent) %>%\n  pivot_longer(cols=-c(doy, SPECIES_SHORT, PHASE), names_to = \"PARAMETER\", values_to=\"VALUE\")\n\nquickpairs_fun <- function(data, species, phase, title = NULL) {\n  filtered_data <- data %>%\n    filter(SPECIES_SHORT %like% species, PHASE %like% phase)\n  \n  if (nrow(filtered_data) > 0) {\n    plot <- ggplot(data = filtered_data, aes(x = VALUE, y = doy)) +\n      geom_point(shape = 1, colour = \"grey\", alpha = 0.5) +\n      geom_smooth(colour = \"#69757C\", method = \"loess\", se = FALSE) +\n      geom_smooth(aes(color = SPECIES_SHORT), method = \"lm\", se = FALSE) +\n      species_short_color_scale() +\n      facet_wrap(~PARAMETER, scales = \"free\", ncol = 5) +\n      xlab(\"Explanatory variable\") +\n      ylab(\"Day of year\") +\n      theme_report(angle = 90,\n                   border.width = 0\n                   ) +\n      theme(legend.position = \"none\")  # Hide the legend if not needed\n\n    if (!is.null(title)) {\n      plot <- plot + ggtitle(title)\n    }\n    \n    return(plot)\n  } else {\n    return(NULL)  # Return NULL if no data is available\n  }\n}\n\npairs_box_fun <- function(data, species, phase, title = NULL) {\n  filtered_data <- data %>%\n    filter(SPECIES_SHORT %like% species, PHASE %like% phase)\n  \n  if (nrow(filtered_data) > 0) {\n    plot <- ggplot(data = filtered_data, aes(x = VALUE, y = doy)) +\n      geom_boxplot(aes(fill = SPECIES_SHORT), alpha=0.5, outlier.shape=8, outlier.size=1) +\n      geom_jitter(shape = 1, colour = \"#555F6A\", alpha = 0.5) +\n      species_short_fill_scale() +\n      facet_wrap(~PARAMETER, scales = \"free\", ncol = 3) +\n      xlab(\"Explanatory variable\") +\n      ylab(\"Day of year\") +\n      theme_report(angle = 90,\n                   border.width = 0\n                   ) +\n      theme(legend.position = \"none\")\n\n    if (!is.null(title)) {\n      plot <- plot + ggtitle(title)\n    }\n    \n    return(plot)\n  } else {\n    return(NULL)  # Return NULL if no data is available\n  }\n}\n\npair_box <- model_input %>%\n  dplyr::select(SPECIES_SHORT, PHASE, doy, LAND_USE, OBSERVATION_TYPE, ROOT_AREA_ARTIFICIALLY_LIMITED, SOCIAL_SITUATION) %>%\n  pivot_longer(cols=-c(doy, SPECIES_SHORT, PHASE), names_to = \"PARAMETER\", values_to=\"VALUE\")\n```\n\n```{r fig-pairs-grouped, fig.width = 10, fig.height=15}\nggplot(data = model_input %>%\n         select(SPECIES_SHORT, PHASE, is.numeric, -DOY_DATE_ROUNDED, -starts_with(\"stat\"), -leaf_unfolding_50_percent) %>%\n         pivot_longer(cols=-c(doy, SPECIES_SHORT, PHASE), names_to = \"PARAMETER\", values_to=\"VALUE\") %>%\n         filter(PHASE %like% \"unfold\"),\n       aes(x = VALUE, y = doy, group=SPECIES_SHORT, colour=SPECIES_SHORT)) +\n  geom_smooth(method = \"loess\", se = FALSE, linewidth=1) +\n  facet_wrap(~PARAMETER, scales = \"free\", ncol = 5) +\n  xlab(\"Explanatory variable\") +\n  ylab(\"Day of year\") +\n  species_short_color_scale() +\n  theme_report(angle = 90, legend.position = \"top\")\n```\n\n### Detailed plots\n\n#### Fagus sylvatica\n\n```{r fig-pairs-scatter-unfolding-fs, warning=FALSE, include=TRUE, fig.width = 10, fig.height=15, fig.cap=\"Pairs plots of all available continuous parameters fitted with linear and loess curves for leaf unfolding of Fagus sylvativa.\"}\nquickpairs_fun(pair_unfold, \"FS\", \"unfo\", title=\"Fagus sylvatica\")\n```\n\n```{r fig-pairs-box-unfolding-fs, warning=FALSE, include=TRUE, fig.height=8, fig.cap=\"Pairs plots of selected categorical parameters for leaf unfolding of Fagus sylvativa.\"}\npairs_box_fun(pair_box, \"FS\", \"unfo\", title=\"Fagus sylvatica\")\n```\n\n#### Larix decidua\n\n```{r fig-pairs-scatter-unfolding-ld, warning=FALSE, include=TRUE, fig.width = 10, fig.height=15, fig.cap=\"Pairs plots of all available continuous parameters fitted with linear and loess curves for leaf unfolding of Larix decidua.\"}\nquickpairs_fun(pair_unfold, \"LD\", \"unfo\", title=\"Larix decidua\")\n```\n\n```{r fig-pairs-box-unfolding-ld, warning=FALSE, include=TRUE, fig.height=8, fig.cap=\"Pairs plots of selected categorical parameters for leaf unfolding of Larix decidua.\"}\npairs_box_fun(pair_box, \"LD\", \"unfo\", title=\"Larix decidua\")\n```\n\n#### Picea abies\n\n```{r fig-pairs-scatter-unfolding-pa, warning=FALSE, include=TRUE, fig.width = 10, fig.height=15, fig.cap=\"Pairs plots of all available continuous parameters fitted with linear and loess curves for leaf unfolding of Picea abies.\"}\nquickpairs_fun(pair_unfold, \"PA\", \"unfo\", title=\"Picea abies\")\n```\n\n```{r fig-pairs-box-unfolding-pa, warning=FALSE, include=TRUE, fig.height=8, fig.cap=\"Pairs plots of selected categorical parameters for leaf unfolding of Picea abies.\"}\npairs_box_fun(pair_box, \"PA\", \"unfo\", title=\"Picea abies\")\n```\n\n#### Tilia cordata\n\n```{r fig-pairs-scatter-unfolding-tc, warning=FALSE, include=TRUE, fig.width = 10, fig.height=15, fig.cap=\"Pairs plots of all available continuous parameters fitted with linear and loess curves for leaf unfolding of Tilia cordata.\"}\nquickpairs_fun(pair_unfold, \"TC\", \"unfo\", title=\"Tilia cordata\")\n```\n\n```{r fig-pairs-box-unfolding-tc, warning=FALSE, include=TRUE, fig.height=8, fig.cap=\"Pairs plots of selected categorical parameters for leaf unfolding of Tilia cordata.\"}\npairs_box_fun(pair_box, \"TC\", \"unfo\", title=\"Tilia cordata\")\n```"},"formats":{"html":{"identifier":{"display-name":"HTML","target-format":"html","base-format":"html"},"execute":{"fig-width":8,"fig-height":4,"fig-format":"retina","fig-dpi":96,"df-print":"paged","error":false,"eval":true,"cache":null,"freeze":true,"echo":false,"output":true,"warning":false,"include":true,"keep-md":false,"keep-ipynb":false,"ipynb":null,"enabled":null,"daemon":null,"daemon-restart":false,"debug":false,"ipynb-filters":[],"ipynb-shell-interactivity":null,"plotly-connected":true,"message":false,"engine":"knitr"},"render":{"keep-tex":false,"keep-typ":false,"keep-source":false,"keep-hidden":false,"prefer-html":false,"output-divs":true,"output-ext":"html","fig-align":"default","fig-pos":null,"fig-env":null,"code-fold":true,"code-overflow":"wrap","code-link":false,"code-line-numbers":true,"code-tools":false,"tbl-colwidths":"auto","merge-includes":true,"inline-includes":false,"preserve-yaml":false,"latex-auto-mk":true,"latex-auto-install":true,"latex-clean":true,"latex-min-runs":1,"latex-max-runs":10,"latex-makeindex":"makeindex","latex-makeindex-opts":[],"latex-tlmgr-opts":[],"latex-input-paths":[],"latex-output-dir":null,"link-external-icon":false,"link-external-newwindow":false,"self-contained-math":false,"format-resources":[],"notebook-links":true},"pandoc":{"standalone":true,"wrap":"none","default-image-extension":"png","to":"html","highlight-style":"espresso","toc":true,"toc-depth":3,"include-in-header":{"text":"<script type=\"text/javascript\" src=\"C:/Users/iostovary/Documents/Data/00_helpers/zoom.js\"></script>"},"output-file":"3_data_exploration.html"},"language":{"toc-title-document":"Table of contents","toc-title-website":"On this page","related-formats-title":"Other Formats","related-notebooks-title":"Notebooks","source-notebooks-prefix":"Source","other-links-title":"Other Links","code-links-title":"Code Links","launch-dev-container-title":"Launch Dev Container","launch-binder-title":"Launch Binder","article-notebook-label":"Article Notebook","notebook-preview-download":"Download Notebook","notebook-preview-download-src":"Download Source","notebook-preview-back":"Back to Article","manuscript-meca-bundle":"MECA Bundle","section-title-abstract":"Abstract","section-title-appendices":"Appendices","section-title-footnotes":"Footnotes","section-title-references":"References","section-title-reuse":"Reuse","section-title-copyright":"Copyright","section-title-citation":"Citation","appendix-attribution-cite-as":"For attribution, please cite this work as:","appendix-attribution-bibtex":"BibTeX citation:","title-block-author-single":"Author","title-block-author-plural":"Authors","title-block-affiliation-single":"Affiliation","title-block-affiliation-plural":"Affiliations","title-block-published":"Published","title-block-modified":"Modified","title-block-keywords":"Keywords","callout-tip-title":"Tip","callout-note-title":"Note","callout-warning-title":"Warning","callout-important-title":"Important","callout-caution-title":"Caution","code-summary":"Code","code-tools-menu-caption":"Code","code-tools-show-all-code":"Show All Code","code-tools-hide-all-code":"Hide All Code","code-tools-view-source":"View Source","code-tools-source-code":"Source Code","tools-share":"Share","tools-download":"Download","code-line":"Line","code-lines":"Lines","copy-button-tooltip":"Copy to Clipboard","copy-button-tooltip-success":"Copied!","repo-action-links-edit":"Edit this page","repo-action-links-source":"View source","repo-action-links-issue":"Report an issue","back-to-top":"Back to top","search-no-results-text":"No results","search-matching-documents-text":"matching documents","search-copy-link-title":"Copy link to search","search-hide-matches-text":"Hide additional matches","search-more-match-text":"more match in this document","search-more-matches-text":"more matches in this document","search-clear-button-title":"Clear","search-text-placeholder":"","search-detached-cancel-button-title":"Cancel","search-submit-button-title":"Submit","search-label":"Search","toggle-section":"Toggle section","toggle-sidebar":"Toggle sidebar navigation","toggle-dark-mode":"Toggle dark mode","toggle-reader-mode":"Toggle reader mode","toggle-navigation":"Toggle navigation","crossref-fig-title":"Figure","crossref-tbl-title":"Table","crossref-lst-title":"Listing","crossref-thm-title":"Theorem","crossref-lem-title":"Lemma","crossref-cor-title":"Corollary","crossref-prp-title":"Proposition","crossref-cnj-title":"Conjecture","crossref-def-title":"Definition","crossref-exm-title":"Example","crossref-exr-title":"Exercise","crossref-ch-prefix":"Chapter","crossref-apx-prefix":"Appendix","crossref-sec-prefix":"Section","crossref-eq-prefix":"Equation","crossref-lof-title":"List of Figures","crossref-lot-title":"List of Tables","crossref-lol-title":"List of Listings","environment-proof-title":"Proof","environment-remark-title":"Remark","environment-solution-title":"Solution","listing-page-order-by":"Order By","listing-page-order-by-default":"Default","listing-page-order-by-date-asc":"Oldest","listing-page-order-by-date-desc":"Newest","listing-page-order-by-number-desc":"High to Low","listing-page-order-by-number-asc":"Low to High","listing-page-field-date":"Date","listing-page-field-title":"Title","listing-page-field-description":"Description","listing-page-field-author":"Author","listing-page-field-filename":"File Name","listing-page-field-filemodified":"Modified","listing-page-field-subtitle":"Subtitle","listing-page-field-readingtime":"Reading Time","listing-page-field-wordcount":"Word Count","listing-page-field-categories":"Categories","listing-page-minutes-compact":"{0} min","listing-page-category-all":"All","listing-page-no-matches":"No matching items","listing-page-words":"{0} words"},"metadata":{"lang":"en","fig-responsive":true,"quarto-version":"1.4.549","bibliography":["C:/Users/iostovary/Documents/Data/references.bib"],"csl":"C:/Users/iostovary/Documents/Data/citation_style_global-ecology-and-biogeography_mod_ostovary.csl","editor":{"markdown":{"wrap":72}},"page-layout":"full","code-summary":"Show the code","theme":"minty","code-folding":"hide","grid":{"body-width":"1100px"},"toc-location":"right","toc-float":{"collapsed":false,"number-sections":true},"editor_options":{"chunk_output_type":"inline"}},"extensions":{"book":{"multiFile":true}}}},"projectFormats":["html"]}