{"title":"Larix decidua","markdown":{"yaml":{"output":"html_document","editor_options":{"chunk_output_type":"inline"},"execute":{"freeze":false},"format":{"html":{"fig-width":12,"fig-height":10}}},"headingText":"Larix decidua","containsRefs":false,"markdown":"\n\n```{r parameters, include=FALSE}\nphase <- \"leaf unfolding\"\nspecies <- \"LD\"\n```\n\n\n```{r source, include=FALSE}\nlocation <- paste0(getwd())\nsource(paste0(\"../00_helpers/setup.R\")) #common libraries and custom functions\nsource(paste0(\"../00_helpers/species_and_phases.R\"))\n\nlib_residual <- c(\n  \"nlme\",\n  \"HLMdiag\") # influence statistics for lme objects\npackage_fun(lib_residual, \"residuals\")\n```\n\n```{r load-data, include=FALSE}\nmodel_filter <- readRDS(paste0(path_own_data, \"/model_filter.rds\"))\n\naugment <- readRDS(paste0(path_output_data, \"/augment_\", species, \"_\", gsub (\" \", \"_\", phase), \".rds\")) %>%\n  filter(model_name %in% model_filter) %>%\n  mutate(model_name = case_when(model_name == \"best_con_1\" ~ \"best model\",\n                                model_name == \"ref_true_con_int\" ~ \"traditional model\",\n                                model_name == \"ref_imp_con_int\" ~ \"refined model\",\n                                model_name == \"parsimonious_con_d2a\" ~ \"parsimonious 1\",\n                                model_name == \"parsimonious_con_d2b\" ~ \"parsimonious 2\",\n                                model_name == \"parsimonious_con_d2c\" ~ \"parsimonious 3\",\n                                TRUE ~ model_name),\n         model_name = factor(model_name, levels = unique(model_name)))\nmodels <- readRDS(paste0(path_output_data, \"/models_\", species, \"_\", gsub (\" \", \"_\", phase), \".rds\")) %>%\n  filter(model_name %in% model_filter) %>%\n  mutate(model_name = case_when(model_name == \"best_con_1\" ~ \"best model\",\n                                model_name == \"ref_true_con_int\" ~ \"traditional model\",\n                                model_name == \"ref_imp_con_int\" ~ \"refined model\",\n                                model_name == \"parsimonious_con_d2a\" ~ \"parsimonious 1\",\n                                model_name == \"parsimonious_con_d2b\" ~ \"parsimonious 2\",\n                                model_name == \"parsimonious_con_d2c\" ~ \"parsimonious 3\",\n                                TRUE ~ model_name),\n         model_name = factor(model_name, levels = unique(model_name))) %>% \n  select(model_name, model, terms)\n```\n\n## Multicollinearity\n\n```{r multicollinearity, results='hide'}\nsource(paste0(path_helpers, \"/HighstatLib.R\"))\n\nmulticol <- models %>%\n  filter(model_name != \"model_00\") %>%\n  mutate(terms = map(model, ~ all.vars(.x$terms)),\n         multicollinearity = map2(model, terms, ~ .x$data %>%\n                                    select(all_of(.y)) %>%\n                                    select_if(is.numeric) %>%\n                                    as.data.frame() %>%\n                                    corvif() %>%\n                                    rownames_to_column(var = \"PARAMETER\"))) %>%\n  select(model_name, multicollinearity) %>%\n  unnest(multicollinearity)\n```\n\n```{r fig-multicollinearity-table, fig.cap=\"Variance inflation factors (VIF) of all models.\"}\nggplot(multicol %>% mutate_if(is.numeric, round, 2), aes(x = PARAMETER, y = GVIF, colour=model_name)) +\n  geom_jitter(shape=21, width=0.2, size = 2) +\n  geom_hline(yintercept = 5, linetype = \"dashed\", color = \"red\") +\n  geom_hline(yintercept = 3, linetype = \"dashed\", color = \"grey\") +\n  xlab(\"Term\") +\n  ylab(\"GVIF\") +\n  theme_report(angle=90, legend.position = \"right\")\n```\n\n## Normality\n\n### Residuals\n\n```{r fig-qq-fixed, fig.cap=\"Quantile quantile plot of residuals of fixed effects.\"}\nggplot(augment, aes(sample = .resid)) +\n  stat_qq(shape=1) +\n  stat_qq_line()+\n  facet_wrap(~model_name, scales = \"fixed\") +\n  xlab(\"Theoretical quantiles\") +\n  ylab(\"Sample quantiles\") +\n  theme_report()\n```\n\n### Estimated random effects\n\n```{r ranef-extract-fun}\nextract_random_effects <- function(model) {\n  ranef_data <- ranef(model)\n  if (is.list(ranef_data)) {\n    # Nested random effects\n    map(ranef_data, ~ as.data.frame(.x) %>% rename(\"Intercept\" = 1)) %>%\n      bind_rows(.id = \"level\")\n  } else {\n    # Simple random effects\n    ranef_data %>%\n      as.data.frame() %>%\n      rename(\"Intercept\" = 1)\n  }\n}\n```\n\n```{r ranef-extract}\nrandom <- models %>%\n  mutate(random = map(model, ~ extract_random_effects(.x) %>% as.data.frame())) %>% \n  select(model_name, random) %>% \n  unnest(random) %>%\n  mutate(level = case_when(level == \"(Intercept)\" ~ \"METEO_ID\",\n                           TRUE ~ level))\n```\n\n```{r fig-qq-random-meteo, fig.cap=\"Quantile quantile plot of residuals of random effects for METEO_ID.\"}\nggplot(random %>% filter(level == \"METEO_ID\"), aes(sample  = Intercept)) +\n  stat_qq(shape=1) +\n  stat_qq_line()+\n  facet_wrap(~model_name, scales = \"free\") +\n  xlab(\"Theoretical quantiles\") +\n  ylab(\"Sample quantiles\") +\n  theme_report()\n```\n\n## Homoscedasticity\n\n```{r fig-scale-location, fig.cap=\"Scale-location plot.\"}\nggplot(augment, mapping = aes(y = sqrt(abs(.resid)), x = .fitted)) +\n    geom_point(shape=1, colour=\"grey\") +\n    geom_smooth(se=FALSE, method = \"loess\")+\n    facet_wrap(~model_name, scales = \"fixed\") +\n    theme_report()\n```\n\n## Expected error\n\n```{r fig-residual-vs-fitted, fig.cap=\"Residuals vs. fitted plot (Tukey-Ascombe plot).\"}\nggplot(augment, aes(x = .fitted, y = .resid)) +\n  geom_point(shape=1, colour=\"grey\") +\n  geom_abline(intercept = 0, slope = 0) +\n  geom_smooth(se=FALSE, method = \"loess\") +\n  facet_wrap(~model_name, scales = \"fixed\") +\n  theme_report()\n```\n\n## Residuals against predictors\n\n```{r}\n\nfig_fun <- function(PARAMETER) {\n  PARAMETER <- sym(PARAMETER)  # Convert character to symbol\n\n  ggplot(data = augment %>% filter(!is.na(!!PARAMETER)), aes(x = !!PARAMETER, y = .resid)) +\n    geom_point(shape = 1, colour = \"grey\") +\n    geom_abline(intercept = 0, slope = 0) +\n    geom_smooth(\n      data = augment %>% filter(!is.na(!!PARAMETER) & !is.na(.resid)),\n      se = FALSE, method = \"loess\"\n    ) +\n    facet_wrap(~model_name, scales = \"fixed\", drop = FALSE) +\n    theme_report()\n}\n\n```\n\n```{r fig-residual-vs-predictor-gdd-cons, fig.cap=\"Residuals vs. predictor variable GDD_conservative.\"}\nfig_fun(\"GDD_conservative\")\n```\n\n```{r fig-residual-vs-predictor-drought, fig.cap=\"Residuals vs. predictor variable CWB.\"}\nfig_fun(\"DROUGHT\")\n```\n\n```{r fig-residual-vs-predictor-awc, fig.cap=\"Residuals vs. predictor variable AWC.\"}\nfig_fun(\"AWC\")\n```\n\n```{r fig-residual-vs-predictor-elevation, fig.cap=\"Residuals vs. predictor variable TREE_ELEVATION.\"}\nfig_fun(\"TREE_ELEVATION\")\n```\n\n```{r fig-residual-vs-predictor-slope-aspect-inclination, fig.cap=\"Residuals vs. predictor variable SLOPE_INCLINATION_DEG.\"}\nfig_fun(\"SLOPE_INCLINATION_DEG\")\n```\n\n```{r fig-residual-vs-predictor-slope-aspect-hl, fig.cap=\"Residuals vs. predictor variable SLOPE_ASPECT_HL.\"}\nfig_fun(\"SLOPE_ASPECT_HL\")\n```\n\n```{r fig-residual-vs-predictor-social-situation, fig.cap=\"Residuals vs. predictor variable SOCIAL_SITUATION.\"}\nfig_fun(\"SOCIAL_SITUATION\")\n```\n\n```{r fig-residual-vs-predictor-tree-height, fig.cap=\"Residuals vs. predictor variable TREE_HEIGHT.\"}\nfig_fun(\"TREE_HEIGHT\")\n```\n\n```{r fig-residual-vs-predictor-stand-height, fig.cap=\"Residuals vs. predictor variable STAND_HEIGHT.\"}\nfig_fun(\"STAND_HEIGHT\")\n```\n\n## Temporal correlation\n\n```{r fig-temporal-all, warning=FALSE, fig.cap=\"Residuals vs. year for each model.\"}\nggplot() +\n  geom_point(data = augment, aes(y = .resid, x = year, group=METEO_ID), shape=1, colour=\"grey\")+\n  geom_hline(yintercept = 0) +\n  geom_smooth(data = augment, aes(y = .resid, x = year, group=METEO_ID), se=FALSE, size=0.5)+\n  geom_smooth(data = augment, aes(y = .resid, x = year), se=FALSE, size=1.5, colour=\"#00008B\")+\n  facet_wrap(~model_name, scales = \"fixed\", drop=FALSE)+\n  theme_report(angle=90)\n```\n\n```{r fig-temporal-site, fig.height=8, warning=FALSE, fig.cap=\"Residuals vs. year for each model and site.\"}\nggplot(data = augment, aes(y = .resid, x = year, group=model_name)) +\n  geom_point(shape=1, colour=\"grey\")+\n  geom_hline(yintercept = 0) +\n  geom_smooth(se=FALSE, size=0.5)+\n  facet_wrap(~ METEO_ID, scales = \"fixed\", ncol=10, drop = FALSE)+\n  theme_report(angle=90)\n```\n\n## Influential observations\n\n```{r fig-cooks-distance, fig.cap=\"Cook's distance.\"}\ncooks <- models %>%\n  mutate(cook = map(model, ~ safely(~ cooks.distance(.x) %>% as.data.frame() %>% rename(\"COOKS_DISTANCE\" = '.'))(.x)$result)) %>%\n  filter(!map_lgl(cook, is.null)) %>%\n  select(model_name, cook) %>%\n  unnest(cook)\n\nggplot(cooks, aes(x = COOKS_DISTANCE, y = 0)) +\n  geom_point(shape=1) +\n  geom_vline(xintercept = 1, linetype=\"dashed\") +\n  ylab(\"\")+\n  xlab(\"Cook's distance\")+\n  facet_wrap(~model_name, scales=\"fixed\")+\n  theme(axis.ticks.y = element_blank(),\n        axis.text.y = element_blank())+\n  theme_report(angle=90)\n```\n\n```{r fig-leverage, fig.cap=\"Residuals vs. Leverage.\"}\nleverage <- models %>%\n  mutate(leverage = map(model, ~ safely(~ leverage(.x) %>% as.data.frame())(.x)$result),\n    std_residuals = map(model, ~ safely(~ residuals(.x, type = \"normalized\") %>% as.data.frame() %>% rename(\"STD_RESIDUALS\" = '.'))(.x)$result)) %>%\n  filter(!map_lgl(leverage, is.null)) %>%\n  filter(!map_lgl(std_residuals, is.null)) %>%\n  select(model_name, leverage, std_residuals) %>% \n  unnest(c(leverage, std_residuals))\n\nggplot(leverage, aes(x = overall, y = STD_RESIDUALS)) +\n  geom_point(shape=21, colour=\"grey\") +\n  geom_hline(yintercept = 0) +\n  geom_smooth(method = \"loess\", se=FALSE) +\n  facet_wrap(~model_name, scales = \"fixed\") +\n  labs(x = \"Leverage\", y = \"Standardized Residuals\") +\n  theme_report(angle=90)\n```\n\n\n\n\n","srcMarkdownNoYaml":"\n\n```{r parameters, include=FALSE}\nphase <- \"leaf unfolding\"\nspecies <- \"LD\"\n```\n\n# Larix decidua\n\n```{r source, include=FALSE}\nlocation <- paste0(getwd())\nsource(paste0(\"../00_helpers/setup.R\")) #common libraries and custom functions\nsource(paste0(\"../00_helpers/species_and_phases.R\"))\n\nlib_residual <- c(\n  \"nlme\",\n  \"HLMdiag\") # influence statistics for lme objects\npackage_fun(lib_residual, \"residuals\")\n```\n\n```{r load-data, include=FALSE}\nmodel_filter <- readRDS(paste0(path_own_data, \"/model_filter.rds\"))\n\naugment <- readRDS(paste0(path_output_data, \"/augment_\", species, \"_\", gsub (\" \", \"_\", phase), \".rds\")) %>%\n  filter(model_name %in% model_filter) %>%\n  mutate(model_name = case_when(model_name == \"best_con_1\" ~ \"best model\",\n                                model_name == \"ref_true_con_int\" ~ \"traditional model\",\n                                model_name == \"ref_imp_con_int\" ~ \"refined model\",\n                                model_name == \"parsimonious_con_d2a\" ~ \"parsimonious 1\",\n                                model_name == \"parsimonious_con_d2b\" ~ \"parsimonious 2\",\n                                model_name == \"parsimonious_con_d2c\" ~ \"parsimonious 3\",\n                                TRUE ~ model_name),\n         model_name = factor(model_name, levels = unique(model_name)))\nmodels <- readRDS(paste0(path_output_data, \"/models_\", species, \"_\", gsub (\" \", \"_\", phase), \".rds\")) %>%\n  filter(model_name %in% model_filter) %>%\n  mutate(model_name = case_when(model_name == \"best_con_1\" ~ \"best model\",\n                                model_name == \"ref_true_con_int\" ~ \"traditional model\",\n                                model_name == \"ref_imp_con_int\" ~ \"refined model\",\n                                model_name == \"parsimonious_con_d2a\" ~ \"parsimonious 1\",\n                                model_name == \"parsimonious_con_d2b\" ~ \"parsimonious 2\",\n                                model_name == \"parsimonious_con_d2c\" ~ \"parsimonious 3\",\n                                TRUE ~ model_name),\n         model_name = factor(model_name, levels = unique(model_name))) %>% \n  select(model_name, model, terms)\n```\n\n## Multicollinearity\n\n```{r multicollinearity, results='hide'}\nsource(paste0(path_helpers, \"/HighstatLib.R\"))\n\nmulticol <- models %>%\n  filter(model_name != \"model_00\") %>%\n  mutate(terms = map(model, ~ all.vars(.x$terms)),\n         multicollinearity = map2(model, terms, ~ .x$data %>%\n                                    select(all_of(.y)) %>%\n                                    select_if(is.numeric) %>%\n                                    as.data.frame() %>%\n                                    corvif() %>%\n                                    rownames_to_column(var = \"PARAMETER\"))) %>%\n  select(model_name, multicollinearity) %>%\n  unnest(multicollinearity)\n```\n\n```{r fig-multicollinearity-table, fig.cap=\"Variance inflation factors (VIF) of all models.\"}\nggplot(multicol %>% mutate_if(is.numeric, round, 2), aes(x = PARAMETER, y = GVIF, colour=model_name)) +\n  geom_jitter(shape=21, width=0.2, size = 2) +\n  geom_hline(yintercept = 5, linetype = \"dashed\", color = \"red\") +\n  geom_hline(yintercept = 3, linetype = \"dashed\", color = \"grey\") +\n  xlab(\"Term\") +\n  ylab(\"GVIF\") +\n  theme_report(angle=90, legend.position = \"right\")\n```\n\n## Normality\n\n### Residuals\n\n```{r fig-qq-fixed, fig.cap=\"Quantile quantile plot of residuals of fixed effects.\"}\nggplot(augment, aes(sample = .resid)) +\n  stat_qq(shape=1) +\n  stat_qq_line()+\n  facet_wrap(~model_name, scales = \"fixed\") +\n  xlab(\"Theoretical quantiles\") +\n  ylab(\"Sample quantiles\") +\n  theme_report()\n```\n\n### Estimated random effects\n\n```{r ranef-extract-fun}\nextract_random_effects <- function(model) {\n  ranef_data <- ranef(model)\n  if (is.list(ranef_data)) {\n    # Nested random effects\n    map(ranef_data, ~ as.data.frame(.x) %>% rename(\"Intercept\" = 1)) %>%\n      bind_rows(.id = \"level\")\n  } else {\n    # Simple random effects\n    ranef_data %>%\n      as.data.frame() %>%\n      rename(\"Intercept\" = 1)\n  }\n}\n```\n\n```{r ranef-extract}\nrandom <- models %>%\n  mutate(random = map(model, ~ extract_random_effects(.x) %>% as.data.frame())) %>% \n  select(model_name, random) %>% \n  unnest(random) %>%\n  mutate(level = case_when(level == \"(Intercept)\" ~ \"METEO_ID\",\n                           TRUE ~ level))\n```\n\n```{r fig-qq-random-meteo, fig.cap=\"Quantile quantile plot of residuals of random effects for METEO_ID.\"}\nggplot(random %>% filter(level == \"METEO_ID\"), aes(sample  = Intercept)) +\n  stat_qq(shape=1) +\n  stat_qq_line()+\n  facet_wrap(~model_name, scales = \"free\") +\n  xlab(\"Theoretical quantiles\") +\n  ylab(\"Sample quantiles\") +\n  theme_report()\n```\n\n## Homoscedasticity\n\n```{r fig-scale-location, fig.cap=\"Scale-location plot.\"}\nggplot(augment, mapping = aes(y = sqrt(abs(.resid)), x = .fitted)) +\n    geom_point(shape=1, colour=\"grey\") +\n    geom_smooth(se=FALSE, method = \"loess\")+\n    facet_wrap(~model_name, scales = \"fixed\") +\n    theme_report()\n```\n\n## Expected error\n\n```{r fig-residual-vs-fitted, fig.cap=\"Residuals vs. fitted plot (Tukey-Ascombe plot).\"}\nggplot(augment, aes(x = .fitted, y = .resid)) +\n  geom_point(shape=1, colour=\"grey\") +\n  geom_abline(intercept = 0, slope = 0) +\n  geom_smooth(se=FALSE, method = \"loess\") +\n  facet_wrap(~model_name, scales = \"fixed\") +\n  theme_report()\n```\n\n## Residuals against predictors\n\n```{r}\n\nfig_fun <- function(PARAMETER) {\n  PARAMETER <- sym(PARAMETER)  # Convert character to symbol\n\n  ggplot(data = augment %>% filter(!is.na(!!PARAMETER)), aes(x = !!PARAMETER, y = .resid)) +\n    geom_point(shape = 1, colour = \"grey\") +\n    geom_abline(intercept = 0, slope = 0) +\n    geom_smooth(\n      data = augment %>% filter(!is.na(!!PARAMETER) & !is.na(.resid)),\n      se = FALSE, method = \"loess\"\n    ) +\n    facet_wrap(~model_name, scales = \"fixed\", drop = FALSE) +\n    theme_report()\n}\n\n```\n\n```{r fig-residual-vs-predictor-gdd-cons, fig.cap=\"Residuals vs. predictor variable GDD_conservative.\"}\nfig_fun(\"GDD_conservative\")\n```\n\n```{r fig-residual-vs-predictor-drought, fig.cap=\"Residuals vs. predictor variable CWB.\"}\nfig_fun(\"DROUGHT\")\n```\n\n```{r fig-residual-vs-predictor-awc, fig.cap=\"Residuals vs. predictor variable AWC.\"}\nfig_fun(\"AWC\")\n```\n\n```{r fig-residual-vs-predictor-elevation, fig.cap=\"Residuals vs. predictor variable TREE_ELEVATION.\"}\nfig_fun(\"TREE_ELEVATION\")\n```\n\n```{r fig-residual-vs-predictor-slope-aspect-inclination, fig.cap=\"Residuals vs. predictor variable SLOPE_INCLINATION_DEG.\"}\nfig_fun(\"SLOPE_INCLINATION_DEG\")\n```\n\n```{r fig-residual-vs-predictor-slope-aspect-hl, fig.cap=\"Residuals vs. predictor variable SLOPE_ASPECT_HL.\"}\nfig_fun(\"SLOPE_ASPECT_HL\")\n```\n\n```{r fig-residual-vs-predictor-social-situation, fig.cap=\"Residuals vs. predictor variable SOCIAL_SITUATION.\"}\nfig_fun(\"SOCIAL_SITUATION\")\n```\n\n```{r fig-residual-vs-predictor-tree-height, fig.cap=\"Residuals vs. predictor variable TREE_HEIGHT.\"}\nfig_fun(\"TREE_HEIGHT\")\n```\n\n```{r fig-residual-vs-predictor-stand-height, fig.cap=\"Residuals vs. predictor variable STAND_HEIGHT.\"}\nfig_fun(\"STAND_HEIGHT\")\n```\n\n## Temporal correlation\n\n```{r fig-temporal-all, warning=FALSE, fig.cap=\"Residuals vs. year for each model.\"}\nggplot() +\n  geom_point(data = augment, aes(y = .resid, x = year, group=METEO_ID), shape=1, colour=\"grey\")+\n  geom_hline(yintercept = 0) +\n  geom_smooth(data = augment, aes(y = .resid, x = year, group=METEO_ID), se=FALSE, size=0.5)+\n  geom_smooth(data = augment, aes(y = .resid, x = year), se=FALSE, size=1.5, colour=\"#00008B\")+\n  facet_wrap(~model_name, scales = \"fixed\", drop=FALSE)+\n  theme_report(angle=90)\n```\n\n```{r fig-temporal-site, fig.height=8, warning=FALSE, fig.cap=\"Residuals vs. year for each model and site.\"}\nggplot(data = augment, aes(y = .resid, x = year, group=model_name)) +\n  geom_point(shape=1, colour=\"grey\")+\n  geom_hline(yintercept = 0) +\n  geom_smooth(se=FALSE, size=0.5)+\n  facet_wrap(~ METEO_ID, scales = \"fixed\", ncol=10, drop = FALSE)+\n  theme_report(angle=90)\n```\n\n## Influential observations\n\n```{r fig-cooks-distance, fig.cap=\"Cook's distance.\"}\ncooks <- models %>%\n  mutate(cook = map(model, ~ safely(~ cooks.distance(.x) %>% as.data.frame() %>% rename(\"COOKS_DISTANCE\" = '.'))(.x)$result)) %>%\n  filter(!map_lgl(cook, is.null)) %>%\n  select(model_name, cook) %>%\n  unnest(cook)\n\nggplot(cooks, aes(x = COOKS_DISTANCE, y = 0)) +\n  geom_point(shape=1) +\n  geom_vline(xintercept = 1, linetype=\"dashed\") +\n  ylab(\"\")+\n  xlab(\"Cook's distance\")+\n  facet_wrap(~model_name, scales=\"fixed\")+\n  theme(axis.ticks.y = element_blank(),\n        axis.text.y = element_blank())+\n  theme_report(angle=90)\n```\n\n```{r fig-leverage, fig.cap=\"Residuals vs. Leverage.\"}\nleverage <- models %>%\n  mutate(leverage = map(model, ~ safely(~ leverage(.x) %>% as.data.frame())(.x)$result),\n    std_residuals = map(model, ~ safely(~ residuals(.x, type = \"normalized\") %>% as.data.frame() %>% rename(\"STD_RESIDUALS\" = '.'))(.x)$result)) %>%\n  filter(!map_lgl(leverage, is.null)) %>%\n  filter(!map_lgl(std_residuals, is.null)) %>%\n  select(model_name, leverage, std_residuals) %>% \n  unnest(c(leverage, std_residuals))\n\nggplot(leverage, aes(x = overall, y = STD_RESIDUALS)) +\n  geom_point(shape=21, colour=\"grey\") +\n  geom_hline(yintercept = 0) +\n  geom_smooth(method = \"loess\", se=FALSE) +\n  facet_wrap(~model_name, scales = \"fixed\") +\n  labs(x = \"Leverage\", y = \"Standardized Residuals\") +\n  theme_report(angle=90)\n```\n\n\n\n\n"},"formats":{"html":{"identifier":{"display-name":"HTML","target-format":"html","base-format":"html"},"execute":{"fig-width":12,"fig-height":10,"fig-format":"retina","fig-dpi":96,"df-print":"paged","error":false,"eval":true,"cache":null,"freeze":false,"echo":false,"output":"html_document","warning":false,"include":true,"keep-md":false,"keep-ipynb":false,"ipynb":null,"enabled":null,"daemon":null,"daemon-restart":false,"debug":false,"ipynb-filters":[],"ipynb-shell-interactivity":null,"plotly-connected":true,"message":false,"engine":"knitr"},"render":{"keep-tex":false,"keep-typ":false,"keep-source":false,"keep-hidden":false,"prefer-html":false,"output-divs":true,"output-ext":"html","fig-align":"default","fig-pos":null,"fig-env":null,"code-fold":true,"code-overflow":"wrap","code-link":false,"code-line-numbers":true,"code-tools":false,"tbl-colwidths":"auto","merge-includes":true,"inline-includes":false,"preserve-yaml":false,"latex-auto-mk":true,"latex-auto-install":true,"latex-clean":true,"latex-min-runs":1,"latex-max-runs":10,"latex-makeindex":"makeindex","latex-makeindex-opts":[],"latex-tlmgr-opts":[],"latex-input-paths":[],"latex-output-dir":null,"link-external-icon":false,"link-external-newwindow":false,"self-contained-math":false,"format-resources":[],"notebook-links":true},"pandoc":{"standalone":true,"wrap":"none","default-image-extension":"png","to":"html","highlight-style":"espresso","toc":true,"toc-depth":3,"include-in-header":{"text":"<script type=\"text/javascript\" src=\"C:/Users/iostovary/Documents/Data/00_helpers/zoom.js\"></script>"},"output-file":"7_residuals_LD_leaf_unfolding.html"},"language":{"toc-title-document":"Table of contents","toc-title-website":"On this page","related-formats-title":"Other Formats","related-notebooks-title":"Notebooks","source-notebooks-prefix":"Source","other-links-title":"Other Links","code-links-title":"Code Links","launch-dev-container-title":"Launch Dev Container","launch-binder-title":"Launch Binder","article-notebook-label":"Article Notebook","notebook-preview-download":"Download Notebook","notebook-preview-download-src":"Download Source","notebook-preview-back":"Back to Article","manuscript-meca-bundle":"MECA Bundle","section-title-abstract":"Abstract","section-title-appendices":"Appendices","section-title-footnotes":"Footnotes","section-title-references":"References","section-title-reuse":"Reuse","section-title-copyright":"Copyright","section-title-citation":"Citation","appendix-attribution-cite-as":"For attribution, please cite this work as:","appendix-attribution-bibtex":"BibTeX citation:","title-block-author-single":"Author","title-block-author-plural":"Authors","title-block-affiliation-single":"Affiliation","title-block-affiliation-plural":"Affiliations","title-block-published":"Published","title-block-modified":"Modified","title-block-keywords":"Keywords","callout-tip-title":"Tip","callout-note-title":"Note","callout-warning-title":"Warning","callout-important-title":"Important","callout-caution-title":"Caution","code-summary":"Code","code-tools-menu-caption":"Code","code-tools-show-all-code":"Show All Code","code-tools-hide-all-code":"Hide All Code","code-tools-view-source":"View Source","code-tools-source-code":"Source Code","tools-share":"Share","tools-download":"Download","code-line":"Line","code-lines":"Lines","copy-button-tooltip":"Copy to Clipboard","copy-button-tooltip-success":"Copied!","repo-action-links-edit":"Edit this page","repo-action-links-source":"View source","repo-action-links-issue":"Report an issue","back-to-top":"Back to top","search-no-results-text":"No results","search-matching-documents-text":"matching documents","search-copy-link-title":"Copy link to search","search-hide-matches-text":"Hide additional matches","search-more-match-text":"more match in this document","search-more-matches-text":"more matches in this document","search-clear-button-title":"Clear","search-text-placeholder":"","search-detached-cancel-button-title":"Cancel","search-submit-button-title":"Submit","search-label":"Search","toggle-section":"Toggle section","toggle-sidebar":"Toggle sidebar navigation","toggle-dark-mode":"Toggle dark mode","toggle-reader-mode":"Toggle reader mode","toggle-navigation":"Toggle navigation","crossref-fig-title":"Figure","crossref-tbl-title":"Table","crossref-lst-title":"Listing","crossref-thm-title":"Theorem","crossref-lem-title":"Lemma","crossref-cor-title":"Corollary","crossref-prp-title":"Proposition","crossref-cnj-title":"Conjecture","crossref-def-title":"Definition","crossref-exm-title":"Example","crossref-exr-title":"Exercise","crossref-ch-prefix":"Chapter","crossref-apx-prefix":"Appendix","crossref-sec-prefix":"Section","crossref-eq-prefix":"Equation","crossref-lof-title":"List of Figures","crossref-lot-title":"List of Tables","crossref-lol-title":"List of Listings","environment-proof-title":"Proof","environment-remark-title":"Remark","environment-solution-title":"Solution","listing-page-order-by":"Order By","listing-page-order-by-default":"Default","listing-page-order-by-date-asc":"Oldest","listing-page-order-by-date-desc":"Newest","listing-page-order-by-number-desc":"High to Low","listing-page-order-by-number-asc":"Low to High","listing-page-field-date":"Date","listing-page-field-title":"Title","listing-page-field-description":"Description","listing-page-field-author":"Author","listing-page-field-filename":"File Name","listing-page-field-filemodified":"Modified","listing-page-field-subtitle":"Subtitle","listing-page-field-readingtime":"Reading Time","listing-page-field-wordcount":"Word Count","listing-page-field-categories":"Categories","listing-page-minutes-compact":"{0} min","listing-page-category-all":"All","listing-page-no-matches":"No matching items","listing-page-words":"{0} words"},"metadata":{"lang":"en","fig-responsive":true,"quarto-version":"1.4.549","bibliography":["C:/Users/iostovary/Documents/Data/references.bib"],"csl":"C:/Users/iostovary/Documents/Data/citation_style_global-ecology-and-biogeography_mod_ostovary.csl","editor":"visual","page-layout":"full","code-summary":"Show the code","theme":"minty","code-folding":"hide","grid":{"body-width":"1100px"},"toc-location":"right","toc-float":{"collapsed":false,"number-sections":true},"editor_options":{"chunk_output_type":"inline"}},"extensions":{"book":{"multiFile":true}}}},"projectFormats":["html"]}