{"title":"Species comparison","markdown":{"yaml":{"output":"html_document","editor_options":{"chunk_output_type":"inline"},"execute":{"freeze":false}},"headingText":"Species comparison","containsRefs":false,"markdown":"\n\n\n```{r source, include=FALSE}\nlocation <- paste0(getwd())\nsource(paste0(\"../00_helpers/setup.R\")) #common libraries and custom functions\nsource(paste0(\"../00_helpers/species_and_phases.R\"))\n\nlib_results <- c(\n  \"ggeffects\",\n  \"nlme\",\n  \"cowplot\",\n  \"ggtext\", # html formatting of superscript\n  \"ggh4x\" # nested facets\n  )\npackage_fun(lib_results, \"results2\")\n\ntype <- \"con\"\n```\n\n\n```{r load-table, include=FALSE}\ncoeff_table <- list.files(path = paste0(path_output_data),\n                     pattern = \"^table.*\\\\.csv$\",\n                     full.names = TRUE) %>%\n  setNames(nm = sapply(basename(.), function(x) {\n    parts <- unlist(strsplit(x, \"_\"))\n    paste(parts[1:2], collapse = \"_\")\n  })) %>%\n  lapply(read.csv) %>% \n  bind_rows() %>%\n  unite(\"GROUP\", model_name, SPECIES, sep=\"_\", remove=FALSE)\n```\n\n```{r format-p-table}\np_table <- coeff_table %>% \n  mutate(SPECIES_SHORT = SPECIES,\n         SPECIES = recode(SPECIES_SHORT, !!!rename_species_en),\n         label = label_fun_sim(term, \"short\"),\n         PARAMETER = label,\n         model_name = case_when(model_name %like% \"parsimonious.*a\" ~ \"parsimonious model 1\",\n                          model_name %like% \"parsimonious.*b\" ~ \"parsimonious model 2\",\n                          model_name %like% \"parsimonious.*c\" ~ \"parsimonious model 3\",\n                          TRUE ~ model_name)) %>% \n  arrange(SPECIES,\n          str_detect(term, \"sd_\"),\n          str_detect(term, \"Intercept\"),\n          str_detect(term, \"TREE_HEIGHT\"),\n          str_detect(term, \"DROUGHT\"),\n          str_detect(term, \"ELEVATION\"),\n          str_detect(term, \":\"),\n          str_detect(term, \"CDD\"),\n          str_detect(term, \"GDD\"),\n          term) %>% \n  mutate(across(where(is.numeric), ~ round(.x, 3))) %>%\n  mutate(p.value = as.character(p.value),\n         p.value = case_when(p.value == 0.000 ~ \"≤ 0.001\",\n                             TRUE ~ p.value))\n\nsaveRDS(p_table, paste0(path_output_data, \"/p_table.rds\"))\n\np_table_test <- p_table %>%\n    filter(str_detect(model_name, paste0(\"temp_test_con_int\")))\n\np_table_refined <- p_table %>%\n    filter(str_detect(model_name, paste0(\"ref_imp_con_int$\")))\n\np_table_parsimonious <- p_table %>% \n    filter(str_detect(model_name, paste0(\"parsimonious_con_d2\")))\n\np_table <- p_table %>%\n    filter(str_detect(model_name, paste0(\"best_con_1\")))\n```\n\n```{r load-augment}\naugment <- list.files(path = paste0(path_output_data),\n                     pattern = \"^augment.*\\\\.rds$\",\n                     full.names = TRUE) %>%\n  setNames(nm = sapply(basename(.), function(x) {\n    parts <- unlist(strsplit(x, \"_\"))\n    paste(parts[1:2], collapse = \"_\")\n  })) %>%\n  lapply(readRDS) %>% \n  bind_rows() %>% \n  unite(\"GROUP\", model_name, SPECIES_SHORT, sep=\"_\", remove=FALSE) %>%\n  filter(str_detect(model_name, paste0(type)))\n```\n\n```{r load-data}\ndata_unscaled <- list.files(path = paste0(path_own_data),\n                     pattern = \"^data_unscaled.*\\\\.rds$\",\n                     full.names = TRUE) %>%\n  setNames(nm = sapply(basename(.), function(x) {\n    parts <- unlist(strsplit(x, \"_\"))\n    paste(parts[1:2], collapse = \"_\")\n  })) %>%\n  lapply(readRDS) %>% \n  bind_rows()\n```\n\n```{r load-selection-parameters}\nselection_parameters <- list.files(path = paste0(path_output_data),\n                     pattern = \"^selection_parameters.*\\\\.rds$\",\n                     full.names = TRUE) %>%\n  lapply(readRDS) %>% \n  bind_rows() %>% \n  filter(model_name %like% \"con\") %>%\n  mutate(type = case_when(model_name %like% \"parsimonious.*a\" ~ \"parsimonious model 1\",\n                          model_name %like% \"parsimonious.*b\" ~ \"parsimonious model 2\",\n                          model_name %like% \"parsimonious.*c\" ~ \"parsimonious model 3\",\n                          TRUE ~ type))\n```\n\n```{r load-con-variations-summary}\ncon_var <- list.files(path = paste0(path_output_data),\n                      pattern = \"^con_variations_.*\\\\.rds$\",\n                      full.names = TRUE) %>%\n  setNames(nm = sapply(basename(.), function(x) {\n    parts <- unlist(strsplit(x, \"_\"))\n    paste(parts[3:3], collapse = \"_\")\n  })) %>%\n  lapply(readRDS) %>% \n  bind_rows()\n```\n\n```{r load-weights}\nweights_raw <- list.files(path = paste0(path_output_data),\n                     pattern = \"^weights_.*\\\\.rds$\",\n                     full.names = TRUE) %>%\n  setNames(nm = sapply(basename(.), function(x) {\n    parts <- unlist(strsplit(x, \"_\"))\n    paste(parts[1:2], collapse = \"_\")\n  })) %>%\n  lapply(readRDS) %>% \n  bind_rows() %>%\n  filter(str_detect(MODEL, paste0(type)))\n```\n\n```{r fun-format-equations}\nlabel_stats_fun <- function(term) {\n  # strip doy\n  term <- str_replace_all(term, \"doy ~\", \"\")\n  # strip 1\n  term <- str_replace_all(term, \"\\\\+\\\\s*1\", \"\")\n  term <- str_replace_all(term, \"1\\\\s*\\\\+\", \"\")\n  \n  # Correctly format interactions (replace * and separate interaction terms)\n  term <- str_replace_all(term, \"\\\\:\", \" * \")  \n  \n  # Remove ', degree = 2' with flexible spaces\n  term <- str_replace_all(term, \",\\\\s*degree\\\\s*=\\\\s*2\", \"\")\n\n  # Remove trailing '1' or '2' after the closing parenthesis\n  term <- str_replace_all(term, \"\\\\)\\\\s*[12]\", \")\")\n  \n  # Replace specific variables with formatted labels\n  term <- str_replace_all(term, \"CLIM_BALANCE\", \"CWB\")\n  term <- str_replace_all(term, \"CDD_conservative\", \"CDD\")\n  term <- str_replace_all(term, \"CDD_mainstream\", \"CDD\")\n  term <- str_replace_all(term, \"GDD_conservative\", \"GDD\")\n  term <- str_replace_all(term, \"GDD_mainstream\", \"GDD\")\n  term <- str_replace_all(term, \"TREE_ELEVATION\", \"Elevation\")\n  term <- str_replace_all(term, \"TREE_HEIGHT\", \"Tree height\")\n  term <- str_replace_all(term, \"STAND_HEIGHT\", \"Stand height\")\n  term <- str_replace_all(term, \"EDGE_DISTANCE_IMPUTED\", \"Distance forest edge imputed\")\n  term <- str_replace_all(term, \"EDGE_DIST\", \"Distance forest edge\")\n  term <- str_replace_all(term, \"SLOPE_ASPECT_HL\", \"Slope aspect\")\n  term <- str_replace_all(term, \"SLOPE_INCLINATION_DEG\", \"Slope inclination\")\n  term <- str_replace_all(term, \"DROUGHT\", \"CWB\")\n  term <- str_replace_all(term, \"AWC\", \"AWC\")\n  term <- str_replace_all(term, \"RELIEF\", \"Relief\")\n  term <- str_replace_all(term, \"SOCIAL_SITUATION\", \"Social position\")\n  term <- str_replace_all(term, \"METEO_ID\", \"Site\")\n  term <- str_squish(term)\n  term\n}\n\nrearrange_terms <- function(expression) {\n  terms <- unlist(strsplit(expression, \" \\\\+ \")) |> trimws()\n\n  interaction_terms <- terms[str_detect(terms, \"\\\\s*\\\\*\\\\s*\")]\n\n  temp_interaction_terms <- keep(interaction_terms, ~ str_detect(.x, \"GDD|CDD\"))\n  env_interaction_terms <- setdiff(interaction_terms, temp_interaction_terms)\n\n  other_terms <- setdiff(terms, interaction_terms)\n  all_interaction_terms <- c(temp_interaction_terms, env_interaction_terms)\n  other_terms <- keep(other_terms, ~ !any(str_detect(all_interaction_terms, fixed(.x))))\n\n  gdd_terms <- keep(other_terms, ~ str_detect(.x, \"GDD\"))\n  cdd_terms <- keep(other_terms, ~ str_detect(.x, \"CDD\"))\n\n  other_terms_clean <- setdiff(other_terms, c(gdd_terms, cdd_terms))\n\n  reordered_terms <- c(gdd_terms, cdd_terms, temp_interaction_terms, other_terms_clean, env_interaction_terms)\n  paste(reordered_terms, collapse = \" + \")\n}\n```\n\n## Variable importance\n\n```{r tbl-conservative-variations}\n#| tbl-cap: Number of conservative model variations with delta cAIC < 4 and < 2.\n\ntable <- con_var %>%\n  datatable(rownames = FALSE, filter = 'top', options = list(scrollX = TRUE, pageLength = 10), colnames = c(\"Species\", \"sum Δ cAIC < 4\" , \"sum Δ cAIC < 2\" , \"max 𝓌ᵢ Δ cAIC < 4\", \"max 𝓌ᵢ Δ cAIC < 2\"))\ntable\n```\n\n\n```{r fig-importance, fig.width=7, fig.height=6, fig.cap=\"Relative variable importance (VI) in high-performing models of leaf unfolding. Shown are the VI of model variations with ΔcAIC < 2 (cAIC = conditional Akaike Information Criterion) relative to the model with the lowest cAIC that contain GDD and ≤ 10 main effects and interactions. A VI of 1 signals high importance relative to other variables, while lower values suggest that a variable appeared in fewer models or models with lower Akaike weights. Variables with the prefix “poly” were modelled with a non-linear relationship to DOY (Methods). The colon (:) indicates an interaction between two variables. Blanks represent variables that were not present in any well-performing models.\"}\n\nweights <- list.files(path = paste0(path_output_data),\n                     pattern = \"^weights.*\\\\.rds$\",\n                     full.names = TRUE) %>%\n  setNames(nm = sapply(basename(.), function(x) {\n    parts <- unlist(strsplit(x, \"_\"))\n    paste(parts[1:2], collapse = \"_\")\n  })) %>%\n  lapply(readRDS) %>% \n  bind_rows() %>%\n  filter(MODEL == \"con\",\n         DELTA == \"D2\") %>%\n  mutate(\n  SPECIES_SHORT = str_extract(model_id, \"(?<=con_)[A-Z]{2}\"),\n  SPECIES = recode(SPECIES_SHORT, !!!rename_species_en),\n  order_num = case_when(PARAMETER_ABBR %like% \"Elevation\" ~ 0, # define parameter order within group\n                        PARAMETER_ABBR %like% \"Relief\" ~ 1,\n                        PARAMETER_ABBR %like% \"Slope inclination)\" ~ 2,\n                        PARAMETER_ABBR %like% \"Slope inc\" ~ 3,\n                        PARAMETER_ABBR %like% \"Slope aspect)\" ~ 3,\n                        PARAMETER_ABBR %like% \"CWB\" ~ 15,\n                        PARAMETER_ABBR %like% \"poly(AWC)\" ~ 15,\n                        PARAMETER_ABBR == \"poly(AWC)\" ~ 15,\n                        PARAMETER_ABBR %like% \"Social\" ~ 6,\n                        PARAMETER_ABBR %like% \"Stand\" ~ 7,\n                        PARAMETER_ABBR %like% \"Tree\" ~ 8,\n                        PARAMETER_ABBR == \"CDD\" ~ 9,\n                        PARAMETER_ABBR %like% \"CDD:poly\\\\(GDD\\\\)\" ~ 10,\n                        PARAMETER_ABBR %like% \"poly\\\\(GDD\\\\)\" ~ 11,\n                        PARAMETER_ABBR %like% \"CDD:GDD$\" ~ 12,\n                        PARAMETER_ABBR == \"GDD\" ~ 13,\n                        TRUE ~ 0),\n  category = case_when(PARAMETER_ABBR %like% \"CWB\" ~ \"Climate / Soil\",\n                              PARAMETER_ABBR %like% \"AWC\" ~ \"Climate / Soil\",\n                              category %like% \"Climate\" ~ \"Climate / Soil\",\n                              TRUE ~ category),\n  PARAMETER = fct_reorder(PARAMETER_ABBR, order_num), # apply parameter order within group\n  category = fct_relevel(category, \"Stand structure\", \"Climate / Soil\", \"Topography\", \"Other\"), # order parameter groups\n  WEIGHT = round(WEIGHT, 2),\n  WEIGHT = case_when(SPECIES_SHORT == \"TC\" & PARAMETER == \"poly(Stand height):poly(Tree height)\" ~ 0.002,\n                     TRUE ~ WEIGHT)\n  )\n  \nggplot(weights, aes(x = SPECIES, y = PARAMETER, fill = WEIGHT)) +\n  geom_tile() +\n  scale_fill_gradient2(low = \"white\", mid = \"grey\", high = \"#9CB51D\", midpoint = 0.5, limit = c(0, 1), na.value = NA, name = \"VI\") +\n  geom_text(aes(label = WEIGHT), size = 3, vjust = 0, colour = \"#4F4F4F\") +\n  xlab(\"\") +\n  ylab(\"\") +\n  scale_x_discrete(position = \"top\") +\n  facet_nested(rows = vars(category), scales = \"free_y\", space = \"free_y\", switch = \"y\") +\n  theme_report(legend.position=\"right\") +\n  theme(\n    legend.title = element_text(size = 12, face = \"bold\", hjust=0.1),\n    axis.text.x = element_text(hjust = 0.5),\n    strip.background = element_blank(),\n    strip.text = element_text(face = \"bold\", size = 10, hjust = 0.5),\n    panel.spacing.y = unit(1.5, \"lines\"),\n    axis.line.y = element_line(colour = \"grey\", linewidth = 1.2),\n    panel.grid = element_blank())\n```\n\n## Model selection\n\n\n```{r set-filter-and-order}\nmodel_filter <- selection_parameters %>%\n  filter(model_name %like% \"con\", # select conservative \n         model_name %like% \"best_con_1\" | model_name %like% \"parsimonious_con_d2\" | model_name == \"ref_imp_con_int\" | model_name %like% \"ref_true_con_int\") %>%\n  pull(model_name)\n\nmodel_order <- c(\"best model\", \"parsimonious model 1\", \"parsimonious model 2\", \"parsimonious model 3\", \"refined model\", \"traditional model\")\n```\n\n\n```{r tbl-delta-caic}\n#| tbl-cap: Delta cAIC of best conservative models per type across species.\n\ndelta_caic <- selection_parameters %>%\n  select(model_name, type, cAIC, logLik, RMSE, terms_count, SPECIES_SHORT) %>%\n  filter(model_name %in% model_filter) %>%\n  group_by(SPECIES_SHORT) %>%\n  mutate(d.cAIC = cAIC - min(cAIC, na.rm = TRUE),\n         RMSE_PERC = round(100 * RMSE / max(RMSE), 0)) %>%  # recalculate the delta values here to be sure they are correct\n  mutate(type = factor(type, levels = model_order)) %>%\n  arrange(SPECIES_SHORT, type)\n\nsaveRDS(delta_caic %>% ungroup(), paste0(path_output_data, \"/delta_caic.rds\"))\n\ntable <- delta_caic %>%\n  mutate_if(is.numeric, round, 2) %>%\n  select(SPECIES_SHORT, type, cAIC, d.cAIC, logLik, RMSE, RMSE_PERC, terms_count) %>%\n  datatable(filter = 'top', options = list(scrollX = TRUE, pageLength = 10), rownames=FALSE, colnames = c(\"Species\", \"Model type\" , \"cAIC\", \"ΔcAIC\" , \"log (𝓛)\", \"RMSE\", \"% RMSE\", \"K\"))\ntable\n```\n\n\n```{r tbl-calls}\n#| tbl-cap: Model formula of best conservative models per type across species.\n\nbest_calls <- selection_parameters %>%\n  filter(model_name %in% model_filter) %>%\n  select(model_name, type, fixed_effects, SPECIES_SHORT) %>%\n  pivot_wider(names_from = SPECIES_SHORT, values_from = fixed_effects) %>%\n  mutate(type = factor(type, levels = model_order)) %>% \n  arrange(type) %>%\n  rename(Beech = FS,\n         Larch = LD,\n         Spruce = PA,\n         Linden = TC) %>%\n  select(-model_name) %>%\n  mutate(across(2:5, label_stats_fun),\n         across(2:5, ~map_chr(.x, rearrange_terms)))\n\nsaveRDS(best_calls, paste0(path_output_data, \"/calls_selected.rds\"))\n\ntable <- best_calls %>%\n  mutate_if(is.numeric, round, 2) %>%\n  datatable(filter = 'top', options = list(scrollX = TRUE, pageLength = 10, dom = 'Bfrtip'), rownames=FALSE)\ntable\n```\n\n\n## Model prediction accuracy\n\n```{r fig-fixed-vs-observed, fig.width=5, fig.height = 5, fig.cap =\"Model prediction accuracy using refined temperature-only models (black) and best models (green) to predict leaf unfolding across populations. Across-population predictions are based solely on fixed effects, excluding random effects and thus representing a generalized prediction. The dashed lines indicate perfect prediction of leaf unfolding, and deviations from it reflect prediction error.\"}\nggplot(data_unscaled %>%\n         left_join(augment %>%\n                     select(METEO_ID, year, .fixed, model_name, SPECIES_SHORT), by=c(\"METEO_ID\", \"year\", \"SPECIES_SHORT\")) %>%\n         filter(str_detect(model_name, \"best_con_1|ref_imp_con_int$\") & !str_detect(model_name, \"slo\")) %>%\n         mutate(SPECIES = recode(SPECIES_SHORT, !!!rename_species_en))) +\n  geom_point(aes(y=.fixed, x= doy, group=model_name, colour=model_name), shape=21, alpha = 0.4)+\n  geom_abline(slope = 1, intercept = 0, color = \"black\", linetype = \"dashed\", size = 0.5) +\n  #geom_smooth(aes(y=VALUE, x= doy, group=model_name, colour=model_name), method=\"loess\", se=FALSE)+\n  geom_smooth(aes(y=.fixed, x= doy, group=model_name, colour=model_name), method=\"lm\", se=FALSE)+\n  facet_wrap(~SPECIES, ncol = 2, scales = \"fixed\") +\n  ylab(\"Predicted day of year\") +\n  xlab(\"Observed day of year\") +\n  scale_colour_manual(\n    values = c(\"best_con_1\" = \"#43CD80\", \"ref_imp_con_int\" = \"#666666\"),\n    labels = c(\"best_con_1\" = \"Best model\", \n               \"ref_imp_con_int\" = \"Refined model\"))+\n  theme_report(legend.position=\"top\", angle=90) +\n  theme(strip.background = element_rect(fill = NA, colour = NA, size = 1),\n        strip.text = element_markdown(hjust = 0.5, face = \"bold\"),\n        panel.border = element_rect(color = \"#CCCCCC\", fill = NA, linewidth=0.005))\n```\n\n\n\n\n## Coefficients\n\n\n\n```{r coeff-plot-fun}\ncoeff_fun <- function(data, filter_string, facet, rows) {\n  filtered_data <- data %>%\n    filter(\n      !term %like% \"sd\",\n      !term %like% \"cor\",\n      !term %like% \"Intercept\",\n      str_detect(model_name, filter_string)\n    ) %>%\n    arrange(term) %>%\n    mutate(\n      term = factor(term, levels = unique(term)),\n      label = factor(label, levels = unique(label)),\n      significance = factor(ifelse(p.value < 0.05, \"significant\", \"not significant\"), \n                            levels = c(\"significant\", \"not significant\"))\n    )\n  \n  ggplot(filtered_data, aes(x = estimate, y = label)) +\n    geom_vline(xintercept = 0, linetype = \"dashed\", size = 1, colour = \"grey\") +\n    geom_pointrange(aes(xmin = conf.low, xmax = conf.high, colour=significance), \n                    position=position_jitter(width=0.5), shape=21) +\n    scale_colour_manual(values = c(\"significant\" = \"#008B00\", \"not significant\" = \"grey\")) +\n    guides(colour = guide_legend(title = NULL)) +\n    facet_wrap(as.formula(paste0(\"~\", facet)), scales = \"free_x\", nrow = rows) +\n    ylab(\"\") +\n    xlab(\"Estimate\") +\n    theme(panel.border = element_rect(color = \"grey\", fill = NA, size = 0.4)) +\n    theme_report(legend.position = \"top\", angle = 90)\n}\n```\n\n\n### Reference models\n\nReference models with random slopes for warming and chilling never converged, even when warming was simplified to a linear term only. Models with a random slope for warming but not chilling converged only for Larix decidua and Tilia cordata, but not Picea abies and Fagus sylvatica. In general reference models for Fagus sylvatica had more conversion issues than reference models of other species.\n\n```{r fig-forrest-reference, fig.cap=\"Coefficient estimate and standard error per term for all zero models.\", fig.retina=2}\ncoeff_fun(coeff_table, \"ref_imp\", \"SPECIES\", 1)\n```\n\n\n```{r tbl-coefficients-refined}\n#| tbl-cap: Coefficient estimates, confidence limits of 95% confidence intervals (conf.low, conf.high), standard error (SE) of coefficient estimates and p-values of refined models. The terms sd Intercept and sd Residuals describe the standard deviation of the random intercept and the residuals.\n\ntbl <- p_table_refined %>%\n    select(SPECIES, PARAMETER, everything(), -term, -model_name, -statistic, -category, -visual, -SPECIES_SHORT, -label, -GROUP) %>% \n    datatable(filter = 'top', options = list(scrollX = TRUE, pageLength = 10), rownames=FALSE, colnames = c(\"Species\", \"Predictor\", \"conf.low\", \"estimate\" , \"conf.high\", \"SE\", \"p-value\")\n)\ntbl\n```\n\n\n### Best models\n\n\n\n```{r tbl-coefficients-best}\n#| tbl-cap: Coefficient estimates, confidence limits of 95% confidence intervals (conf.low, conf.high), standard error (SE) of coefficient estimates and p-values of best models. The terms sd Intercept and sd Residuals describe the standard deviation of the random intercept and the residuals. The reference levels for relief position and social situation are “upper slope” and “forest”, respectively.\n\ntbl <- p_table %>%\n    select(SPECIES, PARAMETER, everything(), -term, -model_name, -statistic, -category, -visual, -SPECIES_SHORT, -label, -GROUP) %>% \n    datatable(filter = 'top', options = list(scrollX = TRUE, pageLength = 10), rownames=FALSE, colnames = c(\"Species\", \"Predictor\" , \"conf.low\", \"estimate\" , \"conf.high\", \"SE\", \"p-value\")\n)\ntbl\n```\n\n### Parsimonious models\n\n\n\n```{r tbl-coefficients-pars}\n#| tbl-cap: Coefficient estimates, confidence limits of 95% confidence intervals (conf.low, conf.high), standard error (SE) of coefficient estimates and p-values of most parsimonious models. The terms sd Intercept and sd Residuals describe the standard deviation of the random intercept and the residuals. The reference levels for relief position and social situation are “upper slope” and “forest”, respectively.\n\ntbl <- p_table_parsimonious %>%\n  mutate(model_name = case_when(model_name %like% \"parsimonious.*a\" ~ \"parsimonious model 1\",\n                                model_name %like% \"parsimonious.*b\" ~ \"parsimonious model 2\",\n                                model_name %like% \"parsimonious.*c\" ~ \"parsimonious model 3\",\n                                TRUE ~ model_name)) %>%\n  arrange(SPECIES, model_name) %>% \n  select(SPECIES, model_name, PARAMETER, everything(), -term, -statistic, -category, -visual, -SPECIES_SHORT, -label, -GROUP) %>% \n  datatable(filter = 'top', options = list(scrollX = TRUE, pageLength = 10), rownames=FALSE, colnames = c(\"Species\", \"Model\", \"Predictor\" , \"conf.low\", \"estimate\" , \"conf.high\", \"SE\", \"p-value\"))\ntbl\n```\n\n\n## Effects of variables\n\n\n```{r load-all-models}\nall_models <- list.files(path = paste0(path_output_data),\n                     pattern = \"^models.*\\\\.rds$\",\n                     full.names = TRUE) %>%\n  lapply(readRDS) %>% \n  bind_rows()\n```\n\n```{r fun-process-and-predict-all-models}\nprocess_and_predict_df <- function(model_df, family) {\n  predictions_df <- NULL\n  filtered_model_df <- model_df %>% filter(str_detect(model_name, family))\n    \n  random_simple <- readRDS(paste0(path_output_data, \"/random_simple.rds\"))\n  assign(\"random_simple\", random_simple, envir = .GlobalEnv)\n    \n  autoregression_simple <- readRDS(paste0(path_output_data, \"/autoregression_simple.rds\"))\n  assign(\"autoregression_simple\", autoregression_simple, envir = .GlobalEnv)\n  \n  for (i in seq_len(nrow(filtered_model_df))) {\n    model <- filtered_model_df$model[[i]] # filter model\n    fixed_effects <- formula(model) # get fixed effects\n    model[[\"call\"]][[\"fixed\"]] <- as.formula(fixed_effects) # paste fixed effect back into the model to replace \"fixed effects\"\n    terms <- filtered_model_df[[\"terms\"]][[i]] # get terms\n\n    for (term in terms) {\n      # make prediction\n      prediction <- tryCatch({\n        predict_response(model, terms = paste(term, \"[all]\", sep = \" \"))\n      }, error = function(e) {\n        NULL  # Return NULL on error\n      }) %>%\n        as.data.frame() %>% # transform prediction output to data frame\n        mutate(model_name = paste0(filtered_model_df$model_name[[i]]), # add model name\n               SPECIES_SHORT = paste0(filtered_model_df$SPECIES_SHORT[[i]])) # add species\n      \n      if (!is.null(prediction)) {\n        prediction$x <- as.numeric(as.character(prediction$x))\n        #prediction$Model <- species\n        prediction$Term <- term\n        \n        if (is.null(predictions_df)) {\n          predictions_df <- prediction\n        } else {\n          predictions_df <- bind_rows(predictions_df, prediction) %>% as.data.frame() %>% mutate(Label = label_fun_sim(Term, col = \"short\"))\n        }\n      }\n    }\n  }\n  \n  predictions_df\n}\n\nsaveRDS(process_and_predict_df, paste0(path_helpers, \"/process_and_predict_df.rds\"))\n```\n\n\n```{r extract-effects-best-con, include=FALSE}\n# categoric variables\nmodels_categoric <-  all_models %>% filter(model_name == \"best_con_1\", SPECIES_SHORT == \"LD\")\n\nrandom_simple <- readRDS(paste0(path_output_data, \"/random_simple.rds\"))\n  assign(\"random_simple\", random_simple, envir = .GlobalEnv)\n    \nautoregression_simple <- readRDS(paste0(path_output_data, \"/autoregression_simple.rds\"))\n  assign(\"autoregression_simple\", autoregression_simple, envir = .GlobalEnv)\n\neffects_relief <- predict_response(models_categoric[[3]][[1]], terms = \"RELIEF [all]\", sep = \" \") %>%\n  as.data.frame() %>%\n  mutate(Term = \"RELIEF\",\n         SPECIES_SHORT = \"LD\")\n\neffects_social <- predict_response(models_categoric[[3]][[1]], terms = \"SOCIAL_SITUATION [all]\", sep = \" \") %>%\n  as.data.frame() %>%\n  mutate(Term= \"SOCIAL_SITUATION\",\n         SPECIES_SHORT = \"LD\")\n\neffects_best_con_categoric <- bind_rows(effects_social, effects_relief) %>%\n  mutate(PARAMETER = label_fun_sim(as.character(Term)),\n         Label = label_fun_sim(as.character(Term), col = \"short\"),\n         SPECIES = recode(SPECIES_SHORT, !!!rename_species_en))\n\n# numeric variables\neffects_best_con_numeric <- process_and_predict_df(all_models, \"best_con_1\") %>%\n  mutate(Label = label_fun_sim(as.character(Term), col = \"short\"))\n```\n\n```{r effect-size-best-con}\n# standardize effect size and estimate potential effect on net ecosystem productivity in CO2\neffects_best_numeric <- effects_best_con_numeric %>% mutate(x = as.character(x))\neffects_best_categoric <- effects_best_con_categoric %>% mutate(x = as.character(x))\n\neffect_size_best <- bind_rows(effects_best_numeric, effects_best_categoric) %>%\n  group_by(SPECIES_SHORT, Term, Label) %>%\n  summarise(MAX_MEAN_EFFECT_SIZE = round(max(predicted) - min(predicted), 2),\n            MEAN_STD_ERROR = round(mean(std.error), 2),\n            MIN_TERM = x[which.min(predicted)],\n            MAX_TERM = x[which.max(predicted)],\n            CARBON_PREDICTION = MAX_MEAN_EFFECT_SIZE * 4) %>%\n  arrange(desc(CARBON_PREDICTION)) %>%\n  filter(!is.na(Label),# remove excess labels from categoric variables\n         MAX_MEAN_EFFECT_SIZE > 0) %>% \n  rename(PARAMETER = Term) %>% \n  mutate(SPECIES = recode(SPECIES_SHORT, !!!rename_species_en)) %>%\n  ungroup() %>% \n  select(Label, SPECIES, everything())\n\nsaveRDS(effect_size_best %>% ungroup(), paste0(path_output_data, \"/effect_size_best_con.rds\"))\n```\n\n```{r fig-effect-size, fig.height=5, fig.width=6, fig.cap=\"Estimated shift (d) between earliest and latest DOY across the observed range of each environmental variable, based on predictions adjusted to mean covariate values. For each species, colours are scaled so the darkest shade represents the strongest shift.\"}\nfacet_stats <- effect_size_best %>%\n  group_by(SPECIES) %>%\n  summarise(\n    min_val = min(MAX_MEAN_EFFECT_SIZE, na.rm = TRUE),\n    max_val = max(MAX_MEAN_EFFECT_SIZE, na.rm = TRUE),\n    mid_val = mean(MAX_MEAN_EFFECT_SIZE, na.rm = TRUE),\n    .groups = \"drop\")\n\neffect_scaled <- effect_size_best %>%\n  left_join(facet_stats, by = \"SPECIES\") %>%\n  mutate(scaled_effect = (MAX_MEAN_EFFECT_SIZE - min_val) / (max_val - min_val)) %>%\n  inner_join(label_table %>% select(term, param_order_c1, category), by = c(\"PARAMETER\" = \"term\")) %>% # partial join with order of parameters\n  mutate(category = case_when(category == \"Soil\" ~ \"Climate / Soil\",\n                              category == \"Drought\" ~ \"Climate / Soil\",\n                              category == \"Climate\" ~ \"Climate / Soil\",\n                              TRUE ~ category),\n         Label = case_when(Label %like% \"Social\" ~ \"Social position\",\n                          TRUE ~ Label),\n         order_num = case_when(PARAMETER %like% \"ELEVATION\" ~ 0, # define parameter order within group\n                        PARAMETER %like% \"RELIEF\" ~ 1,\n                        PARAMETER %like% \"INCLINATION\" ~ 2,\n                        PARAMETER %like% \"ASPECT\" ~ 3,\n                        PARAMETER %like% \"SOCIAL\" ~ 6,\n                        PARAMETER %like% \"STAND\" ~ 7,\n                        PARAMETER %like% \"HEIGHT\" ~ 8,\n                        PARAMETER %like% \"DROUGHT\" ~ 13,\n                        PARAMETER %like% \"AWC\" ~ 12,\n                        PARAMETER %like% \"CDD\" ~ 10,\n                        PARAMETER %like% \"GDD\" ~ 11,\n                        TRUE ~ 0),\n         PARAMETER = fct_reorder(Label, order_num),\n        category = fct_relevel(category, \"Stand structure\", \"Climate / Soil\", \"Topography\")) # order parameter groups\n\nggplot(effect_scaled, aes(x = SPECIES, y = PARAMETER, fill = scaled_effect)) +\n  geom_tile() +\n  scale_fill_gradient2(\n    low = \"#FFA54F\", mid = \"#FF7F24\", high = \"#CD661D\", midpoint = 0.5, limits = c(0, 1)) +\n  geom_text(aes(label = round(MAX_MEAN_EFFECT_SIZE, 2)), size = 4, vjust = 0, colour = \"#4F4F4F\") +\n  xlab(\"\") +\n  ylab(\"\") +\n  scale_x_discrete(position = \"top\") +\n  facet_nested(rows = vars(category), scales = \"free_y\", space = \"free_y\", switch = \"y\") +\n  theme_report(legend.position = \"none\") +\n  theme(\n    legend.title = element_text(size = 12, face = \"bold\", hjust = 0.1),\n    axis.text.x = element_text(hjust = 0.5, face = \"bold\"),\n    strip.background = element_blank(),\n    strip.text.y.left = element_text(face = \"bold\", size = 10, hjust = 0.5, colour = \"#757575\"),\n    panel.spacing.y = unit(1.1, \"lines\"),\n    axis.line.y = element_line(colour = \"grey\", linewidth = 1.2),\n    panel.grid = element_blank()\n  )\n```\n\n```{r effects-nature-fun}\ntheme_nature <- function() {\n  theme(\n    legend.position = \"none\",\n    axis.text.x = element_text(size = 11, vjust = 0.5, hjust = 0.5),\n    axis.text.y = element_blank(),\n    axis.ticks = element_blank(),\n    strip.background = element_rect(fill = NA, colour = NA, size = 1),\n    panel.spacing = unit(0, \"lines\"),\n    strip.text = element_markdown(hjust = 0),\n    plot.title = element_text(size = 11),\n    #axis.title.x = element_text(size = 11),\n    axis.title.y = element_blank(), # remove axis title to further reduce space between panels\n    plot.margin = margin(t = 0, b = 4, r = -5, l = 0),\n    panel.border = element_rect(color = \"#E8E8E8\", fill = NA, linewidth=1.5),\n    panel.grid.minor = element_blank(),\n    axis.title.x = element_markdown(size=11)\n  )\n}\n\n# numeric plots\neffects_fun_num <- function(data, label, type = \"line\"){\n  data <- data %>%\n    mutate(SPECIES = recode(SPECIES_SHORT, !!!rename_species_en),\n           Label = label_fun_sim(as.character(Term), col = \"short_with_units\")) %>% \n      filter(!is.na(x))\n  \n  terms <- unique(data$Term)\n  \n  plots <- list()\n  \n  for (i in terms) {\n    plot_data <- data %>%\n      filter(Term == i)\n\n    p <- ggplot(plot_data, aes(x = x, y = predicted, ymin = conf.low, ymax = conf.high)) +\n      geom_line(size = 1, aes(group = interaction(SPECIES, model_name), colour = SPECIES)) +\n      geom_ribbon(aes(ymin = conf.low, ymax = conf.high, fill = SPECIES_SHORT, group = interaction(SPECIES, model_name)), \n                  fill = \"grey\", alpha = 0.3, color = NA) +\n      labs(x = paste0(\" \", unique(plot_data$Label)), y = \"\") +\n      coord_cartesian(ylim = c(65, 150))+\n      ggtitle(paste0(\" \")) +\n      species_color_scale_en() +\n      #species_color_scale(paste0(label)) +\n      theme_report() +\n      theme_nature()\n    \n     plots[[i]] <- p\n  }\n    return(plots)\n}\n\n# categorical plots\neffects_fun_cat <- function(data, label, type = \"line\"){\n  terms <- unique(data$Term)\n  \n  plots <- list()\n  \n  data <- data %>%\n    mutate(SPECIES = recode(SPECIES_SHORT, !!!rename_species_en),\n           Label = label_fun_sim(as.character(Term), col = \"short_with_units\"))\n  \n  for (i in terms) {\n    order <- c(\"flat\", \"base\", \"mid\", \"upper\", \"free\", \"group\", \"forest\")\n    \n    plot_data <- data %>%\n      filter(Term == i) %>%\n      mutate(x = case_when(x %like% \"crest\" ~ \"upper\",\n                           x %like% \"base\" ~ \"base\",\n                           x %like% \"mid\" ~ \"mid\",\n                           x %like% \"stand\" ~ \"free\",\n                           TRUE ~ x), \n             x = factor(x, levels = c(order, setdiff(unique(x), order))))\n\n    p <- ggplot(plot_data, aes(x = x, y = predicted, ymin = conf.low, ymax = conf.high)) +\n      geom_errorbar(aes(ymin = conf.low, ymax = conf.high), width = 0.2, colour= \"grey\") +\n      geom_point(aes(colour = SPECIES), size = 2.5) +\n      labs(x = paste0(\" \", unique(plot_data$PARAMETER)), y = \"\") +\n      coord_cartesian(ylim = c(65, 150))+\n      ggtitle(paste0(\" \")) +\n      species_color_scale_en() +\n      #species_color_scale(paste0(label)) +\n      theme_report() +\n      theme_nature()\n    \n     plots[[i]] <- p\n  }\n    return(plots)\n}\n```\n\n```{r generate-plots}\n# Generate numeric and categorical plots\nplots_num_all <- effects_fun_num(effects_best_con_numeric, \"english\")\nplots_cat_par <- effects_fun_cat(effects_best_con_categoric, \"english\")\n\n# Extract legend from the numeric plot\ng_bottom <- ggplotGrob(plots_num_all[[\"GDD_conservative\"]] + theme(legend.position = \"bottom\"))\nlegend_grob_bottom <- g_bottom$grobs[which(sapply(g_bottom$grobs, function(x) x$name) == \"guide-box\")][[1]]\nplot_legend_bottom <- ggdraw() + draw_grob(as_grob(legend_grob_bottom))\n\n# Extract legend from the numeric plot\ng_right <- ggplotGrob(plots_num_all[[\"GDD_conservative\"]] + theme(legend.position = \"right\"))\nlegend_grob_right <- g_right$grobs[which(sapply(g_right$grobs, function(x) x$name) == \"guide-box\")][[1]]\nplot_legend_right <- ggdraw() + draw_grob(as_grob(legend_grob_right))\n\n# Bind elements\nplots_list <- c(plots_num_all, plots_cat_par, list(Legend = plot_legend_right) # add legend as object if it should be treated as a plot\n                )\n\n# add axis labels to left side plots\nplots_list[names(plots_list) %in% c(\"TREE_HEIGHT\", \"SLOPE_ASPECT_HL\", \"DROUGHT\")] <-\n  map(plots_list[names(plots_list) %in% c(\"TREE_HEIGHT\", \"SLOPE_ASPECT_HL\", \"DROUGHT\")],\n      ~ .x + theme(axis.text.y = element_text(), axis.ticks.y = element_line()))\n\n# Order plots\ndesired_order <- c(\"TREE_HEIGHT\", \"STAND_HEIGHT\",\n                   \"SOCIAL_SITUATION\", \"AWC\", \"DROUGHT\", \"RELIEF\", \n                   \"SLOPE_ASPECT_HL\", \"SLOPE_INCLINATION_DEG\", \"TREE_ELEVATION\",#, \"Legend\" # add legend as object if it should be treated as a plot\n                   \"GDD_conservative\", \"CDD_conservative\", \"Legend\")  \n\nordered_plots <- plots_list[desired_order]\n\n#letters_list[length(letters_list)] <- \"\"  # Remove letter assigned to legend legend if legend is treated as a plot\n```\n\n```{r order-plots-thematic}\n# Define plot groupings\ngroup_titles <- c(\n  \"Stand structure\",\n  \"Climate / Soil\",\n  \"Topography\"\n#  \"Temperature\"\n)\n\n# Split ordered plots into thematic rows\nplot_rows <- list(\n  ordered_plots[c(\"TREE_HEIGHT\", \"STAND_HEIGHT\", \"SOCIAL_SITUATION\", \"Legend\")],\n  ordered_plots[c(\"DROUGHT\", \"AWC\", \"GDD_conservative\", \"CDD_conservative\")],\n  ordered_plots[c(\"SLOPE_ASPECT_HL\", \"SLOPE_INCLINATION_DEG\", \"RELIEF\", \"TREE_ELEVATION\")])\n\nflat_plots <- unlist(plot_rows, recursive = FALSE)\n# Determine where the \"Legend\" is\nlegend_pos <- which(names(flat_plots) == \"Legend\")\n\n# Create letters and insert \"\" at the right spot\npanel_letters <- letters[1:(length(flat_plots) - 1)]\npanel_letters <- append(panel_letters, \"\", after = legend_pos - 1)\n\n# Define max columns (based on longest row)\nmax_cols <- max(lengths(plot_rows))\n\nn_rows <- length(plot_rows)\nn_cols <- max_cols\n\nx_positions <- rep(seq(0.083, 0.78, length.out = n_cols), times = n_rows)\ny_positions <- rep((seq(1.01, 0.35, length.out = n_rows)), each = n_cols)\n\n# Function to pad a row to fixed width\npad_row <- function(plots, total_cols = max_cols) {\n  n_missing <- total_cols - length(plots)\n  if (n_missing > 0) {\n    plots <- c(plots, rep(list(NULL), n_missing))  # pad with empty slots\n  }\n  return(plots)\n}\n\nplot_object <- tibble(\n  order = flat_plots[names(flat_plots)],\n  parameter = names(order),\n  letters = panel_letters)\n```\n\n```{r fig-effects-best-all-thematic, fig.width=10, fig.height=7, fig.cap=\"Species-specific environmental drivers beyond temperature shape the timing of leaf unfolding. Panels show the estimated effect of predictors present in species-specific best models, adjusted for the influence of other included covariates at their mean values. Shaded areas and error bars represent 95% confidence intervals.\"}\nrotated_label <- function(label_text) {\n  ggdraw() + \n    draw_line(\n      x = c(-0.2, -0.2),  # shift line (to the right with negative values)\n      y = c(0.05, 0.95),\n      size = 1.2, color = \"grey\") +\n    draw_label(label_text,\n      x = 0.35,  # shift topic label\n      angle = 90, hjust = 0.5, vjust = 0.5, size = 13)\n    #theme(plot.margin = margin(t = 0, r = 0, b = 0, l = 0)) # pulls label closer\n}\n\n# adjust for column with narrow plots due to axis labels\naligned_plot_rows <- map(plot_rows, ~ align_plots(plotlist = pad_row(.x), align = \"hv\", axis = \"tblr\"))\n\nannotated_rows <- map2(aligned_plot_rows, group_titles,\n  ~ plot_grid(\n      rotated_label(.y),\n      plot_grid(plotlist = .x, ncol = max_cols),\n      ncol = 2,\n      rel_widths = c(0.025, 0.95), # control distance between group label and line\n      align = \"v\",\n      axis = \"tb\"))\n\n# Combine into final layout\nfinal_plot <- plot_grid(\n  plotlist = annotated_rows,\n  ncol = 1) # uniform row heights\n\nfinal_plot_labeled <- ggdraw() +\n  draw_plot(final_plot,\n            x = 0.035, y = 0, # position of first panel starting with line\n            width = 0.95, # panel width\n            height = 1) +  \n  draw_label(\"Day of year\",\n    x = 0.01, y = 0.5,\n    angle = 90,\n    fontface = \"bold\",\n    size = 16) +\n  draw_plot_label(\n    label = panel_letters,  # reverse order of panel letters\n    x = x_positions,\n    y = y_positions,\n    size = 14,\n    fontface = \"bold\")\n\nfinal_plot_labeled\n```\n\n\n### Effects of interactions\n\n```{r interaction-effect-fun}\ninteraction_effect_fun <- function(model_string, species_string, term_string, lab_string, legend_string = c(\"low\", \"medium\", \"high\"), color_string = c(\"#FF7F00\", \"#698B22\", \"#1874CD\")){\n\nfiltered_models <- all_models %>% filter(str_detect(model_name, model_string), str_detect(SPECIES_SHORT, species_string))\nprediction <- predict_response(filtered_models$model[[1]], term = term_string)\n  \nggplot(prediction, aes(x = x, y = predicted)) +\n  geom_ribbon(aes(ymin = conf.low, ymax = conf.high, group = group), \n                fill = \"grey\", alpha = 0.3, color = NA)+\n  geom_line(size = 1, aes(group = factor(group), colour = factor(group))) +\n  labs(x = lab_string, y = \"\", colour = \"Group\") +\n  scale_color_manual(values = color_string, labels = legend_string) +\n  coord_cartesian(ylim = c(80, 140))+ # specified as coord carthesian to avoid cutting confidence intervals outside the ylim\n  guides(colour = guide_legend(reverse = TRUE)) + # Reverse the legend order\n  theme_report(legend.position = \"top\", hjust = 0.5) +\n  theme_nature()+\n  theme(axis.text.y = element_text(size = 10, vjust = 0.5, hjust = 0.5),\n        axis.title.y = element_text(size = 11, vjust = 0.5, hjust = 0.5, angle=90),\n        legend.position = \"bottom\",\n        plot.margin = margin(t = 0, b = 4, r = 6, l = 0))\n}\n```\n\n```{r fig-effects-warming-chilling-tc1, fig.width = 4, fig.height = 4, fig.cap=\"Effect of the interaction between GDD and CDD at low, medium and high CDD in the best model of linden. Predictions are adjusted to mean covariate values, with 95% confidence intervals (grey).\"}\ninteraction_effect_fun(\"best_con_1\", \"TC\", c(\"GDD_conservative [all]\", \"CDD_conservative\"), \"GDD (° C · days)\", c(\"low CDD\", \"medium CDD\", \"high CDD\"))\n```\n\n```{r fig-effects-awc-cwb, fig.width = 4, fig.height = 4, fig.cap=\"Effect of the interaction between AWC and CWB at low, medium and high AWC in the best model of spruce. Predictions are adjusted to mean covariate values. Shaded areas represent 95% confidence intervals.\"}\ninteraction_effect_fun(\"best_con_1\", \"PA\", c(\"DROUGHT [all]\", \"AWC\"), \"CWB (mm)\", c(\"low AWC\", \"medium AWC\", \"high AWC\"))\n```\n\n\n```{r save-output}\nsaveRDS(model_filter, paste0(path_output_data, \"/model_filter.rds\"))\nsaveRDS(plot_object, paste0(path_output_data, \"/facet_reference.rds\"))\n```\n","srcMarkdownNoYaml":"\n\n# Species comparison\n\n```{r source, include=FALSE}\nlocation <- paste0(getwd())\nsource(paste0(\"../00_helpers/setup.R\")) #common libraries and custom functions\nsource(paste0(\"../00_helpers/species_and_phases.R\"))\n\nlib_results <- c(\n  \"ggeffects\",\n  \"nlme\",\n  \"cowplot\",\n  \"ggtext\", # html formatting of superscript\n  \"ggh4x\" # nested facets\n  )\npackage_fun(lib_results, \"results2\")\n\ntype <- \"con\"\n```\n\n\n```{r load-table, include=FALSE}\ncoeff_table <- list.files(path = paste0(path_output_data),\n                     pattern = \"^table.*\\\\.csv$\",\n                     full.names = TRUE) %>%\n  setNames(nm = sapply(basename(.), function(x) {\n    parts <- unlist(strsplit(x, \"_\"))\n    paste(parts[1:2], collapse = \"_\")\n  })) %>%\n  lapply(read.csv) %>% \n  bind_rows() %>%\n  unite(\"GROUP\", model_name, SPECIES, sep=\"_\", remove=FALSE)\n```\n\n```{r format-p-table}\np_table <- coeff_table %>% \n  mutate(SPECIES_SHORT = SPECIES,\n         SPECIES = recode(SPECIES_SHORT, !!!rename_species_en),\n         label = label_fun_sim(term, \"short\"),\n         PARAMETER = label,\n         model_name = case_when(model_name %like% \"parsimonious.*a\" ~ \"parsimonious model 1\",\n                          model_name %like% \"parsimonious.*b\" ~ \"parsimonious model 2\",\n                          model_name %like% \"parsimonious.*c\" ~ \"parsimonious model 3\",\n                          TRUE ~ model_name)) %>% \n  arrange(SPECIES,\n          str_detect(term, \"sd_\"),\n          str_detect(term, \"Intercept\"),\n          str_detect(term, \"TREE_HEIGHT\"),\n          str_detect(term, \"DROUGHT\"),\n          str_detect(term, \"ELEVATION\"),\n          str_detect(term, \":\"),\n          str_detect(term, \"CDD\"),\n          str_detect(term, \"GDD\"),\n          term) %>% \n  mutate(across(where(is.numeric), ~ round(.x, 3))) %>%\n  mutate(p.value = as.character(p.value),\n         p.value = case_when(p.value == 0.000 ~ \"≤ 0.001\",\n                             TRUE ~ p.value))\n\nsaveRDS(p_table, paste0(path_output_data, \"/p_table.rds\"))\n\np_table_test <- p_table %>%\n    filter(str_detect(model_name, paste0(\"temp_test_con_int\")))\n\np_table_refined <- p_table %>%\n    filter(str_detect(model_name, paste0(\"ref_imp_con_int$\")))\n\np_table_parsimonious <- p_table %>% \n    filter(str_detect(model_name, paste0(\"parsimonious_con_d2\")))\n\np_table <- p_table %>%\n    filter(str_detect(model_name, paste0(\"best_con_1\")))\n```\n\n```{r load-augment}\naugment <- list.files(path = paste0(path_output_data),\n                     pattern = \"^augment.*\\\\.rds$\",\n                     full.names = TRUE) %>%\n  setNames(nm = sapply(basename(.), function(x) {\n    parts <- unlist(strsplit(x, \"_\"))\n    paste(parts[1:2], collapse = \"_\")\n  })) %>%\n  lapply(readRDS) %>% \n  bind_rows() %>% \n  unite(\"GROUP\", model_name, SPECIES_SHORT, sep=\"_\", remove=FALSE) %>%\n  filter(str_detect(model_name, paste0(type)))\n```\n\n```{r load-data}\ndata_unscaled <- list.files(path = paste0(path_own_data),\n                     pattern = \"^data_unscaled.*\\\\.rds$\",\n                     full.names = TRUE) %>%\n  setNames(nm = sapply(basename(.), function(x) {\n    parts <- unlist(strsplit(x, \"_\"))\n    paste(parts[1:2], collapse = \"_\")\n  })) %>%\n  lapply(readRDS) %>% \n  bind_rows()\n```\n\n```{r load-selection-parameters}\nselection_parameters <- list.files(path = paste0(path_output_data),\n                     pattern = \"^selection_parameters.*\\\\.rds$\",\n                     full.names = TRUE) %>%\n  lapply(readRDS) %>% \n  bind_rows() %>% \n  filter(model_name %like% \"con\") %>%\n  mutate(type = case_when(model_name %like% \"parsimonious.*a\" ~ \"parsimonious model 1\",\n                          model_name %like% \"parsimonious.*b\" ~ \"parsimonious model 2\",\n                          model_name %like% \"parsimonious.*c\" ~ \"parsimonious model 3\",\n                          TRUE ~ type))\n```\n\n```{r load-con-variations-summary}\ncon_var <- list.files(path = paste0(path_output_data),\n                      pattern = \"^con_variations_.*\\\\.rds$\",\n                      full.names = TRUE) %>%\n  setNames(nm = sapply(basename(.), function(x) {\n    parts <- unlist(strsplit(x, \"_\"))\n    paste(parts[3:3], collapse = \"_\")\n  })) %>%\n  lapply(readRDS) %>% \n  bind_rows()\n```\n\n```{r load-weights}\nweights_raw <- list.files(path = paste0(path_output_data),\n                     pattern = \"^weights_.*\\\\.rds$\",\n                     full.names = TRUE) %>%\n  setNames(nm = sapply(basename(.), function(x) {\n    parts <- unlist(strsplit(x, \"_\"))\n    paste(parts[1:2], collapse = \"_\")\n  })) %>%\n  lapply(readRDS) %>% \n  bind_rows() %>%\n  filter(str_detect(MODEL, paste0(type)))\n```\n\n```{r fun-format-equations}\nlabel_stats_fun <- function(term) {\n  # strip doy\n  term <- str_replace_all(term, \"doy ~\", \"\")\n  # strip 1\n  term <- str_replace_all(term, \"\\\\+\\\\s*1\", \"\")\n  term <- str_replace_all(term, \"1\\\\s*\\\\+\", \"\")\n  \n  # Correctly format interactions (replace * and separate interaction terms)\n  term <- str_replace_all(term, \"\\\\:\", \" * \")  \n  \n  # Remove ', degree = 2' with flexible spaces\n  term <- str_replace_all(term, \",\\\\s*degree\\\\s*=\\\\s*2\", \"\")\n\n  # Remove trailing '1' or '2' after the closing parenthesis\n  term <- str_replace_all(term, \"\\\\)\\\\s*[12]\", \")\")\n  \n  # Replace specific variables with formatted labels\n  term <- str_replace_all(term, \"CLIM_BALANCE\", \"CWB\")\n  term <- str_replace_all(term, \"CDD_conservative\", \"CDD\")\n  term <- str_replace_all(term, \"CDD_mainstream\", \"CDD\")\n  term <- str_replace_all(term, \"GDD_conservative\", \"GDD\")\n  term <- str_replace_all(term, \"GDD_mainstream\", \"GDD\")\n  term <- str_replace_all(term, \"TREE_ELEVATION\", \"Elevation\")\n  term <- str_replace_all(term, \"TREE_HEIGHT\", \"Tree height\")\n  term <- str_replace_all(term, \"STAND_HEIGHT\", \"Stand height\")\n  term <- str_replace_all(term, \"EDGE_DISTANCE_IMPUTED\", \"Distance forest edge imputed\")\n  term <- str_replace_all(term, \"EDGE_DIST\", \"Distance forest edge\")\n  term <- str_replace_all(term, \"SLOPE_ASPECT_HL\", \"Slope aspect\")\n  term <- str_replace_all(term, \"SLOPE_INCLINATION_DEG\", \"Slope inclination\")\n  term <- str_replace_all(term, \"DROUGHT\", \"CWB\")\n  term <- str_replace_all(term, \"AWC\", \"AWC\")\n  term <- str_replace_all(term, \"RELIEF\", \"Relief\")\n  term <- str_replace_all(term, \"SOCIAL_SITUATION\", \"Social position\")\n  term <- str_replace_all(term, \"METEO_ID\", \"Site\")\n  term <- str_squish(term)\n  term\n}\n\nrearrange_terms <- function(expression) {\n  terms <- unlist(strsplit(expression, \" \\\\+ \")) |> trimws()\n\n  interaction_terms <- terms[str_detect(terms, \"\\\\s*\\\\*\\\\s*\")]\n\n  temp_interaction_terms <- keep(interaction_terms, ~ str_detect(.x, \"GDD|CDD\"))\n  env_interaction_terms <- setdiff(interaction_terms, temp_interaction_terms)\n\n  other_terms <- setdiff(terms, interaction_terms)\n  all_interaction_terms <- c(temp_interaction_terms, env_interaction_terms)\n  other_terms <- keep(other_terms, ~ !any(str_detect(all_interaction_terms, fixed(.x))))\n\n  gdd_terms <- keep(other_terms, ~ str_detect(.x, \"GDD\"))\n  cdd_terms <- keep(other_terms, ~ str_detect(.x, \"CDD\"))\n\n  other_terms_clean <- setdiff(other_terms, c(gdd_terms, cdd_terms))\n\n  reordered_terms <- c(gdd_terms, cdd_terms, temp_interaction_terms, other_terms_clean, env_interaction_terms)\n  paste(reordered_terms, collapse = \" + \")\n}\n```\n\n## Variable importance\n\n```{r tbl-conservative-variations}\n#| tbl-cap: Number of conservative model variations with delta cAIC < 4 and < 2.\n\ntable <- con_var %>%\n  datatable(rownames = FALSE, filter = 'top', options = list(scrollX = TRUE, pageLength = 10), colnames = c(\"Species\", \"sum Δ cAIC < 4\" , \"sum Δ cAIC < 2\" , \"max 𝓌ᵢ Δ cAIC < 4\", \"max 𝓌ᵢ Δ cAIC < 2\"))\ntable\n```\n\n\n```{r fig-importance, fig.width=7, fig.height=6, fig.cap=\"Relative variable importance (VI) in high-performing models of leaf unfolding. Shown are the VI of model variations with ΔcAIC < 2 (cAIC = conditional Akaike Information Criterion) relative to the model with the lowest cAIC that contain GDD and ≤ 10 main effects and interactions. A VI of 1 signals high importance relative to other variables, while lower values suggest that a variable appeared in fewer models or models with lower Akaike weights. Variables with the prefix “poly” were modelled with a non-linear relationship to DOY (Methods). The colon (:) indicates an interaction between two variables. Blanks represent variables that were not present in any well-performing models.\"}\n\nweights <- list.files(path = paste0(path_output_data),\n                     pattern = \"^weights.*\\\\.rds$\",\n                     full.names = TRUE) %>%\n  setNames(nm = sapply(basename(.), function(x) {\n    parts <- unlist(strsplit(x, \"_\"))\n    paste(parts[1:2], collapse = \"_\")\n  })) %>%\n  lapply(readRDS) %>% \n  bind_rows() %>%\n  filter(MODEL == \"con\",\n         DELTA == \"D2\") %>%\n  mutate(\n  SPECIES_SHORT = str_extract(model_id, \"(?<=con_)[A-Z]{2}\"),\n  SPECIES = recode(SPECIES_SHORT, !!!rename_species_en),\n  order_num = case_when(PARAMETER_ABBR %like% \"Elevation\" ~ 0, # define parameter order within group\n                        PARAMETER_ABBR %like% \"Relief\" ~ 1,\n                        PARAMETER_ABBR %like% \"Slope inclination)\" ~ 2,\n                        PARAMETER_ABBR %like% \"Slope inc\" ~ 3,\n                        PARAMETER_ABBR %like% \"Slope aspect)\" ~ 3,\n                        PARAMETER_ABBR %like% \"CWB\" ~ 15,\n                        PARAMETER_ABBR %like% \"poly(AWC)\" ~ 15,\n                        PARAMETER_ABBR == \"poly(AWC)\" ~ 15,\n                        PARAMETER_ABBR %like% \"Social\" ~ 6,\n                        PARAMETER_ABBR %like% \"Stand\" ~ 7,\n                        PARAMETER_ABBR %like% \"Tree\" ~ 8,\n                        PARAMETER_ABBR == \"CDD\" ~ 9,\n                        PARAMETER_ABBR %like% \"CDD:poly\\\\(GDD\\\\)\" ~ 10,\n                        PARAMETER_ABBR %like% \"poly\\\\(GDD\\\\)\" ~ 11,\n                        PARAMETER_ABBR %like% \"CDD:GDD$\" ~ 12,\n                        PARAMETER_ABBR == \"GDD\" ~ 13,\n                        TRUE ~ 0),\n  category = case_when(PARAMETER_ABBR %like% \"CWB\" ~ \"Climate / Soil\",\n                              PARAMETER_ABBR %like% \"AWC\" ~ \"Climate / Soil\",\n                              category %like% \"Climate\" ~ \"Climate / Soil\",\n                              TRUE ~ category),\n  PARAMETER = fct_reorder(PARAMETER_ABBR, order_num), # apply parameter order within group\n  category = fct_relevel(category, \"Stand structure\", \"Climate / Soil\", \"Topography\", \"Other\"), # order parameter groups\n  WEIGHT = round(WEIGHT, 2),\n  WEIGHT = case_when(SPECIES_SHORT == \"TC\" & PARAMETER == \"poly(Stand height):poly(Tree height)\" ~ 0.002,\n                     TRUE ~ WEIGHT)\n  )\n  \nggplot(weights, aes(x = SPECIES, y = PARAMETER, fill = WEIGHT)) +\n  geom_tile() +\n  scale_fill_gradient2(low = \"white\", mid = \"grey\", high = \"#9CB51D\", midpoint = 0.5, limit = c(0, 1), na.value = NA, name = \"VI\") +\n  geom_text(aes(label = WEIGHT), size = 3, vjust = 0, colour = \"#4F4F4F\") +\n  xlab(\"\") +\n  ylab(\"\") +\n  scale_x_discrete(position = \"top\") +\n  facet_nested(rows = vars(category), scales = \"free_y\", space = \"free_y\", switch = \"y\") +\n  theme_report(legend.position=\"right\") +\n  theme(\n    legend.title = element_text(size = 12, face = \"bold\", hjust=0.1),\n    axis.text.x = element_text(hjust = 0.5),\n    strip.background = element_blank(),\n    strip.text = element_text(face = \"bold\", size = 10, hjust = 0.5),\n    panel.spacing.y = unit(1.5, \"lines\"),\n    axis.line.y = element_line(colour = \"grey\", linewidth = 1.2),\n    panel.grid = element_blank())\n```\n\n## Model selection\n\n\n```{r set-filter-and-order}\nmodel_filter <- selection_parameters %>%\n  filter(model_name %like% \"con\", # select conservative \n         model_name %like% \"best_con_1\" | model_name %like% \"parsimonious_con_d2\" | model_name == \"ref_imp_con_int\" | model_name %like% \"ref_true_con_int\") %>%\n  pull(model_name)\n\nmodel_order <- c(\"best model\", \"parsimonious model 1\", \"parsimonious model 2\", \"parsimonious model 3\", \"refined model\", \"traditional model\")\n```\n\n\n```{r tbl-delta-caic}\n#| tbl-cap: Delta cAIC of best conservative models per type across species.\n\ndelta_caic <- selection_parameters %>%\n  select(model_name, type, cAIC, logLik, RMSE, terms_count, SPECIES_SHORT) %>%\n  filter(model_name %in% model_filter) %>%\n  group_by(SPECIES_SHORT) %>%\n  mutate(d.cAIC = cAIC - min(cAIC, na.rm = TRUE),\n         RMSE_PERC = round(100 * RMSE / max(RMSE), 0)) %>%  # recalculate the delta values here to be sure they are correct\n  mutate(type = factor(type, levels = model_order)) %>%\n  arrange(SPECIES_SHORT, type)\n\nsaveRDS(delta_caic %>% ungroup(), paste0(path_output_data, \"/delta_caic.rds\"))\n\ntable <- delta_caic %>%\n  mutate_if(is.numeric, round, 2) %>%\n  select(SPECIES_SHORT, type, cAIC, d.cAIC, logLik, RMSE, RMSE_PERC, terms_count) %>%\n  datatable(filter = 'top', options = list(scrollX = TRUE, pageLength = 10), rownames=FALSE, colnames = c(\"Species\", \"Model type\" , \"cAIC\", \"ΔcAIC\" , \"log (𝓛)\", \"RMSE\", \"% RMSE\", \"K\"))\ntable\n```\n\n\n```{r tbl-calls}\n#| tbl-cap: Model formula of best conservative models per type across species.\n\nbest_calls <- selection_parameters %>%\n  filter(model_name %in% model_filter) %>%\n  select(model_name, type, fixed_effects, SPECIES_SHORT) %>%\n  pivot_wider(names_from = SPECIES_SHORT, values_from = fixed_effects) %>%\n  mutate(type = factor(type, levels = model_order)) %>% \n  arrange(type) %>%\n  rename(Beech = FS,\n         Larch = LD,\n         Spruce = PA,\n         Linden = TC) %>%\n  select(-model_name) %>%\n  mutate(across(2:5, label_stats_fun),\n         across(2:5, ~map_chr(.x, rearrange_terms)))\n\nsaveRDS(best_calls, paste0(path_output_data, \"/calls_selected.rds\"))\n\ntable <- best_calls %>%\n  mutate_if(is.numeric, round, 2) %>%\n  datatable(filter = 'top', options = list(scrollX = TRUE, pageLength = 10, dom = 'Bfrtip'), rownames=FALSE)\ntable\n```\n\n\n## Model prediction accuracy\n\n```{r fig-fixed-vs-observed, fig.width=5, fig.height = 5, fig.cap =\"Model prediction accuracy using refined temperature-only models (black) and best models (green) to predict leaf unfolding across populations. Across-population predictions are based solely on fixed effects, excluding random effects and thus representing a generalized prediction. The dashed lines indicate perfect prediction of leaf unfolding, and deviations from it reflect prediction error.\"}\nggplot(data_unscaled %>%\n         left_join(augment %>%\n                     select(METEO_ID, year, .fixed, model_name, SPECIES_SHORT), by=c(\"METEO_ID\", \"year\", \"SPECIES_SHORT\")) %>%\n         filter(str_detect(model_name, \"best_con_1|ref_imp_con_int$\") & !str_detect(model_name, \"slo\")) %>%\n         mutate(SPECIES = recode(SPECIES_SHORT, !!!rename_species_en))) +\n  geom_point(aes(y=.fixed, x= doy, group=model_name, colour=model_name), shape=21, alpha = 0.4)+\n  geom_abline(slope = 1, intercept = 0, color = \"black\", linetype = \"dashed\", size = 0.5) +\n  #geom_smooth(aes(y=VALUE, x= doy, group=model_name, colour=model_name), method=\"loess\", se=FALSE)+\n  geom_smooth(aes(y=.fixed, x= doy, group=model_name, colour=model_name), method=\"lm\", se=FALSE)+\n  facet_wrap(~SPECIES, ncol = 2, scales = \"fixed\") +\n  ylab(\"Predicted day of year\") +\n  xlab(\"Observed day of year\") +\n  scale_colour_manual(\n    values = c(\"best_con_1\" = \"#43CD80\", \"ref_imp_con_int\" = \"#666666\"),\n    labels = c(\"best_con_1\" = \"Best model\", \n               \"ref_imp_con_int\" = \"Refined model\"))+\n  theme_report(legend.position=\"top\", angle=90) +\n  theme(strip.background = element_rect(fill = NA, colour = NA, size = 1),\n        strip.text = element_markdown(hjust = 0.5, face = \"bold\"),\n        panel.border = element_rect(color = \"#CCCCCC\", fill = NA, linewidth=0.005))\n```\n\n\n\n\n## Coefficients\n\n\n\n```{r coeff-plot-fun}\ncoeff_fun <- function(data, filter_string, facet, rows) {\n  filtered_data <- data %>%\n    filter(\n      !term %like% \"sd\",\n      !term %like% \"cor\",\n      !term %like% \"Intercept\",\n      str_detect(model_name, filter_string)\n    ) %>%\n    arrange(term) %>%\n    mutate(\n      term = factor(term, levels = unique(term)),\n      label = factor(label, levels = unique(label)),\n      significance = factor(ifelse(p.value < 0.05, \"significant\", \"not significant\"), \n                            levels = c(\"significant\", \"not significant\"))\n    )\n  \n  ggplot(filtered_data, aes(x = estimate, y = label)) +\n    geom_vline(xintercept = 0, linetype = \"dashed\", size = 1, colour = \"grey\") +\n    geom_pointrange(aes(xmin = conf.low, xmax = conf.high, colour=significance), \n                    position=position_jitter(width=0.5), shape=21) +\n    scale_colour_manual(values = c(\"significant\" = \"#008B00\", \"not significant\" = \"grey\")) +\n    guides(colour = guide_legend(title = NULL)) +\n    facet_wrap(as.formula(paste0(\"~\", facet)), scales = \"free_x\", nrow = rows) +\n    ylab(\"\") +\n    xlab(\"Estimate\") +\n    theme(panel.border = element_rect(color = \"grey\", fill = NA, size = 0.4)) +\n    theme_report(legend.position = \"top\", angle = 90)\n}\n```\n\n\n### Reference models\n\nReference models with random slopes for warming and chilling never converged, even when warming was simplified to a linear term only. Models with a random slope for warming but not chilling converged only for Larix decidua and Tilia cordata, but not Picea abies and Fagus sylvatica. In general reference models for Fagus sylvatica had more conversion issues than reference models of other species.\n\n```{r fig-forrest-reference, fig.cap=\"Coefficient estimate and standard error per term for all zero models.\", fig.retina=2}\ncoeff_fun(coeff_table, \"ref_imp\", \"SPECIES\", 1)\n```\n\n\n```{r tbl-coefficients-refined}\n#| tbl-cap: Coefficient estimates, confidence limits of 95% confidence intervals (conf.low, conf.high), standard error (SE) of coefficient estimates and p-values of refined models. The terms sd Intercept and sd Residuals describe the standard deviation of the random intercept and the residuals.\n\ntbl <- p_table_refined %>%\n    select(SPECIES, PARAMETER, everything(), -term, -model_name, -statistic, -category, -visual, -SPECIES_SHORT, -label, -GROUP) %>% \n    datatable(filter = 'top', options = list(scrollX = TRUE, pageLength = 10), rownames=FALSE, colnames = c(\"Species\", \"Predictor\", \"conf.low\", \"estimate\" , \"conf.high\", \"SE\", \"p-value\")\n)\ntbl\n```\n\n\n### Best models\n\n\n\n```{r tbl-coefficients-best}\n#| tbl-cap: Coefficient estimates, confidence limits of 95% confidence intervals (conf.low, conf.high), standard error (SE) of coefficient estimates and p-values of best models. The terms sd Intercept and sd Residuals describe the standard deviation of the random intercept and the residuals. The reference levels for relief position and social situation are “upper slope” and “forest”, respectively.\n\ntbl <- p_table %>%\n    select(SPECIES, PARAMETER, everything(), -term, -model_name, -statistic, -category, -visual, -SPECIES_SHORT, -label, -GROUP) %>% \n    datatable(filter = 'top', options = list(scrollX = TRUE, pageLength = 10), rownames=FALSE, colnames = c(\"Species\", \"Predictor\" , \"conf.low\", \"estimate\" , \"conf.high\", \"SE\", \"p-value\")\n)\ntbl\n```\n\n### Parsimonious models\n\n\n\n```{r tbl-coefficients-pars}\n#| tbl-cap: Coefficient estimates, confidence limits of 95% confidence intervals (conf.low, conf.high), standard error (SE) of coefficient estimates and p-values of most parsimonious models. The terms sd Intercept and sd Residuals describe the standard deviation of the random intercept and the residuals. The reference levels for relief position and social situation are “upper slope” and “forest”, respectively.\n\ntbl <- p_table_parsimonious %>%\n  mutate(model_name = case_when(model_name %like% \"parsimonious.*a\" ~ \"parsimonious model 1\",\n                                model_name %like% \"parsimonious.*b\" ~ \"parsimonious model 2\",\n                                model_name %like% \"parsimonious.*c\" ~ \"parsimonious model 3\",\n                                TRUE ~ model_name)) %>%\n  arrange(SPECIES, model_name) %>% \n  select(SPECIES, model_name, PARAMETER, everything(), -term, -statistic, -category, -visual, -SPECIES_SHORT, -label, -GROUP) %>% \n  datatable(filter = 'top', options = list(scrollX = TRUE, pageLength = 10), rownames=FALSE, colnames = c(\"Species\", \"Model\", \"Predictor\" , \"conf.low\", \"estimate\" , \"conf.high\", \"SE\", \"p-value\"))\ntbl\n```\n\n\n## Effects of variables\n\n\n```{r load-all-models}\nall_models <- list.files(path = paste0(path_output_data),\n                     pattern = \"^models.*\\\\.rds$\",\n                     full.names = TRUE) %>%\n  lapply(readRDS) %>% \n  bind_rows()\n```\n\n```{r fun-process-and-predict-all-models}\nprocess_and_predict_df <- function(model_df, family) {\n  predictions_df <- NULL\n  filtered_model_df <- model_df %>% filter(str_detect(model_name, family))\n    \n  random_simple <- readRDS(paste0(path_output_data, \"/random_simple.rds\"))\n  assign(\"random_simple\", random_simple, envir = .GlobalEnv)\n    \n  autoregression_simple <- readRDS(paste0(path_output_data, \"/autoregression_simple.rds\"))\n  assign(\"autoregression_simple\", autoregression_simple, envir = .GlobalEnv)\n  \n  for (i in seq_len(nrow(filtered_model_df))) {\n    model <- filtered_model_df$model[[i]] # filter model\n    fixed_effects <- formula(model) # get fixed effects\n    model[[\"call\"]][[\"fixed\"]] <- as.formula(fixed_effects) # paste fixed effect back into the model to replace \"fixed effects\"\n    terms <- filtered_model_df[[\"terms\"]][[i]] # get terms\n\n    for (term in terms) {\n      # make prediction\n      prediction <- tryCatch({\n        predict_response(model, terms = paste(term, \"[all]\", sep = \" \"))\n      }, error = function(e) {\n        NULL  # Return NULL on error\n      }) %>%\n        as.data.frame() %>% # transform prediction output to data frame\n        mutate(model_name = paste0(filtered_model_df$model_name[[i]]), # add model name\n               SPECIES_SHORT = paste0(filtered_model_df$SPECIES_SHORT[[i]])) # add species\n      \n      if (!is.null(prediction)) {\n        prediction$x <- as.numeric(as.character(prediction$x))\n        #prediction$Model <- species\n        prediction$Term <- term\n        \n        if (is.null(predictions_df)) {\n          predictions_df <- prediction\n        } else {\n          predictions_df <- bind_rows(predictions_df, prediction) %>% as.data.frame() %>% mutate(Label = label_fun_sim(Term, col = \"short\"))\n        }\n      }\n    }\n  }\n  \n  predictions_df\n}\n\nsaveRDS(process_and_predict_df, paste0(path_helpers, \"/process_and_predict_df.rds\"))\n```\n\n\n```{r extract-effects-best-con, include=FALSE}\n# categoric variables\nmodels_categoric <-  all_models %>% filter(model_name == \"best_con_1\", SPECIES_SHORT == \"LD\")\n\nrandom_simple <- readRDS(paste0(path_output_data, \"/random_simple.rds\"))\n  assign(\"random_simple\", random_simple, envir = .GlobalEnv)\n    \nautoregression_simple <- readRDS(paste0(path_output_data, \"/autoregression_simple.rds\"))\n  assign(\"autoregression_simple\", autoregression_simple, envir = .GlobalEnv)\n\neffects_relief <- predict_response(models_categoric[[3]][[1]], terms = \"RELIEF [all]\", sep = \" \") %>%\n  as.data.frame() %>%\n  mutate(Term = \"RELIEF\",\n         SPECIES_SHORT = \"LD\")\n\neffects_social <- predict_response(models_categoric[[3]][[1]], terms = \"SOCIAL_SITUATION [all]\", sep = \" \") %>%\n  as.data.frame() %>%\n  mutate(Term= \"SOCIAL_SITUATION\",\n         SPECIES_SHORT = \"LD\")\n\neffects_best_con_categoric <- bind_rows(effects_social, effects_relief) %>%\n  mutate(PARAMETER = label_fun_sim(as.character(Term)),\n         Label = label_fun_sim(as.character(Term), col = \"short\"),\n         SPECIES = recode(SPECIES_SHORT, !!!rename_species_en))\n\n# numeric variables\neffects_best_con_numeric <- process_and_predict_df(all_models, \"best_con_1\") %>%\n  mutate(Label = label_fun_sim(as.character(Term), col = \"short\"))\n```\n\n```{r effect-size-best-con}\n# standardize effect size and estimate potential effect on net ecosystem productivity in CO2\neffects_best_numeric <- effects_best_con_numeric %>% mutate(x = as.character(x))\neffects_best_categoric <- effects_best_con_categoric %>% mutate(x = as.character(x))\n\neffect_size_best <- bind_rows(effects_best_numeric, effects_best_categoric) %>%\n  group_by(SPECIES_SHORT, Term, Label) %>%\n  summarise(MAX_MEAN_EFFECT_SIZE = round(max(predicted) - min(predicted), 2),\n            MEAN_STD_ERROR = round(mean(std.error), 2),\n            MIN_TERM = x[which.min(predicted)],\n            MAX_TERM = x[which.max(predicted)],\n            CARBON_PREDICTION = MAX_MEAN_EFFECT_SIZE * 4) %>%\n  arrange(desc(CARBON_PREDICTION)) %>%\n  filter(!is.na(Label),# remove excess labels from categoric variables\n         MAX_MEAN_EFFECT_SIZE > 0) %>% \n  rename(PARAMETER = Term) %>% \n  mutate(SPECIES = recode(SPECIES_SHORT, !!!rename_species_en)) %>%\n  ungroup() %>% \n  select(Label, SPECIES, everything())\n\nsaveRDS(effect_size_best %>% ungroup(), paste0(path_output_data, \"/effect_size_best_con.rds\"))\n```\n\n```{r fig-effect-size, fig.height=5, fig.width=6, fig.cap=\"Estimated shift (d) between earliest and latest DOY across the observed range of each environmental variable, based on predictions adjusted to mean covariate values. For each species, colours are scaled so the darkest shade represents the strongest shift.\"}\nfacet_stats <- effect_size_best %>%\n  group_by(SPECIES) %>%\n  summarise(\n    min_val = min(MAX_MEAN_EFFECT_SIZE, na.rm = TRUE),\n    max_val = max(MAX_MEAN_EFFECT_SIZE, na.rm = TRUE),\n    mid_val = mean(MAX_MEAN_EFFECT_SIZE, na.rm = TRUE),\n    .groups = \"drop\")\n\neffect_scaled <- effect_size_best %>%\n  left_join(facet_stats, by = \"SPECIES\") %>%\n  mutate(scaled_effect = (MAX_MEAN_EFFECT_SIZE - min_val) / (max_val - min_val)) %>%\n  inner_join(label_table %>% select(term, param_order_c1, category), by = c(\"PARAMETER\" = \"term\")) %>% # partial join with order of parameters\n  mutate(category = case_when(category == \"Soil\" ~ \"Climate / Soil\",\n                              category == \"Drought\" ~ \"Climate / Soil\",\n                              category == \"Climate\" ~ \"Climate / Soil\",\n                              TRUE ~ category),\n         Label = case_when(Label %like% \"Social\" ~ \"Social position\",\n                          TRUE ~ Label),\n         order_num = case_when(PARAMETER %like% \"ELEVATION\" ~ 0, # define parameter order within group\n                        PARAMETER %like% \"RELIEF\" ~ 1,\n                        PARAMETER %like% \"INCLINATION\" ~ 2,\n                        PARAMETER %like% \"ASPECT\" ~ 3,\n                        PARAMETER %like% \"SOCIAL\" ~ 6,\n                        PARAMETER %like% \"STAND\" ~ 7,\n                        PARAMETER %like% \"HEIGHT\" ~ 8,\n                        PARAMETER %like% \"DROUGHT\" ~ 13,\n                        PARAMETER %like% \"AWC\" ~ 12,\n                        PARAMETER %like% \"CDD\" ~ 10,\n                        PARAMETER %like% \"GDD\" ~ 11,\n                        TRUE ~ 0),\n         PARAMETER = fct_reorder(Label, order_num),\n        category = fct_relevel(category, \"Stand structure\", \"Climate / Soil\", \"Topography\")) # order parameter groups\n\nggplot(effect_scaled, aes(x = SPECIES, y = PARAMETER, fill = scaled_effect)) +\n  geom_tile() +\n  scale_fill_gradient2(\n    low = \"#FFA54F\", mid = \"#FF7F24\", high = \"#CD661D\", midpoint = 0.5, limits = c(0, 1)) +\n  geom_text(aes(label = round(MAX_MEAN_EFFECT_SIZE, 2)), size = 4, vjust = 0, colour = \"#4F4F4F\") +\n  xlab(\"\") +\n  ylab(\"\") +\n  scale_x_discrete(position = \"top\") +\n  facet_nested(rows = vars(category), scales = \"free_y\", space = \"free_y\", switch = \"y\") +\n  theme_report(legend.position = \"none\") +\n  theme(\n    legend.title = element_text(size = 12, face = \"bold\", hjust = 0.1),\n    axis.text.x = element_text(hjust = 0.5, face = \"bold\"),\n    strip.background = element_blank(),\n    strip.text.y.left = element_text(face = \"bold\", size = 10, hjust = 0.5, colour = \"#757575\"),\n    panel.spacing.y = unit(1.1, \"lines\"),\n    axis.line.y = element_line(colour = \"grey\", linewidth = 1.2),\n    panel.grid = element_blank()\n  )\n```\n\n```{r effects-nature-fun}\ntheme_nature <- function() {\n  theme(\n    legend.position = \"none\",\n    axis.text.x = element_text(size = 11, vjust = 0.5, hjust = 0.5),\n    axis.text.y = element_blank(),\n    axis.ticks = element_blank(),\n    strip.background = element_rect(fill = NA, colour = NA, size = 1),\n    panel.spacing = unit(0, \"lines\"),\n    strip.text = element_markdown(hjust = 0),\n    plot.title = element_text(size = 11),\n    #axis.title.x = element_text(size = 11),\n    axis.title.y = element_blank(), # remove axis title to further reduce space between panels\n    plot.margin = margin(t = 0, b = 4, r = -5, l = 0),\n    panel.border = element_rect(color = \"#E8E8E8\", fill = NA, linewidth=1.5),\n    panel.grid.minor = element_blank(),\n    axis.title.x = element_markdown(size=11)\n  )\n}\n\n# numeric plots\neffects_fun_num <- function(data, label, type = \"line\"){\n  data <- data %>%\n    mutate(SPECIES = recode(SPECIES_SHORT, !!!rename_species_en),\n           Label = label_fun_sim(as.character(Term), col = \"short_with_units\")) %>% \n      filter(!is.na(x))\n  \n  terms <- unique(data$Term)\n  \n  plots <- list()\n  \n  for (i in terms) {\n    plot_data <- data %>%\n      filter(Term == i)\n\n    p <- ggplot(plot_data, aes(x = x, y = predicted, ymin = conf.low, ymax = conf.high)) +\n      geom_line(size = 1, aes(group = interaction(SPECIES, model_name), colour = SPECIES)) +\n      geom_ribbon(aes(ymin = conf.low, ymax = conf.high, fill = SPECIES_SHORT, group = interaction(SPECIES, model_name)), \n                  fill = \"grey\", alpha = 0.3, color = NA) +\n      labs(x = paste0(\" \", unique(plot_data$Label)), y = \"\") +\n      coord_cartesian(ylim = c(65, 150))+\n      ggtitle(paste0(\" \")) +\n      species_color_scale_en() +\n      #species_color_scale(paste0(label)) +\n      theme_report() +\n      theme_nature()\n    \n     plots[[i]] <- p\n  }\n    return(plots)\n}\n\n# categorical plots\neffects_fun_cat <- function(data, label, type = \"line\"){\n  terms <- unique(data$Term)\n  \n  plots <- list()\n  \n  data <- data %>%\n    mutate(SPECIES = recode(SPECIES_SHORT, !!!rename_species_en),\n           Label = label_fun_sim(as.character(Term), col = \"short_with_units\"))\n  \n  for (i in terms) {\n    order <- c(\"flat\", \"base\", \"mid\", \"upper\", \"free\", \"group\", \"forest\")\n    \n    plot_data <- data %>%\n      filter(Term == i) %>%\n      mutate(x = case_when(x %like% \"crest\" ~ \"upper\",\n                           x %like% \"base\" ~ \"base\",\n                           x %like% \"mid\" ~ \"mid\",\n                           x %like% \"stand\" ~ \"free\",\n                           TRUE ~ x), \n             x = factor(x, levels = c(order, setdiff(unique(x), order))))\n\n    p <- ggplot(plot_data, aes(x = x, y = predicted, ymin = conf.low, ymax = conf.high)) +\n      geom_errorbar(aes(ymin = conf.low, ymax = conf.high), width = 0.2, colour= \"grey\") +\n      geom_point(aes(colour = SPECIES), size = 2.5) +\n      labs(x = paste0(\" \", unique(plot_data$PARAMETER)), y = \"\") +\n      coord_cartesian(ylim = c(65, 150))+\n      ggtitle(paste0(\" \")) +\n      species_color_scale_en() +\n      #species_color_scale(paste0(label)) +\n      theme_report() +\n      theme_nature()\n    \n     plots[[i]] <- p\n  }\n    return(plots)\n}\n```\n\n```{r generate-plots}\n# Generate numeric and categorical plots\nplots_num_all <- effects_fun_num(effects_best_con_numeric, \"english\")\nplots_cat_par <- effects_fun_cat(effects_best_con_categoric, \"english\")\n\n# Extract legend from the numeric plot\ng_bottom <- ggplotGrob(plots_num_all[[\"GDD_conservative\"]] + theme(legend.position = \"bottom\"))\nlegend_grob_bottom <- g_bottom$grobs[which(sapply(g_bottom$grobs, function(x) x$name) == \"guide-box\")][[1]]\nplot_legend_bottom <- ggdraw() + draw_grob(as_grob(legend_grob_bottom))\n\n# Extract legend from the numeric plot\ng_right <- ggplotGrob(plots_num_all[[\"GDD_conservative\"]] + theme(legend.position = \"right\"))\nlegend_grob_right <- g_right$grobs[which(sapply(g_right$grobs, function(x) x$name) == \"guide-box\")][[1]]\nplot_legend_right <- ggdraw() + draw_grob(as_grob(legend_grob_right))\n\n# Bind elements\nplots_list <- c(plots_num_all, plots_cat_par, list(Legend = plot_legend_right) # add legend as object if it should be treated as a plot\n                )\n\n# add axis labels to left side plots\nplots_list[names(plots_list) %in% c(\"TREE_HEIGHT\", \"SLOPE_ASPECT_HL\", \"DROUGHT\")] <-\n  map(plots_list[names(plots_list) %in% c(\"TREE_HEIGHT\", \"SLOPE_ASPECT_HL\", \"DROUGHT\")],\n      ~ .x + theme(axis.text.y = element_text(), axis.ticks.y = element_line()))\n\n# Order plots\ndesired_order <- c(\"TREE_HEIGHT\", \"STAND_HEIGHT\",\n                   \"SOCIAL_SITUATION\", \"AWC\", \"DROUGHT\", \"RELIEF\", \n                   \"SLOPE_ASPECT_HL\", \"SLOPE_INCLINATION_DEG\", \"TREE_ELEVATION\",#, \"Legend\" # add legend as object if it should be treated as a plot\n                   \"GDD_conservative\", \"CDD_conservative\", \"Legend\")  \n\nordered_plots <- plots_list[desired_order]\n\n#letters_list[length(letters_list)] <- \"\"  # Remove letter assigned to legend legend if legend is treated as a plot\n```\n\n```{r order-plots-thematic}\n# Define plot groupings\ngroup_titles <- c(\n  \"Stand structure\",\n  \"Climate / Soil\",\n  \"Topography\"\n#  \"Temperature\"\n)\n\n# Split ordered plots into thematic rows\nplot_rows <- list(\n  ordered_plots[c(\"TREE_HEIGHT\", \"STAND_HEIGHT\", \"SOCIAL_SITUATION\", \"Legend\")],\n  ordered_plots[c(\"DROUGHT\", \"AWC\", \"GDD_conservative\", \"CDD_conservative\")],\n  ordered_plots[c(\"SLOPE_ASPECT_HL\", \"SLOPE_INCLINATION_DEG\", \"RELIEF\", \"TREE_ELEVATION\")])\n\nflat_plots <- unlist(plot_rows, recursive = FALSE)\n# Determine where the \"Legend\" is\nlegend_pos <- which(names(flat_plots) == \"Legend\")\n\n# Create letters and insert \"\" at the right spot\npanel_letters <- letters[1:(length(flat_plots) - 1)]\npanel_letters <- append(panel_letters, \"\", after = legend_pos - 1)\n\n# Define max columns (based on longest row)\nmax_cols <- max(lengths(plot_rows))\n\nn_rows <- length(plot_rows)\nn_cols <- max_cols\n\nx_positions <- rep(seq(0.083, 0.78, length.out = n_cols), times = n_rows)\ny_positions <- rep((seq(1.01, 0.35, length.out = n_rows)), each = n_cols)\n\n# Function to pad a row to fixed width\npad_row <- function(plots, total_cols = max_cols) {\n  n_missing <- total_cols - length(plots)\n  if (n_missing > 0) {\n    plots <- c(plots, rep(list(NULL), n_missing))  # pad with empty slots\n  }\n  return(plots)\n}\n\nplot_object <- tibble(\n  order = flat_plots[names(flat_plots)],\n  parameter = names(order),\n  letters = panel_letters)\n```\n\n```{r fig-effects-best-all-thematic, fig.width=10, fig.height=7, fig.cap=\"Species-specific environmental drivers beyond temperature shape the timing of leaf unfolding. Panels show the estimated effect of predictors present in species-specific best models, adjusted for the influence of other included covariates at their mean values. Shaded areas and error bars represent 95% confidence intervals.\"}\nrotated_label <- function(label_text) {\n  ggdraw() + \n    draw_line(\n      x = c(-0.2, -0.2),  # shift line (to the right with negative values)\n      y = c(0.05, 0.95),\n      size = 1.2, color = \"grey\") +\n    draw_label(label_text,\n      x = 0.35,  # shift topic label\n      angle = 90, hjust = 0.5, vjust = 0.5, size = 13)\n    #theme(plot.margin = margin(t = 0, r = 0, b = 0, l = 0)) # pulls label closer\n}\n\n# adjust for column with narrow plots due to axis labels\naligned_plot_rows <- map(plot_rows, ~ align_plots(plotlist = pad_row(.x), align = \"hv\", axis = \"tblr\"))\n\nannotated_rows <- map2(aligned_plot_rows, group_titles,\n  ~ plot_grid(\n      rotated_label(.y),\n      plot_grid(plotlist = .x, ncol = max_cols),\n      ncol = 2,\n      rel_widths = c(0.025, 0.95), # control distance between group label and line\n      align = \"v\",\n      axis = \"tb\"))\n\n# Combine into final layout\nfinal_plot <- plot_grid(\n  plotlist = annotated_rows,\n  ncol = 1) # uniform row heights\n\nfinal_plot_labeled <- ggdraw() +\n  draw_plot(final_plot,\n            x = 0.035, y = 0, # position of first panel starting with line\n            width = 0.95, # panel width\n            height = 1) +  \n  draw_label(\"Day of year\",\n    x = 0.01, y = 0.5,\n    angle = 90,\n    fontface = \"bold\",\n    size = 16) +\n  draw_plot_label(\n    label = panel_letters,  # reverse order of panel letters\n    x = x_positions,\n    y = y_positions,\n    size = 14,\n    fontface = \"bold\")\n\nfinal_plot_labeled\n```\n\n\n### Effects of interactions\n\n```{r interaction-effect-fun}\ninteraction_effect_fun <- function(model_string, species_string, term_string, lab_string, legend_string = c(\"low\", \"medium\", \"high\"), color_string = c(\"#FF7F00\", \"#698B22\", \"#1874CD\")){\n\nfiltered_models <- all_models %>% filter(str_detect(model_name, model_string), str_detect(SPECIES_SHORT, species_string))\nprediction <- predict_response(filtered_models$model[[1]], term = term_string)\n  \nggplot(prediction, aes(x = x, y = predicted)) +\n  geom_ribbon(aes(ymin = conf.low, ymax = conf.high, group = group), \n                fill = \"grey\", alpha = 0.3, color = NA)+\n  geom_line(size = 1, aes(group = factor(group), colour = factor(group))) +\n  labs(x = lab_string, y = \"\", colour = \"Group\") +\n  scale_color_manual(values = color_string, labels = legend_string) +\n  coord_cartesian(ylim = c(80, 140))+ # specified as coord carthesian to avoid cutting confidence intervals outside the ylim\n  guides(colour = guide_legend(reverse = TRUE)) + # Reverse the legend order\n  theme_report(legend.position = \"top\", hjust = 0.5) +\n  theme_nature()+\n  theme(axis.text.y = element_text(size = 10, vjust = 0.5, hjust = 0.5),\n        axis.title.y = element_text(size = 11, vjust = 0.5, hjust = 0.5, angle=90),\n        legend.position = \"bottom\",\n        plot.margin = margin(t = 0, b = 4, r = 6, l = 0))\n}\n```\n\n```{r fig-effects-warming-chilling-tc1, fig.width = 4, fig.height = 4, fig.cap=\"Effect of the interaction between GDD and CDD at low, medium and high CDD in the best model of linden. Predictions are adjusted to mean covariate values, with 95% confidence intervals (grey).\"}\ninteraction_effect_fun(\"best_con_1\", \"TC\", c(\"GDD_conservative [all]\", \"CDD_conservative\"), \"GDD (° C · days)\", c(\"low CDD\", \"medium CDD\", \"high CDD\"))\n```\n\n```{r fig-effects-awc-cwb, fig.width = 4, fig.height = 4, fig.cap=\"Effect of the interaction between AWC and CWB at low, medium and high AWC in the best model of spruce. Predictions are adjusted to mean covariate values. Shaded areas represent 95% confidence intervals.\"}\ninteraction_effect_fun(\"best_con_1\", \"PA\", c(\"DROUGHT [all]\", \"AWC\"), \"CWB (mm)\", c(\"low AWC\", \"medium AWC\", \"high AWC\"))\n```\n\n\n```{r save-output}\nsaveRDS(model_filter, paste0(path_output_data, \"/model_filter.rds\"))\nsaveRDS(plot_object, paste0(path_output_data, \"/facet_reference.rds\"))\n```\n"},"formats":{"html":{"identifier":{"display-name":"HTML","target-format":"html","base-format":"html"},"execute":{"fig-width":8,"fig-height":4,"fig-format":"retina","fig-dpi":96,"df-print":"default","error":false,"eval":true,"cache":null,"freeze":false,"echo":false,"output":"html_document","warning":false,"include":true,"keep-md":false,"keep-ipynb":false,"ipynb":null,"enabled":null,"daemon":null,"daemon-restart":false,"debug":false,"ipynb-filters":[],"ipynb-shell-interactivity":null,"plotly-connected":true,"message":false,"engine":"knitr"},"render":{"keep-tex":false,"keep-typ":false,"keep-source":false,"keep-hidden":false,"prefer-html":false,"output-divs":true,"output-ext":"html","fig-align":"default","fig-pos":null,"fig-env":null,"code-fold":true,"code-overflow":"wrap","code-link":false,"code-line-numbers":true,"code-tools":false,"tbl-colwidths":"auto","merge-includes":true,"inline-includes":false,"preserve-yaml":false,"latex-auto-mk":true,"latex-auto-install":true,"latex-clean":true,"latex-min-runs":1,"latex-max-runs":10,"latex-makeindex":"makeindex","latex-makeindex-opts":[],"latex-tlmgr-opts":[],"latex-input-paths":[],"latex-output-dir":null,"link-external-icon":false,"link-external-newwindow":false,"self-contained-math":false,"format-resources":[],"notebook-links":true},"pandoc":{"standalone":true,"wrap":"none","default-image-extension":"png","to":"html","highlight-style":"espresso","toc":true,"toc-depth":3,"output-file":"6_species_comparison_leaf_unfolding.html"},"language":{"toc-title-document":"Table of contents","toc-title-website":"On this page","related-formats-title":"Other Formats","related-notebooks-title":"Notebooks","source-notebooks-prefix":"Source","other-links-title":"Other Links","code-links-title":"Code Links","launch-dev-container-title":"Launch Dev Container","launch-binder-title":"Launch Binder","article-notebook-label":"Article Notebook","notebook-preview-download":"Download Notebook","notebook-preview-download-src":"Download Source","notebook-preview-back":"Back to Article","manuscript-meca-bundle":"MECA Bundle","section-title-abstract":"Abstract","section-title-appendices":"Appendices","section-title-footnotes":"Footnotes","section-title-references":"References","section-title-reuse":"Reuse","section-title-copyright":"Copyright","section-title-citation":"Citation","appendix-attribution-cite-as":"For attribution, please cite this work as:","appendix-attribution-bibtex":"BibTeX citation:","title-block-author-single":"Author","title-block-author-plural":"Authors","title-block-affiliation-single":"Affiliation","title-block-affiliation-plural":"Affiliations","title-block-published":"Published","title-block-modified":"Modified","title-block-keywords":"Keywords","callout-tip-title":"Tip","callout-note-title":"Note","callout-warning-title":"Warning","callout-important-title":"Important","callout-caution-title":"Caution","code-summary":"Code","code-tools-menu-caption":"Code","code-tools-show-all-code":"Show All Code","code-tools-hide-all-code":"Hide All Code","code-tools-view-source":"View Source","code-tools-source-code":"Source Code","tools-share":"Share","tools-download":"Download","code-line":"Line","code-lines":"Lines","copy-button-tooltip":"Copy to Clipboard","copy-button-tooltip-success":"Copied!","repo-action-links-edit":"Edit this page","repo-action-links-source":"View source","repo-action-links-issue":"Report an issue","back-to-top":"Back to top","search-no-results-text":"No results","search-matching-documents-text":"matching documents","search-copy-link-title":"Copy link to search","search-hide-matches-text":"Hide additional matches","search-more-match-text":"more match in this document","search-more-matches-text":"more matches in this document","search-clear-button-title":"Clear","search-text-placeholder":"","search-detached-cancel-button-title":"Cancel","search-submit-button-title":"Submit","search-label":"Search","toggle-section":"Toggle section","toggle-sidebar":"Toggle sidebar navigation","toggle-dark-mode":"Toggle dark mode","toggle-reader-mode":"Toggle reader mode","toggle-navigation":"Toggle navigation","crossref-fig-title":"Figure","crossref-tbl-title":"Table","crossref-lst-title":"Listing","crossref-thm-title":"Theorem","crossref-lem-title":"Lemma","crossref-cor-title":"Corollary","crossref-prp-title":"Proposition","crossref-cnj-title":"Conjecture","crossref-def-title":"Definition","crossref-exm-title":"Example","crossref-exr-title":"Exercise","crossref-ch-prefix":"Chapter","crossref-apx-prefix":"Appendix","crossref-sec-prefix":"Section","crossref-eq-prefix":"Equation","crossref-lof-title":"List of Figures","crossref-lot-title":"List of Tables","crossref-lol-title":"List of Listings","environment-proof-title":"Proof","environment-remark-title":"Remark","environment-solution-title":"Solution","listing-page-order-by":"Order By","listing-page-order-by-default":"Default","listing-page-order-by-date-asc":"Oldest","listing-page-order-by-date-desc":"Newest","listing-page-order-by-number-desc":"High to Low","listing-page-order-by-number-asc":"Low to High","listing-page-field-date":"Date","listing-page-field-title":"Title","listing-page-field-description":"Description","listing-page-field-author":"Author","listing-page-field-filename":"File Name","listing-page-field-filemodified":"Modified","listing-page-field-subtitle":"Subtitle","listing-page-field-readingtime":"Reading Time","listing-page-field-wordcount":"Word Count","listing-page-field-categories":"Categories","listing-page-minutes-compact":"{0} min","listing-page-category-all":"All","listing-page-no-matches":"No matching items","listing-page-words":"{0} words"},"metadata":{"lang":"en","fig-responsive":true,"quarto-version":"1.4.549","editor":"visual","page-layout":"full","code-summary":"Show the code","theme":"minty","code-folding":"hide","grid":{"body-width":"1100px"},"toc-location":"right","toc-float":{"collapsed":false,"number-sections":true},"editor_options":{"chunk_output_type":"inline"}},"extensions":{"book":{"multiFile":true}}}},"projectFormats":["html"]}