{"title":"Effect of leaf senescence on the timing of leaf unfolding","markdown":{"yaml":{"output":"html_document","editor_options":{"chunk_output_type":"inline"},"execute":{"freeze":false,"cache":false}},"headingText":"Effect of leaf senescence on the timing of leaf unfolding","containsRefs":false,"markdown":"\n\n\nThis additional analysis explores the effect of leaf colouring on the timing of leaf unfolding. The analysis additionally includes the DOY of leaf colouring of the previous year as a fixed effect in the best models of leaf unfolding for beech, larch and linden. I compare shifts in model performance (cAIC, RMSE), significance and direction of effects between best models with the original data set (best model), best models with a reduced data set (best model reduced) and best models updated with the DOY of leaf colouring with a reduced data set (best model senescence). The data set is reduced because of missing pairs between the DOY of leaf unfolding and the DOY of leaf colouring of the previous year.\n\n```{r load-libraries, include=FALSE}\nlocation <- paste0(getwd())\nsource(paste0(\"../00_helpers/setup.R\")) #common libraries and custom functions\nsource(paste0(\"../00_helpers/species_and_phases.R\"))\n\nlib_senescence <- c(\n  \"nlme\",\n  \"cAIC4\",\n  \"broom.mixed\",\n  \"performance\",\n  \"ggeffects\",\n  \"ggtext\",\n  \"ggh4x\"\n  )\npackage_fun(lib_senescence, \"senescence\")\n\ntheme_nature <- function() {\n  theme(\n    legend.position = \"none\",\n    axis.text.x = element_text(size = 11, vjust = 0.5, hjust = 0.5),\n    axis.text.y = element_blank(),\n    axis.ticks = element_blank(),\n    strip.background = element_rect(fill = NA, colour = NA, size = 1),\n    panel.spacing = unit(0, \"lines\"),\n    strip.text = element_markdown(hjust = 0),\n    plot.title = element_text(size = 11),\n    axis.title.x = element_text(size = 11),\n    axis.title.y = element_blank(), # remove axis title to further reduce space between panels\n    plot.margin = margin(t = 0, b = 4, r = -5, l = 0),\n    panel.border = element_rect(color = \"#E8E8E8\", fill = NA, linewidth=1.5),\n    panel.grid.minor = element_blank()\n  )\n}\n\nfun_get_caic <- function(x) {\n  tryCatch({\n    cAIC(x)$caic # Accessing the specific value from the cAIC function\n  }, error = function(e) {\n    NA # Return NA or some indication of failure for models that cause an error\n  })\n}\n\nfun_get_log <- function(x) {\n  tryCatch({\n    cAIC(x)$loglikelihood\n  }, error = function(e) {\n    NA # Return NA or some indication of failure for models that cause an error\n  })\n}\n\n# extract coefficients with confidence intervals\nsafe_tidy <- possibly(\n  ~ broom.mixed::tidy(.x, effects=\"fixed\", conf.int = TRUE) %>% mutate(model_name = .y), \n  otherwise = NULL\n)\n\nsenescense_tab_fun <- function(data){\n  tab <- data %>%\n    arrange(SPECIES_SHORT, model_label) %>% \n    mutate_if(is.numeric, signif, 5) %>%\n    datatable(rownames = FALSE, filter = 'top', options = list(scrollX = TRUE, dom = 'Bfrtip', pageLength = 10))\n  tab\n}\n\nrandom_simple <- as.formula(~ 1 | METEO_ID)\nautoregression_simple <- corAR1(form = ~ year | METEO_ID)\n```\n\n```{r add-leaf-colouring, include=FALSE}\ndata <- list.files(path = paste0(path_own_data),\n                     pattern = \"^data_unscaled_.*\\\\.rds$\",\n                     full.names = TRUE) %>%\n  setNames(nm = sapply(basename(.), function(x) {\n    parts <- unlist(strsplit(x, \"_\"))\n    paste(parts[1:2], collapse = \"_\")\n  })) %>%\n  lapply(readRDS) %>% \n  bind_rows() %>%\n  # filter complete cases without removing leaf colouring lag\n  filter(complete.cases(.)) %>%\n  mutate(RELIEF = factor(RELIEF),\n         SOCIAL_SITUATION = factor(SOCIAL_SITUATION)) %>% \n  rename_fun()\n```\n\n## Model fitting\n\nThe fixed effects were fitted by deparsing the terms stored in the original model object and expanding them with the first order orthogonal polynomial of the DOY of leaf colouring of the previous year using a string operation. I then used the original and adapted fixed effects and fitted models with a data set that only includes complete pairs of the DOY of leaf unfolding and the DOY of leaf colouring of the previous year (reduced data set).\n\n```{r load-best, include=FALSE}\nbest <- list.files(path = paste0(path_output_data),\n                   pattern = \"^best_con\",\n                   full.names = TRUE) %>%\n    setNames(nm = sapply(basename(.), function(x) {\n    parts <- unlist(strsplit(x, \"_\"))\n    paste(parts[1:5], collapse = \"_\")\n  })) %>%\n  lapply(readRDS)\n\nbest_models <- best %>%\n  # transform list into data frame\n  enframe(name = \"model_name\", value = \"models\") %>%\n  unnest_longer(models) %>% \n  rename(submodel_name = models_id, model = models) %>%\n  # filter best model and remove spruce\n  filter(str_detect(submodel_name, \"_1\"),\n         !str_detect(model_name, \"PA\")) %>%\n  mutate(model_name = str_sub(model_name, 1,11),\n         SPECIES_SHORT = str_sub(model_name, 10, 11)) %>%\n  select(-model_name) %>%\n  rename(model_name = submodel_name) %>% \n  # extract fixed effects for to use in senescense models\n  mutate(fixed_effects = map(model, ~deparse(.x[[\"terms\"]]) %>% paste(collapse = \" \")) %>% as.character()) # extract fixed effects\n```\n\n```{r run-models, filename=\"Pull original fixed effects and add leaf colouring.\", include=TRUE, echo=TRUE}\nsenescence_models <- data %>%\n  group_by(SPECIES_SHORT) %>%\n  nest() %>%\n  filter(!str_detect(SPECIES_SHORT, \"PA\")) %>% \n  mutate(fixed_effects_org = case_when(\n           SPECIES_SHORT == \"FS\" ~ best_models[[\"fixed_effects\"]][[1]],\n           SPECIES_SHORT == \"LD\" ~ best_models[[\"fixed_effects\"]][[2]],\n           SPECIES_SHORT == \"TC\" ~ best_models[[\"fixed_effects\"]][[3]],\n           TRUE ~ NA_character_),\n         fixed_effects_sen = paste0(fixed_effects_org, \" + LEAF_COLOURING_LAG\")) %>%\n  pivot_longer(cols = fixed_effects_org:fixed_effects_sen,\n               names_to = \"model_name\",\n               values_to = \"fixed_effects\") %>%\n  rowwise() %>%\n  mutate(fixed_effects = list(as.formula(fixed_effects))) %>%\n  ungroup() %>%\n  mutate(model_result = map2(fixed_effects, data, ~ tryCatch(\n           eval(bquote(\n             lme(fixed = .(as.formula(.x)),\n                 random = ~ 1 | METEO_ID,\n                 correlation = corAR1(form = ~ year | METEO_ID),\n                 data = .y, method = \"ML\", na.action = na.omit))),\n           error = function(e) e))) %>%\n  mutate(model = map(model_result, ~ if (inherits(.x, \"error\")) NULL else .x),\n         error_message = map_chr(model_result, ~ if (inherits(.x, \"error\")) .x$message else NA_character_))\n```\n\n```{r extract-results, filename=\"Extract results.\", include = TRUE, echo = TRUE}\nfun_process_models <- function(data){\n  data %>%\n  filter(map_lgl(model, ~ !is.null(.x))) %>% # filter failed models\n  mutate(tidy = map2(model, model_name, safe_tidy), # extract coefficients and p-values\n         augment = map2(model, model_name, ~{ # extract fitted values, residuals, fixed effects without data that is not contained in the respective model\n           terms <- all.vars(formula(.x))[-1]  # Extract terms and remove response variable\n           broom.mixed::augment(.x) %>%\n           select(all_of(terms), METEO_ID, year, .fitted, .resid, .fixed) %>%\n           mutate(model_name = .y)\n           }),\n         terms = map(model, ~all.vars(formula(.x))[-1]),\n         std_random = map(model, ~safely(~ {\n           intervals(.x)$reStruct %>%\n             unlist() %>%\n             as.data.frame() %>%\n             rename(VALUE = 1) %>%\n             rownames_to_column(\"PARAMETER\")})(.x)$result), # calculate and extract standard deviation of random effects (variance of random intercept)\n         res_random = (res_random = map(model, ~.x$sigma)), # extract residual variance of random effects\n         phi = map(model, ~{ # extract autoregressive parameter\n           ci = intervals(.x)$corStruct\n           tibble(phi = as.numeric(ci[1, \"est.\"]),\n                  lower = ci[1, \"lower\"],\n                  upper = ci[1, \"upper\"])}),\n         RMSE = map(model, ~sqrt(mean(.x$residuals^2))), # extract RMSE\n         AIC = map(model, ~AIC(.x)), # extract AIC\n         logLik = map(model, ~as.numeric(logLik(.x))), # extract logLik\n         cAIC = map(model, ~fun_get_caic(.x)), # extract cAIC\n         clogLik = map(model, ~fun_get_log(.x)) # extract clogLik\n         ) %>%\n    unnest(c(AIC, logLik, RMSE,\n           cAIC, clogLik)) %>% \n    mutate(coef = map(model, ~coef(.x)),\n           terms_count = map(coef, ~ncol(.x)-1),\n           collinearity = map(model, ~check_collinearity(.x)),\n           RMSE = as.numeric(RMSE))\n}\n\nfun_process_output <- function(model_data){\n  # extract selection parameters\n  selection_parameters <- model_data %>% \n    select(-tidy,\n      #-augment, \n      -terms) %>% \n    mutate(calls = map(model, ~deparse(.x[[\"call\"]]) %>% paste(collapse = \" \")) %>% as.character(), # extract calls\n           fixed_effects = map(model, ~deparse(.x[[\"terms\"]]) %>% paste(collapse = \" \")) %>% as.character(), # extract fixed effects\n           random_effects = map(model, ~.x[[\"call\"]][[\"random\"]]) %>% as.character()) %>% # extract random effects\n    select(SPECIES_SHORT, model_name, model_label, RMSE, AIC, logLik, terms_count, calls, fixed_effects, random_effects,\n           cAIC, clogLik) %>%\n    unnest(c(RMSE, AIC, logLik, terms_count,\n             cAIC, clogLik\n             ))\n\n  # extract coefficients and p-values\n  tidy <- model_data %>% select(tidy, model_label, SPECIES_SHORT) %>% unnest(tidy)\n  \n  # extract fitted, fixed and residuals\n  augment <- model_data %>% select(augment, model_label, SPECIES_SHORT) %>% unnest(augment)\n  \n  # extract standard deviation of random effects\n  std_random <- model_data %>% select(model_name, model_label, std_random, SPECIES_SHORT) %>% unnest(std_random) %>% pivot_wider(names_from = PARAMETER, values_from = VALUE)\n  \n  res_random <- model_data %>% select(model_name, model_label, res_random, SPECIES_SHORT) %>% mutate(res_random = as.numeric(res_random))\n  \n  phi <- model_data %>% select(model_name, model_label, phi, SPECIES_SHORT) %>% unnest(phi)\n  \n  multicol <- model_data  %>% select(model_name, model_label, collinearity, SPECIES_SHORT) %>% unnest(collinearity)\n\n  return(list(selection_parameters = selection_parameters,\n              tidy = tidy, augment = augment,\n              std_random = std_random, res_random = res_random, phi = phi, multicol = multicol))\n}\n\nsenescence_models_processed <- senescence_models %>%\n  bind_rows(best_models %>% select(-fixed_effects)) %>%\n  mutate(model_label = case_when(model_name %like% \"best\" ~ \"Best model\",\n                                 model_name %like% \"org\" ~ \"Best model reduced\",\n                                 model_name %like% \"sen\" ~ \"Best model senescence\")) %>% \n  fun_process_models() %>% \n  fun_process_output()\n```\n\n```{r debug-ld, eval=FALSE}\n# the cAIC cannot be extracted for models using a reduced data set AND including relief position or social situation with the DOY of leaf colouring of the previous year.\nfixed_ld <- as.formula(senescence_models[[\"fixed_effects\"]][[4]])\n\ndata_ld <- data %>% filter(SPECIES_SHORT == \"LD\")\n\nfixed_ld01 <- as.formula(doy ~ CDD_conservative + poly(AWC, degree = 2) + poly(STAND_HEIGHT, \n    degree = 2) + SOCIAL_SITUATION + CDD_conservative:poly(GDD_conservative, \n    degree = 2) + 1 + poly(GDD_conservative, degree = 2) + poly(LEAF_COLOURING_LAG, \n    2))\n\nfixed_ld10 <- as.formula(doy ~ CDD_conservative + poly(AWC, degree = 2) + poly(STAND_HEIGHT, \n    degree = 2) + RELIEF + CDD_conservative:poly(GDD_conservative, \n    degree = 2) + 1 + poly(GDD_conservative, degree = 2) + poly(LEAF_COLOURING_LAG, \n    2))\n\nfixed_ld00 <- as.formula(doy ~ CDD_conservative + poly(AWC, degree = 2) + poly(STAND_HEIGHT, \n    degree = 2) + CDD_conservative:poly(GDD_conservative, \n    degree = 2) + 1 + poly(GDD_conservative, degree = 2) + poly(LEAF_COLOURING_LAG, \n    2))\n\nfixed_ld11 <- as.formula(doy ~ CDD_conservative*poly(GDD_conservataive, degree=2) + poly(AWC, degree = 2) + poly(STAND_HEIGHT, \n    degree = 2) + RELIEF + SOCIAL_SITUATION + CDD_conservative:poly(GDD_conservative, \n    degree = 2) + 1 + poly(GDD_conservative, degree = 2))\n\nfixed_ld11 <- as.formula(doy ~ CDD_conservative*poly(GDD_conservative, degree=2) + poly(AWC, degree = 2) + poly(STAND_HEIGHT, \n    degree = 2) + RELIEF + SOCIAL_SITUATION)\n\n\nmodel_ld <- lme(fixed_ld11, data=data_ld, correlation = corAR1(form = ~ year | METEO_ID), random = ~ 1 | METEO_ID, method=\"ML\")\n\ncAIC(model_ld)\n```\n\n```{r predict-effects}\npredictions <- senescence_models %>%\n  bind_rows(best_models %>% select(-fixed_effects)) %>%\n  mutate(model_label = case_when(model_name %like% \"best\" ~ \"Best model\",\n                                 model_name %like% \"org\" ~ \"Best model reduced\",\n                                 model_name %like% \"sen\" ~ \"Best model senescence\")) %>% \n  select(-model_result) %>% \n  mutate(terms = map(model, ~ attr(.x$terms, \"term.labels\"))) %>%\n  unnest(terms) %>%\n  filter(!terms %like% \":\") %>% # remove interaction terms\n  mutate(terms = str_remove_all(terms, \"poly|\\\\(|\\\\)|degree|=|\\\\d+|\\\\s|,\"),\n         prediction = map2(model, terms, ~ tryCatch(\n           predict_response(.x, terms = glue::glue(\"{.y} [all]\")) %>% as.data.frame(),\n           error = function(e) NULL))) %>%\n  select(SPECIES_SHORT, model_name, model_label, prediction, terms) %>% \n  filter(!map_lgl(prediction, is.null)) %>%  # using a regular filter does not work because dplyr returns a single logical value\n  mutate(DATA_TYPE = map_lgl(prediction, ~ is.data.frame(.x) && attr(.x, \"x.is.factor\") == \"1\")) %>% #identify predictions with categorical variables\n  mutate(prediction = if_else(DATA_TYPE, map(prediction, ~ .x %>%\n                                               mutate(factor = as.character(x)) %>%\n                                               mutate(x = row_number())),\n                              prediction)) %>% \n  select(-DATA_TYPE) %>%\n  unnest(cols=prediction) %>%\n  mutate(Label = label_fun_sim(terms, col = \"short\"))\n```\n\n## Results\n\n```{r tbl-data}\n#| tbl-cap: Number ob observations in best models with the original and the reduced data set as well as models fitted with the DOY of leaf colouring.\nn_data <- senescence_models %>%\n  bind_rows(best_models %>% select(-fixed_effects)) %>%\n  mutate(n_data = map_int(model, ~nrow(.x$data)),\n         model_label = case_when(model_name %like% \"best\" ~ \"Best model\",\n                                 model_name %like% \"org\" ~ \"Best model reduced\",\n                                 model_name %like% \"sen\" ~ \"Best model senescence\")) %>%\n  select(SPECIES_SHORT, model_label, n_data)\n\ntbl <- n_data %>%\n  arrange(SPECIES_SHORT, model_label) %>% \n  datatable(rownames = FALSE)\ntbl\n```\n\n```{r fig-selection-parameters, fig.height=6, fig.width=6, echo=FALSE, fig.cap = \"Comparison of AIC, cAIC and RMSE.\"}\nggplot(senescence_models_processed[[\"selection_parameters\"]] %>% pivot_longer(cols = c(AIC, cAIC, RMSE), names_to = \"PARAMETER\", values_to = \"VALUE\"),\n       aes(x = model_label, y = VALUE)) +\n  geom_point() +\n  facet_wrap(~PARAMETER + SPECIES_SHORT, scales = \"free_y\") +\n  labs(x = \"Model name\", y = \"Value\") +\n  theme_report(angle = 90)\n```\n\n```{r tbl-selection-parameters, echo=FALSE}\n#| tbl-cap: RMSE, cAIC and number of terms.\nsenescense_tab_fun(senescence_models_processed[[\"selection_parameters\"]] %>% select(SPECIES_SHORT, model_label, fixed_effects, everything(), -c(AIC, logLik, calls, random_effects)))\n```\n\n```{r fig-coefficients, fig.height= 10, fig.width=8, echo=FALSE, fig.cap = \"Comparison of p-values of fixed effects.\"}\nggplot(senescence_models_processed[[\"tidy\"]], aes(x = model_label, y = term, fill = p.value < 0.1)) +\n    geom_tile() +\n    geom_tile(color = \"#B3B3B3\", linewidth = 0.5, fill = NA) +\n    scale_fill_manual(values = c(\"TRUE\" = \"#A2CD5A\", \"FALSE\" = \"#CDC1C5\"),\n                      labels = c(\"FALSE\" = \"not significant\", \"TRUE\" = \"significant\"),\n                      na.value = NA) +\n  facet_wrap(~ SPECIES_SHORT)+\n    xlab(\"Model\") +\n    ylab(\"Parameter\") +\n    theme_report(angle = 90, legend.position = \"top\")\n```\n\n```{r tbl-coefficients-fixed}\n#| tbl-cap: Fixed effect coefficients and p-values.\nsenescense_tab_fun(senescence_models_processed[[\"tidy\"]] %>% filter(effect == \"fixed\") %>% arrange(SPECIES_SHORT, term, model_name) %>% select(SPECIES_SHORT, model_label, term, conf.low, estimate, conf.high, everything(), -c(effect, model_name)))\n```\n\n```{r fig-effects, fig.height=8, fig.width=9, fig.cap=\"Panels show the estimated effect of predictors present in species-specific best models when the DOY of leaf colouring of the previous year is and is not included. Estimates are adjusted for the influence of other included covariates at their mean values. Shaded areas and error bars represent 95% confidence intervals.\"}\nggplot(predictions %>%\n    filter(!is.na(x)), aes(x = x, y = predicted, ymin = conf.low, ymax = conf.high, \n                 color = SPECIES_SHORT, fill = SPECIES_SHORT)) + \n  geom_line(size = 1, aes(group = interaction(SPECIES_SHORT, model_label), linetype = model_label)) +\n  geom_ribbon(aes(ymin = conf.low, ymax = conf.high, group = interaction(SPECIES_SHORT, model_label)),\n              alpha = 0.3, color = NA, fill = \"grey\") +\n  facet_wrap(~ terms, scales = \"free_x\", strip.position=\"bottom\") +\n  labs(x = \"\", y = \"DOY\") +\n  coord_cartesian(ylim = c(70, 130)) +\n  species_color_scale(\"short\")+\n  theme_report(legend.position = \"top\", hjust = 0.5) +\n  theme(\n  strip.background = element_rect(fill = NA, colour = NA, size = 1),\n  strip.placement = \"outside\",\n  panel.spacing = unit(1, \"lines\"),\n  axis.title.x = element_blank(),\n  axis.text.x = element_text(margin = margin(t = 3)),\n  axis.ticks.length.x = unit(0.2, \"cm\"),\n  panel.border = element_rect(color = \"#E8E8E8\", fill = NA, linewidth=1.5))\n```\n\n```{r fig-effect-senescence, fig.width = 4, fig.height = 4, fig.cap=\"Estimated effect of leaf colouring in species-specific best models. Estimates are adjusted for the influence of other included covariates at their mean values. Shaded areas and error bars represent 95% confidence intervals.\"}\nggplot(predictions %>%\n    filter(!is.na(x),\n           terms %like% \"COLOURING\"#,\n           #SPECIES_SHORT == \"FS\"\n           ), aes(x = x, y = predicted, ymin = conf.low, ymax = conf.high, \n                 color = SPECIES_SHORT, fill = SPECIES_SHORT)) + \n  geom_line(size = 1, aes(group = interaction(SPECIES_SHORT, model_name))) +\n  geom_ribbon(aes(ymin = conf.low, ymax = conf.high, group = interaction(SPECIES_SHORT, model_name)),\n              alpha = 0.3, color = NA, fill = \"grey\") +\n  labs(x = \"Leaf colouring (DOY)\", y = \"Day of year\") +\n  coord_cartesian(ylim = c(80, 140))+ # specified as coord carthesian to avoid cutting confidence intervals outside the ylim\n  species_color_scale(\"english\")+ \n  theme_report(legend.position = \"none\", hjust = 0.5) +\n  theme_nature()+\n  theme(axis.text.y = element_text(size = 10, vjust = 0.5, hjust = 0.5),\n        axis.title.y = element_text(size = 11, vjust = 0.5, hjust = 0.5, angle=90, face = \"bold\"),\n        legend.position = \"none\",\n        plot.margin = margin(t = 0, b = 4, r = 7, l = 0),\n)\n```\n\n```{r fig-effects-size, fig.width=5, fig.height=5, fig.cap=\"Estimated shift (d) between earliest and latest DOY across the observed range of each environmental variable, based on predictions adjusted to mean covariate values. For each species, colours are scaled so the darkest shade represents the strongest shift.\"}\n\neffect_size_senescence <- predictions %>%\n  filter(model_name == \"fixed_effects_sen\"#,\n         #SPECIES_SHORT == \"FS\"\n         ) %>% \n  group_by(SPECIES_SHORT, terms, Label) %>%\n  summarise(MAX_MEAN_EFFECT_SIZE = round(max(predicted) - min(predicted), 2),\n            MEAN_STD_ERROR = round(mean(std.error), 2),\n            MIN_TERM = x[which.min(predicted)],\n            MAX_TERM = x[which.max(predicted)]) %>%\n  filter(!is.na(Label),# remove excess labels from categoric variables\n         MAX_MEAN_EFFECT_SIZE > 0) %>% \n  rename(PARAMETER = terms) %>% \n  mutate(SPECIES = recode(SPECIES_SHORT, !!!rename_species_en)) %>%\n  ungroup() %>% \n  select(Label, SPECIES, everything())\n\nfacet_stats <- effect_size_senescence %>%\n  group_by(SPECIES) %>%\n  summarise(\n    min_val = min(MAX_MEAN_EFFECT_SIZE, na.rm = TRUE),\n    max_val = max(MAX_MEAN_EFFECT_SIZE, na.rm = TRUE),\n    mid_val = mean(MAX_MEAN_EFFECT_SIZE, na.rm = TRUE),\n    .groups = \"drop\")\n\neffect_scaled <- effect_size_senescence %>%\n  left_join(facet_stats, by = \"SPECIES\") %>%\n  mutate(scaled_effect = (MAX_MEAN_EFFECT_SIZE - min_val) / (max_val - min_val)) %>%\n  inner_join(label_table %>% select(term, param_order_c1, category), by = c(\"PARAMETER\" = \"term\")) %>% # partial join with order of parameters\n  mutate(category = case_when(category == \"Soil\" ~ \"Climate / Soil\",\n                              category == \"Drought\" ~ \"Climate / Soil\",\n                              category == \"Climate\" ~ \"Climate / Soil\",\n                              category == \"Phenology\" ~ \"Pheno\",\n                              #category == \"Stand structure\" ~ \"Stand\",\n                              TRUE ~ category),\n         Label = case_when(Label %like% \"Social\" ~ \"Social position\",\n                          TRUE ~ Label),\n         order_num = case_when(PARAMETER %like% \"ELEVATION\" ~ 0, # define parameter order within group\n                        PARAMETER %like% \"RELIEF\" ~ 1,\n                        PARAMETER %like% \"INCLINATION\" ~ 2,\n                        PARAMETER %like% \"ASPECT\" ~ 3,\n                        PARAMETER %like% \"SOCIAL\" ~ 6,\n                        PARAMETER %like% \"STAND\" ~ 7,\n                        PARAMETER %like% \"HEIGHT\" ~ 8,\n                        PARAMETER %like% \"DROUGHT\" ~ 13,\n                        PARAMETER %like% \"AWC\" ~ 12,\n                        PARAMETER %like% \"CDD\" ~ 10,\n                        PARAMETER %like% \"GDD\" ~ 11,\n                        TRUE ~ 0),\n         PARAMETER = fct_reorder(Label, order_num),\n        category = fct_relevel(category, \"Pheno\", \"Stand structure\", \"Climate / Soil\", \"Topography\")) # order parameter groups\n\nggplot(effect_scaled, aes(x = SPECIES, y = PARAMETER, fill = scaled_effect)) +\n  geom_tile() +\n  scale_fill_gradient2(\n    low = \"#FFA54F\", mid = \"#FF7F24\", high = \"#CD661D\", midpoint = 0.5, limits = c(0, 1)) +\n  geom_text(aes(label = round(MAX_MEAN_EFFECT_SIZE, 2)), size = 4, vjust = 0, colour = \"#4F4F4F\") +\n  xlab(\"\") +\n  ylab(\"\") +\n  scale_x_discrete(position = \"top\") +\n  facet_nested(rows = vars(category), scales = \"free_y\", space = \"free_y\", switch = \"y\") +\n  theme_report(legend.position = \"none\") +\n  theme(\n    legend.title = element_text(size = 12, face = \"bold\", hjust = 0.1),\n    axis.text.x = element_text(hjust = 0.5, face = \"bold\"),\n    strip.background = element_blank(),\n    strip.text.y.left = element_text(face = \"bold\", size = 10, hjust = 0.5, colour = \"#757575\"),\n    panel.spacing.y = unit(0.7, \"lines\"),\n    axis.line.y = element_line(colour = \"grey\", linewidth = 1.2),\n    panel.grid = element_blank()\n  )\n```\n\n1.  The DOY of leaf colouring has a significant delaying effect on the DOY of leaf unfolding of beech, but not larch or linden (@fig-coefficients). If leaf colouring was late in the previous year, leaf unfolding in the following year is also later (@fig-effects, panel leaf colouring lag). The effect is stronger than the effect of AWC (@fig-effects-size). The almost perfect overlap between the same effects of different models, indicated by almost single lines (@fig-effects), indicates that the effect size and shape of other variables is barely affected.\n2.  For beech the cAIC is notably better for models including leaf senescense. For linden, the cAIC is worse. For larch the cAIC failed due to the missing data in combination with the factors RELIEF and SOCIAL_SITUATION (@fig-selection-parameters, second row).\n3.  The RMSE is close to equal between models with and without leaf senescence and slightly better for models with the reduced data set (@fig-selection-parameters, third row).\n4.  The presence of the DOY of leaf colouring does not shift the significance or size of any effects (@fig-coefficients; @fig-effects, see changes in colour between fixed_effects_org and fixed_effects_sen). However, there are shifts in significance between the best model with the original and with the reduced data set for the linear effect of tree height in beech and the quadratic interaction between GDD and CDD for larch (@fig-coefficients). Since the only difference between these two models is the number of observations (@tbl-data), these shifts are likely induced by the missing observations, not the inclusion of leaf senescence.\n\n\n```{r save-output}\nsaveRDS(senescence_models_processed[[\"tidy\"]] %>%\n          filter(term %like% \"COLOURING\") %>%\n          mutate(label = label_fun_sim(term, \"short\"),\n                 PARAMETER = label) %>% \n          mutate(across(where(is.numeric), ~ round(.x, 3))) %>%\n          mutate(p.value = as.character(p.value),\n                 p.value = case_when(p.value == 0.000 ~ \"≤ 0.001\",\n                                     TRUE ~ p.value)),\n        paste0(path_output_data, \"/p_table_senescence.rds\"))\n\nsaveRDS(effect_size_senescence, paste0(path_own_data, \"/effect_size_senescence.rds\"))\n```\n","srcMarkdownNoYaml":"\n\n# Effect of leaf senescence on the timing of leaf unfolding\n\nThis additional analysis explores the effect of leaf colouring on the timing of leaf unfolding. The analysis additionally includes the DOY of leaf colouring of the previous year as a fixed effect in the best models of leaf unfolding for beech, larch and linden. I compare shifts in model performance (cAIC, RMSE), significance and direction of effects between best models with the original data set (best model), best models with a reduced data set (best model reduced) and best models updated with the DOY of leaf colouring with a reduced data set (best model senescence). The data set is reduced because of missing pairs between the DOY of leaf unfolding and the DOY of leaf colouring of the previous year.\n\n```{r load-libraries, include=FALSE}\nlocation <- paste0(getwd())\nsource(paste0(\"../00_helpers/setup.R\")) #common libraries and custom functions\nsource(paste0(\"../00_helpers/species_and_phases.R\"))\n\nlib_senescence <- c(\n  \"nlme\",\n  \"cAIC4\",\n  \"broom.mixed\",\n  \"performance\",\n  \"ggeffects\",\n  \"ggtext\",\n  \"ggh4x\"\n  )\npackage_fun(lib_senescence, \"senescence\")\n\ntheme_nature <- function() {\n  theme(\n    legend.position = \"none\",\n    axis.text.x = element_text(size = 11, vjust = 0.5, hjust = 0.5),\n    axis.text.y = element_blank(),\n    axis.ticks = element_blank(),\n    strip.background = element_rect(fill = NA, colour = NA, size = 1),\n    panel.spacing = unit(0, \"lines\"),\n    strip.text = element_markdown(hjust = 0),\n    plot.title = element_text(size = 11),\n    axis.title.x = element_text(size = 11),\n    axis.title.y = element_blank(), # remove axis title to further reduce space between panels\n    plot.margin = margin(t = 0, b = 4, r = -5, l = 0),\n    panel.border = element_rect(color = \"#E8E8E8\", fill = NA, linewidth=1.5),\n    panel.grid.minor = element_blank()\n  )\n}\n\nfun_get_caic <- function(x) {\n  tryCatch({\n    cAIC(x)$caic # Accessing the specific value from the cAIC function\n  }, error = function(e) {\n    NA # Return NA or some indication of failure for models that cause an error\n  })\n}\n\nfun_get_log <- function(x) {\n  tryCatch({\n    cAIC(x)$loglikelihood\n  }, error = function(e) {\n    NA # Return NA or some indication of failure for models that cause an error\n  })\n}\n\n# extract coefficients with confidence intervals\nsafe_tidy <- possibly(\n  ~ broom.mixed::tidy(.x, effects=\"fixed\", conf.int = TRUE) %>% mutate(model_name = .y), \n  otherwise = NULL\n)\n\nsenescense_tab_fun <- function(data){\n  tab <- data %>%\n    arrange(SPECIES_SHORT, model_label) %>% \n    mutate_if(is.numeric, signif, 5) %>%\n    datatable(rownames = FALSE, filter = 'top', options = list(scrollX = TRUE, dom = 'Bfrtip', pageLength = 10))\n  tab\n}\n\nrandom_simple <- as.formula(~ 1 | METEO_ID)\nautoregression_simple <- corAR1(form = ~ year | METEO_ID)\n```\n\n```{r add-leaf-colouring, include=FALSE}\ndata <- list.files(path = paste0(path_own_data),\n                     pattern = \"^data_unscaled_.*\\\\.rds$\",\n                     full.names = TRUE) %>%\n  setNames(nm = sapply(basename(.), function(x) {\n    parts <- unlist(strsplit(x, \"_\"))\n    paste(parts[1:2], collapse = \"_\")\n  })) %>%\n  lapply(readRDS) %>% \n  bind_rows() %>%\n  # filter complete cases without removing leaf colouring lag\n  filter(complete.cases(.)) %>%\n  mutate(RELIEF = factor(RELIEF),\n         SOCIAL_SITUATION = factor(SOCIAL_SITUATION)) %>% \n  rename_fun()\n```\n\n## Model fitting\n\nThe fixed effects were fitted by deparsing the terms stored in the original model object and expanding them with the first order orthogonal polynomial of the DOY of leaf colouring of the previous year using a string operation. I then used the original and adapted fixed effects and fitted models with a data set that only includes complete pairs of the DOY of leaf unfolding and the DOY of leaf colouring of the previous year (reduced data set).\n\n```{r load-best, include=FALSE}\nbest <- list.files(path = paste0(path_output_data),\n                   pattern = \"^best_con\",\n                   full.names = TRUE) %>%\n    setNames(nm = sapply(basename(.), function(x) {\n    parts <- unlist(strsplit(x, \"_\"))\n    paste(parts[1:5], collapse = \"_\")\n  })) %>%\n  lapply(readRDS)\n\nbest_models <- best %>%\n  # transform list into data frame\n  enframe(name = \"model_name\", value = \"models\") %>%\n  unnest_longer(models) %>% \n  rename(submodel_name = models_id, model = models) %>%\n  # filter best model and remove spruce\n  filter(str_detect(submodel_name, \"_1\"),\n         !str_detect(model_name, \"PA\")) %>%\n  mutate(model_name = str_sub(model_name, 1,11),\n         SPECIES_SHORT = str_sub(model_name, 10, 11)) %>%\n  select(-model_name) %>%\n  rename(model_name = submodel_name) %>% \n  # extract fixed effects for to use in senescense models\n  mutate(fixed_effects = map(model, ~deparse(.x[[\"terms\"]]) %>% paste(collapse = \" \")) %>% as.character()) # extract fixed effects\n```\n\n```{r run-models, filename=\"Pull original fixed effects and add leaf colouring.\", include=TRUE, echo=TRUE}\nsenescence_models <- data %>%\n  group_by(SPECIES_SHORT) %>%\n  nest() %>%\n  filter(!str_detect(SPECIES_SHORT, \"PA\")) %>% \n  mutate(fixed_effects_org = case_when(\n           SPECIES_SHORT == \"FS\" ~ best_models[[\"fixed_effects\"]][[1]],\n           SPECIES_SHORT == \"LD\" ~ best_models[[\"fixed_effects\"]][[2]],\n           SPECIES_SHORT == \"TC\" ~ best_models[[\"fixed_effects\"]][[3]],\n           TRUE ~ NA_character_),\n         fixed_effects_sen = paste0(fixed_effects_org, \" + LEAF_COLOURING_LAG\")) %>%\n  pivot_longer(cols = fixed_effects_org:fixed_effects_sen,\n               names_to = \"model_name\",\n               values_to = \"fixed_effects\") %>%\n  rowwise() %>%\n  mutate(fixed_effects = list(as.formula(fixed_effects))) %>%\n  ungroup() %>%\n  mutate(model_result = map2(fixed_effects, data, ~ tryCatch(\n           eval(bquote(\n             lme(fixed = .(as.formula(.x)),\n                 random = ~ 1 | METEO_ID,\n                 correlation = corAR1(form = ~ year | METEO_ID),\n                 data = .y, method = \"ML\", na.action = na.omit))),\n           error = function(e) e))) %>%\n  mutate(model = map(model_result, ~ if (inherits(.x, \"error\")) NULL else .x),\n         error_message = map_chr(model_result, ~ if (inherits(.x, \"error\")) .x$message else NA_character_))\n```\n\n```{r extract-results, filename=\"Extract results.\", include = TRUE, echo = TRUE}\nfun_process_models <- function(data){\n  data %>%\n  filter(map_lgl(model, ~ !is.null(.x))) %>% # filter failed models\n  mutate(tidy = map2(model, model_name, safe_tidy), # extract coefficients and p-values\n         augment = map2(model, model_name, ~{ # extract fitted values, residuals, fixed effects without data that is not contained in the respective model\n           terms <- all.vars(formula(.x))[-1]  # Extract terms and remove response variable\n           broom.mixed::augment(.x) %>%\n           select(all_of(terms), METEO_ID, year, .fitted, .resid, .fixed) %>%\n           mutate(model_name = .y)\n           }),\n         terms = map(model, ~all.vars(formula(.x))[-1]),\n         std_random = map(model, ~safely(~ {\n           intervals(.x)$reStruct %>%\n             unlist() %>%\n             as.data.frame() %>%\n             rename(VALUE = 1) %>%\n             rownames_to_column(\"PARAMETER\")})(.x)$result), # calculate and extract standard deviation of random effects (variance of random intercept)\n         res_random = (res_random = map(model, ~.x$sigma)), # extract residual variance of random effects\n         phi = map(model, ~{ # extract autoregressive parameter\n           ci = intervals(.x)$corStruct\n           tibble(phi = as.numeric(ci[1, \"est.\"]),\n                  lower = ci[1, \"lower\"],\n                  upper = ci[1, \"upper\"])}),\n         RMSE = map(model, ~sqrt(mean(.x$residuals^2))), # extract RMSE\n         AIC = map(model, ~AIC(.x)), # extract AIC\n         logLik = map(model, ~as.numeric(logLik(.x))), # extract logLik\n         cAIC = map(model, ~fun_get_caic(.x)), # extract cAIC\n         clogLik = map(model, ~fun_get_log(.x)) # extract clogLik\n         ) %>%\n    unnest(c(AIC, logLik, RMSE,\n           cAIC, clogLik)) %>% \n    mutate(coef = map(model, ~coef(.x)),\n           terms_count = map(coef, ~ncol(.x)-1),\n           collinearity = map(model, ~check_collinearity(.x)),\n           RMSE = as.numeric(RMSE))\n}\n\nfun_process_output <- function(model_data){\n  # extract selection parameters\n  selection_parameters <- model_data %>% \n    select(-tidy,\n      #-augment, \n      -terms) %>% \n    mutate(calls = map(model, ~deparse(.x[[\"call\"]]) %>% paste(collapse = \" \")) %>% as.character(), # extract calls\n           fixed_effects = map(model, ~deparse(.x[[\"terms\"]]) %>% paste(collapse = \" \")) %>% as.character(), # extract fixed effects\n           random_effects = map(model, ~.x[[\"call\"]][[\"random\"]]) %>% as.character()) %>% # extract random effects\n    select(SPECIES_SHORT, model_name, model_label, RMSE, AIC, logLik, terms_count, calls, fixed_effects, random_effects,\n           cAIC, clogLik) %>%\n    unnest(c(RMSE, AIC, logLik, terms_count,\n             cAIC, clogLik\n             ))\n\n  # extract coefficients and p-values\n  tidy <- model_data %>% select(tidy, model_label, SPECIES_SHORT) %>% unnest(tidy)\n  \n  # extract fitted, fixed and residuals\n  augment <- model_data %>% select(augment, model_label, SPECIES_SHORT) %>% unnest(augment)\n  \n  # extract standard deviation of random effects\n  std_random <- model_data %>% select(model_name, model_label, std_random, SPECIES_SHORT) %>% unnest(std_random) %>% pivot_wider(names_from = PARAMETER, values_from = VALUE)\n  \n  res_random <- model_data %>% select(model_name, model_label, res_random, SPECIES_SHORT) %>% mutate(res_random = as.numeric(res_random))\n  \n  phi <- model_data %>% select(model_name, model_label, phi, SPECIES_SHORT) %>% unnest(phi)\n  \n  multicol <- model_data  %>% select(model_name, model_label, collinearity, SPECIES_SHORT) %>% unnest(collinearity)\n\n  return(list(selection_parameters = selection_parameters,\n              tidy = tidy, augment = augment,\n              std_random = std_random, res_random = res_random, phi = phi, multicol = multicol))\n}\n\nsenescence_models_processed <- senescence_models %>%\n  bind_rows(best_models %>% select(-fixed_effects)) %>%\n  mutate(model_label = case_when(model_name %like% \"best\" ~ \"Best model\",\n                                 model_name %like% \"org\" ~ \"Best model reduced\",\n                                 model_name %like% \"sen\" ~ \"Best model senescence\")) %>% \n  fun_process_models() %>% \n  fun_process_output()\n```\n\n```{r debug-ld, eval=FALSE}\n# the cAIC cannot be extracted for models using a reduced data set AND including relief position or social situation with the DOY of leaf colouring of the previous year.\nfixed_ld <- as.formula(senescence_models[[\"fixed_effects\"]][[4]])\n\ndata_ld <- data %>% filter(SPECIES_SHORT == \"LD\")\n\nfixed_ld01 <- as.formula(doy ~ CDD_conservative + poly(AWC, degree = 2) + poly(STAND_HEIGHT, \n    degree = 2) + SOCIAL_SITUATION + CDD_conservative:poly(GDD_conservative, \n    degree = 2) + 1 + poly(GDD_conservative, degree = 2) + poly(LEAF_COLOURING_LAG, \n    2))\n\nfixed_ld10 <- as.formula(doy ~ CDD_conservative + poly(AWC, degree = 2) + poly(STAND_HEIGHT, \n    degree = 2) + RELIEF + CDD_conservative:poly(GDD_conservative, \n    degree = 2) + 1 + poly(GDD_conservative, degree = 2) + poly(LEAF_COLOURING_LAG, \n    2))\n\nfixed_ld00 <- as.formula(doy ~ CDD_conservative + poly(AWC, degree = 2) + poly(STAND_HEIGHT, \n    degree = 2) + CDD_conservative:poly(GDD_conservative, \n    degree = 2) + 1 + poly(GDD_conservative, degree = 2) + poly(LEAF_COLOURING_LAG, \n    2))\n\nfixed_ld11 <- as.formula(doy ~ CDD_conservative*poly(GDD_conservataive, degree=2) + poly(AWC, degree = 2) + poly(STAND_HEIGHT, \n    degree = 2) + RELIEF + SOCIAL_SITUATION + CDD_conservative:poly(GDD_conservative, \n    degree = 2) + 1 + poly(GDD_conservative, degree = 2))\n\nfixed_ld11 <- as.formula(doy ~ CDD_conservative*poly(GDD_conservative, degree=2) + poly(AWC, degree = 2) + poly(STAND_HEIGHT, \n    degree = 2) + RELIEF + SOCIAL_SITUATION)\n\n\nmodel_ld <- lme(fixed_ld11, data=data_ld, correlation = corAR1(form = ~ year | METEO_ID), random = ~ 1 | METEO_ID, method=\"ML\")\n\ncAIC(model_ld)\n```\n\n```{r predict-effects}\npredictions <- senescence_models %>%\n  bind_rows(best_models %>% select(-fixed_effects)) %>%\n  mutate(model_label = case_when(model_name %like% \"best\" ~ \"Best model\",\n                                 model_name %like% \"org\" ~ \"Best model reduced\",\n                                 model_name %like% \"sen\" ~ \"Best model senescence\")) %>% \n  select(-model_result) %>% \n  mutate(terms = map(model, ~ attr(.x$terms, \"term.labels\"))) %>%\n  unnest(terms) %>%\n  filter(!terms %like% \":\") %>% # remove interaction terms\n  mutate(terms = str_remove_all(terms, \"poly|\\\\(|\\\\)|degree|=|\\\\d+|\\\\s|,\"),\n         prediction = map2(model, terms, ~ tryCatch(\n           predict_response(.x, terms = glue::glue(\"{.y} [all]\")) %>% as.data.frame(),\n           error = function(e) NULL))) %>%\n  select(SPECIES_SHORT, model_name, model_label, prediction, terms) %>% \n  filter(!map_lgl(prediction, is.null)) %>%  # using a regular filter does not work because dplyr returns a single logical value\n  mutate(DATA_TYPE = map_lgl(prediction, ~ is.data.frame(.x) && attr(.x, \"x.is.factor\") == \"1\")) %>% #identify predictions with categorical variables\n  mutate(prediction = if_else(DATA_TYPE, map(prediction, ~ .x %>%\n                                               mutate(factor = as.character(x)) %>%\n                                               mutate(x = row_number())),\n                              prediction)) %>% \n  select(-DATA_TYPE) %>%\n  unnest(cols=prediction) %>%\n  mutate(Label = label_fun_sim(terms, col = \"short\"))\n```\n\n## Results\n\n```{r tbl-data}\n#| tbl-cap: Number ob observations in best models with the original and the reduced data set as well as models fitted with the DOY of leaf colouring.\nn_data <- senescence_models %>%\n  bind_rows(best_models %>% select(-fixed_effects)) %>%\n  mutate(n_data = map_int(model, ~nrow(.x$data)),\n         model_label = case_when(model_name %like% \"best\" ~ \"Best model\",\n                                 model_name %like% \"org\" ~ \"Best model reduced\",\n                                 model_name %like% \"sen\" ~ \"Best model senescence\")) %>%\n  select(SPECIES_SHORT, model_label, n_data)\n\ntbl <- n_data %>%\n  arrange(SPECIES_SHORT, model_label) %>% \n  datatable(rownames = FALSE)\ntbl\n```\n\n```{r fig-selection-parameters, fig.height=6, fig.width=6, echo=FALSE, fig.cap = \"Comparison of AIC, cAIC and RMSE.\"}\nggplot(senescence_models_processed[[\"selection_parameters\"]] %>% pivot_longer(cols = c(AIC, cAIC, RMSE), names_to = \"PARAMETER\", values_to = \"VALUE\"),\n       aes(x = model_label, y = VALUE)) +\n  geom_point() +\n  facet_wrap(~PARAMETER + SPECIES_SHORT, scales = \"free_y\") +\n  labs(x = \"Model name\", y = \"Value\") +\n  theme_report(angle = 90)\n```\n\n```{r tbl-selection-parameters, echo=FALSE}\n#| tbl-cap: RMSE, cAIC and number of terms.\nsenescense_tab_fun(senescence_models_processed[[\"selection_parameters\"]] %>% select(SPECIES_SHORT, model_label, fixed_effects, everything(), -c(AIC, logLik, calls, random_effects)))\n```\n\n```{r fig-coefficients, fig.height= 10, fig.width=8, echo=FALSE, fig.cap = \"Comparison of p-values of fixed effects.\"}\nggplot(senescence_models_processed[[\"tidy\"]], aes(x = model_label, y = term, fill = p.value < 0.1)) +\n    geom_tile() +\n    geom_tile(color = \"#B3B3B3\", linewidth = 0.5, fill = NA) +\n    scale_fill_manual(values = c(\"TRUE\" = \"#A2CD5A\", \"FALSE\" = \"#CDC1C5\"),\n                      labels = c(\"FALSE\" = \"not significant\", \"TRUE\" = \"significant\"),\n                      na.value = NA) +\n  facet_wrap(~ SPECIES_SHORT)+\n    xlab(\"Model\") +\n    ylab(\"Parameter\") +\n    theme_report(angle = 90, legend.position = \"top\")\n```\n\n```{r tbl-coefficients-fixed}\n#| tbl-cap: Fixed effect coefficients and p-values.\nsenescense_tab_fun(senescence_models_processed[[\"tidy\"]] %>% filter(effect == \"fixed\") %>% arrange(SPECIES_SHORT, term, model_name) %>% select(SPECIES_SHORT, model_label, term, conf.low, estimate, conf.high, everything(), -c(effect, model_name)))\n```\n\n```{r fig-effects, fig.height=8, fig.width=9, fig.cap=\"Panels show the estimated effect of predictors present in species-specific best models when the DOY of leaf colouring of the previous year is and is not included. Estimates are adjusted for the influence of other included covariates at their mean values. Shaded areas and error bars represent 95% confidence intervals.\"}\nggplot(predictions %>%\n    filter(!is.na(x)), aes(x = x, y = predicted, ymin = conf.low, ymax = conf.high, \n                 color = SPECIES_SHORT, fill = SPECIES_SHORT)) + \n  geom_line(size = 1, aes(group = interaction(SPECIES_SHORT, model_label), linetype = model_label)) +\n  geom_ribbon(aes(ymin = conf.low, ymax = conf.high, group = interaction(SPECIES_SHORT, model_label)),\n              alpha = 0.3, color = NA, fill = \"grey\") +\n  facet_wrap(~ terms, scales = \"free_x\", strip.position=\"bottom\") +\n  labs(x = \"\", y = \"DOY\") +\n  coord_cartesian(ylim = c(70, 130)) +\n  species_color_scale(\"short\")+\n  theme_report(legend.position = \"top\", hjust = 0.5) +\n  theme(\n  strip.background = element_rect(fill = NA, colour = NA, size = 1),\n  strip.placement = \"outside\",\n  panel.spacing = unit(1, \"lines\"),\n  axis.title.x = element_blank(),\n  axis.text.x = element_text(margin = margin(t = 3)),\n  axis.ticks.length.x = unit(0.2, \"cm\"),\n  panel.border = element_rect(color = \"#E8E8E8\", fill = NA, linewidth=1.5))\n```\n\n```{r fig-effect-senescence, fig.width = 4, fig.height = 4, fig.cap=\"Estimated effect of leaf colouring in species-specific best models. Estimates are adjusted for the influence of other included covariates at their mean values. Shaded areas and error bars represent 95% confidence intervals.\"}\nggplot(predictions %>%\n    filter(!is.na(x),\n           terms %like% \"COLOURING\"#,\n           #SPECIES_SHORT == \"FS\"\n           ), aes(x = x, y = predicted, ymin = conf.low, ymax = conf.high, \n                 color = SPECIES_SHORT, fill = SPECIES_SHORT)) + \n  geom_line(size = 1, aes(group = interaction(SPECIES_SHORT, model_name))) +\n  geom_ribbon(aes(ymin = conf.low, ymax = conf.high, group = interaction(SPECIES_SHORT, model_name)),\n              alpha = 0.3, color = NA, fill = \"grey\") +\n  labs(x = \"Leaf colouring (DOY)\", y = \"Day of year\") +\n  coord_cartesian(ylim = c(80, 140))+ # specified as coord carthesian to avoid cutting confidence intervals outside the ylim\n  species_color_scale(\"english\")+ \n  theme_report(legend.position = \"none\", hjust = 0.5) +\n  theme_nature()+\n  theme(axis.text.y = element_text(size = 10, vjust = 0.5, hjust = 0.5),\n        axis.title.y = element_text(size = 11, vjust = 0.5, hjust = 0.5, angle=90, face = \"bold\"),\n        legend.position = \"none\",\n        plot.margin = margin(t = 0, b = 4, r = 7, l = 0),\n)\n```\n\n```{r fig-effects-size, fig.width=5, fig.height=5, fig.cap=\"Estimated shift (d) between earliest and latest DOY across the observed range of each environmental variable, based on predictions adjusted to mean covariate values. For each species, colours are scaled so the darkest shade represents the strongest shift.\"}\n\neffect_size_senescence <- predictions %>%\n  filter(model_name == \"fixed_effects_sen\"#,\n         #SPECIES_SHORT == \"FS\"\n         ) %>% \n  group_by(SPECIES_SHORT, terms, Label) %>%\n  summarise(MAX_MEAN_EFFECT_SIZE = round(max(predicted) - min(predicted), 2),\n            MEAN_STD_ERROR = round(mean(std.error), 2),\n            MIN_TERM = x[which.min(predicted)],\n            MAX_TERM = x[which.max(predicted)]) %>%\n  filter(!is.na(Label),# remove excess labels from categoric variables\n         MAX_MEAN_EFFECT_SIZE > 0) %>% \n  rename(PARAMETER = terms) %>% \n  mutate(SPECIES = recode(SPECIES_SHORT, !!!rename_species_en)) %>%\n  ungroup() %>% \n  select(Label, SPECIES, everything())\n\nfacet_stats <- effect_size_senescence %>%\n  group_by(SPECIES) %>%\n  summarise(\n    min_val = min(MAX_MEAN_EFFECT_SIZE, na.rm = TRUE),\n    max_val = max(MAX_MEAN_EFFECT_SIZE, na.rm = TRUE),\n    mid_val = mean(MAX_MEAN_EFFECT_SIZE, na.rm = TRUE),\n    .groups = \"drop\")\n\neffect_scaled <- effect_size_senescence %>%\n  left_join(facet_stats, by = \"SPECIES\") %>%\n  mutate(scaled_effect = (MAX_MEAN_EFFECT_SIZE - min_val) / (max_val - min_val)) %>%\n  inner_join(label_table %>% select(term, param_order_c1, category), by = c(\"PARAMETER\" = \"term\")) %>% # partial join with order of parameters\n  mutate(category = case_when(category == \"Soil\" ~ \"Climate / Soil\",\n                              category == \"Drought\" ~ \"Climate / Soil\",\n                              category == \"Climate\" ~ \"Climate / Soil\",\n                              category == \"Phenology\" ~ \"Pheno\",\n                              #category == \"Stand structure\" ~ \"Stand\",\n                              TRUE ~ category),\n         Label = case_when(Label %like% \"Social\" ~ \"Social position\",\n                          TRUE ~ Label),\n         order_num = case_when(PARAMETER %like% \"ELEVATION\" ~ 0, # define parameter order within group\n                        PARAMETER %like% \"RELIEF\" ~ 1,\n                        PARAMETER %like% \"INCLINATION\" ~ 2,\n                        PARAMETER %like% \"ASPECT\" ~ 3,\n                        PARAMETER %like% \"SOCIAL\" ~ 6,\n                        PARAMETER %like% \"STAND\" ~ 7,\n                        PARAMETER %like% \"HEIGHT\" ~ 8,\n                        PARAMETER %like% \"DROUGHT\" ~ 13,\n                        PARAMETER %like% \"AWC\" ~ 12,\n                        PARAMETER %like% \"CDD\" ~ 10,\n                        PARAMETER %like% \"GDD\" ~ 11,\n                        TRUE ~ 0),\n         PARAMETER = fct_reorder(Label, order_num),\n        category = fct_relevel(category, \"Pheno\", \"Stand structure\", \"Climate / Soil\", \"Topography\")) # order parameter groups\n\nggplot(effect_scaled, aes(x = SPECIES, y = PARAMETER, fill = scaled_effect)) +\n  geom_tile() +\n  scale_fill_gradient2(\n    low = \"#FFA54F\", mid = \"#FF7F24\", high = \"#CD661D\", midpoint = 0.5, limits = c(0, 1)) +\n  geom_text(aes(label = round(MAX_MEAN_EFFECT_SIZE, 2)), size = 4, vjust = 0, colour = \"#4F4F4F\") +\n  xlab(\"\") +\n  ylab(\"\") +\n  scale_x_discrete(position = \"top\") +\n  facet_nested(rows = vars(category), scales = \"free_y\", space = \"free_y\", switch = \"y\") +\n  theme_report(legend.position = \"none\") +\n  theme(\n    legend.title = element_text(size = 12, face = \"bold\", hjust = 0.1),\n    axis.text.x = element_text(hjust = 0.5, face = \"bold\"),\n    strip.background = element_blank(),\n    strip.text.y.left = element_text(face = \"bold\", size = 10, hjust = 0.5, colour = \"#757575\"),\n    panel.spacing.y = unit(0.7, \"lines\"),\n    axis.line.y = element_line(colour = \"grey\", linewidth = 1.2),\n    panel.grid = element_blank()\n  )\n```\n\n1.  The DOY of leaf colouring has a significant delaying effect on the DOY of leaf unfolding of beech, but not larch or linden (@fig-coefficients). If leaf colouring was late in the previous year, leaf unfolding in the following year is also later (@fig-effects, panel leaf colouring lag). The effect is stronger than the effect of AWC (@fig-effects-size). The almost perfect overlap between the same effects of different models, indicated by almost single lines (@fig-effects), indicates that the effect size and shape of other variables is barely affected.\n2.  For beech the cAIC is notably better for models including leaf senescense. For linden, the cAIC is worse. For larch the cAIC failed due to the missing data in combination with the factors RELIEF and SOCIAL_SITUATION (@fig-selection-parameters, second row).\n3.  The RMSE is close to equal between models with and without leaf senescence and slightly better for models with the reduced data set (@fig-selection-parameters, third row).\n4.  The presence of the DOY of leaf colouring does not shift the significance or size of any effects (@fig-coefficients; @fig-effects, see changes in colour between fixed_effects_org and fixed_effects_sen). However, there are shifts in significance between the best model with the original and with the reduced data set for the linear effect of tree height in beech and the quadratic interaction between GDD and CDD for larch (@fig-coefficients). Since the only difference between these two models is the number of observations (@tbl-data), these shifts are likely induced by the missing observations, not the inclusion of leaf senescence.\n\n\n```{r save-output}\nsaveRDS(senescence_models_processed[[\"tidy\"]] %>%\n          filter(term %like% \"COLOURING\") %>%\n          mutate(label = label_fun_sim(term, \"short\"),\n                 PARAMETER = label) %>% \n          mutate(across(where(is.numeric), ~ round(.x, 3))) %>%\n          mutate(p.value = as.character(p.value),\n                 p.value = case_when(p.value == 0.000 ~ \"≤ 0.001\",\n                                     TRUE ~ p.value)),\n        paste0(path_output_data, \"/p_table_senescence.rds\"))\n\nsaveRDS(effect_size_senescence, paste0(path_own_data, \"/effect_size_senescence.rds\"))\n```\n"},"formats":{"html":{"identifier":{"display-name":"HTML","target-format":"html","base-format":"html"},"execute":{"fig-width":8,"fig-height":4,"fig-format":"retina","fig-dpi":96,"df-print":"default","error":false,"eval":true,"cache":false,"freeze":false,"echo":false,"output":"html_document","warning":false,"include":true,"keep-md":false,"keep-ipynb":false,"ipynb":null,"enabled":null,"daemon":null,"daemon-restart":false,"debug":false,"ipynb-filters":[],"ipynb-shell-interactivity":null,"plotly-connected":true,"message":false,"engine":"knitr"},"render":{"keep-tex":false,"keep-typ":false,"keep-source":false,"keep-hidden":false,"prefer-html":false,"output-divs":true,"output-ext":"html","fig-align":"default","fig-pos":null,"fig-env":null,"code-fold":true,"code-overflow":"wrap","code-link":false,"code-line-numbers":true,"code-tools":false,"tbl-colwidths":"auto","merge-includes":true,"inline-includes":false,"preserve-yaml":false,"latex-auto-mk":true,"latex-auto-install":true,"latex-clean":true,"latex-min-runs":1,"latex-max-runs":10,"latex-makeindex":"makeindex","latex-makeindex-opts":[],"latex-tlmgr-opts":[],"latex-input-paths":[],"latex-output-dir":null,"link-external-icon":false,"link-external-newwindow":false,"self-contained-math":false,"format-resources":[],"notebook-links":true},"pandoc":{"standalone":true,"wrap":"none","default-image-extension":"png","to":"html","highlight-style":"espresso","toc":true,"toc-depth":3,"output-file":"7_additional_senescence.html"},"language":{"toc-title-document":"Table of contents","toc-title-website":"On this page","related-formats-title":"Other Formats","related-notebooks-title":"Notebooks","source-notebooks-prefix":"Source","other-links-title":"Other Links","code-links-title":"Code Links","launch-dev-container-title":"Launch Dev Container","launch-binder-title":"Launch Binder","article-notebook-label":"Article Notebook","notebook-preview-download":"Download Notebook","notebook-preview-download-src":"Download Source","notebook-preview-back":"Back to Article","manuscript-meca-bundle":"MECA Bundle","section-title-abstract":"Abstract","section-title-appendices":"Appendices","section-title-footnotes":"Footnotes","section-title-references":"References","section-title-reuse":"Reuse","section-title-copyright":"Copyright","section-title-citation":"Citation","appendix-attribution-cite-as":"For attribution, please cite this work as:","appendix-attribution-bibtex":"BibTeX citation:","title-block-author-single":"Author","title-block-author-plural":"Authors","title-block-affiliation-single":"Affiliation","title-block-affiliation-plural":"Affiliations","title-block-published":"Published","title-block-modified":"Modified","title-block-keywords":"Keywords","callout-tip-title":"Tip","callout-note-title":"Note","callout-warning-title":"Warning","callout-important-title":"Important","callout-caution-title":"Caution","code-summary":"Code","code-tools-menu-caption":"Code","code-tools-show-all-code":"Show All Code","code-tools-hide-all-code":"Hide All Code","code-tools-view-source":"View Source","code-tools-source-code":"Source Code","tools-share":"Share","tools-download":"Download","code-line":"Line","code-lines":"Lines","copy-button-tooltip":"Copy to Clipboard","copy-button-tooltip-success":"Copied!","repo-action-links-edit":"Edit this page","repo-action-links-source":"View source","repo-action-links-issue":"Report an issue","back-to-top":"Back to top","search-no-results-text":"No results","search-matching-documents-text":"matching documents","search-copy-link-title":"Copy link to search","search-hide-matches-text":"Hide additional matches","search-more-match-text":"more match in this document","search-more-matches-text":"more matches in this document","search-clear-button-title":"Clear","search-text-placeholder":"","search-detached-cancel-button-title":"Cancel","search-submit-button-title":"Submit","search-label":"Search","toggle-section":"Toggle section","toggle-sidebar":"Toggle sidebar navigation","toggle-dark-mode":"Toggle dark mode","toggle-reader-mode":"Toggle reader mode","toggle-navigation":"Toggle navigation","crossref-fig-title":"Figure","crossref-tbl-title":"Table","crossref-lst-title":"Listing","crossref-thm-title":"Theorem","crossref-lem-title":"Lemma","crossref-cor-title":"Corollary","crossref-prp-title":"Proposition","crossref-cnj-title":"Conjecture","crossref-def-title":"Definition","crossref-exm-title":"Example","crossref-exr-title":"Exercise","crossref-ch-prefix":"Chapter","crossref-apx-prefix":"Appendix","crossref-sec-prefix":"Section","crossref-eq-prefix":"Equation","crossref-lof-title":"List of Figures","crossref-lot-title":"List of Tables","crossref-lol-title":"List of Listings","environment-proof-title":"Proof","environment-remark-title":"Remark","environment-solution-title":"Solution","listing-page-order-by":"Order By","listing-page-order-by-default":"Default","listing-page-order-by-date-asc":"Oldest","listing-page-order-by-date-desc":"Newest","listing-page-order-by-number-desc":"High to Low","listing-page-order-by-number-asc":"Low to High","listing-page-field-date":"Date","listing-page-field-title":"Title","listing-page-field-description":"Description","listing-page-field-author":"Author","listing-page-field-filename":"File Name","listing-page-field-filemodified":"Modified","listing-page-field-subtitle":"Subtitle","listing-page-field-readingtime":"Reading Time","listing-page-field-wordcount":"Word Count","listing-page-field-categories":"Categories","listing-page-minutes-compact":"{0} min","listing-page-category-all":"All","listing-page-no-matches":"No matching items","listing-page-words":"{0} words"},"metadata":{"lang":"en","fig-responsive":true,"quarto-version":"1.4.549","editor":"visual","page-layout":"full","code-summary":"Show the code","theme":"minty","code-folding":"hide","grid":{"body-width":"1100px"},"toc-location":"right","toc-float":{"collapsed":false,"number-sections":true},"editor_options":{"chunk_output_type":"inline"}},"extensions":{"book":{"multiFile":true}}}},"projectFormats":["html"]}