{
  "hash": "4500edd920a0354832128e47b496cba0",
  "result": {
    "engine": "knitr",
    "markdown": "---\noutput: html_document\neditor_options: \n  chunk_output_type: inline\nexecute:\n    freeze: false\n---\n\n\n# Species comparison\n\n\n\n\n\n\n::: {.cell}\n\n:::\n\n::: {.cell}\n\n:::\n\n::: {.cell}\n\n:::\n\n::: {.cell}\n\n:::\n\n::: {.cell}\n\n:::\n\n::: {.cell}\n\n:::\n\n::: {.cell}\n\n:::\n\n\n## Variable importance\n\n\n::: {#tbl-conservative-variations .cell tbl-cap='Number of conservative model variations with delta cAIC < 4 and < 2.'}\n::: {.cell-output-display}\n\n```{=html}\n<div class=\"datatables html-widget html-fill-item\" id=\"htmlwidget-f4b9625597d8c03b28cd\" style=\"width:100%;height:auto;\"></div>\n<script type=\"application/json\" data-for=\"htmlwidget-f4b9625597d8c03b28cd\">{\"x\":{\"filter\":\"top\",\"vertical\":false,\"filterHTML\":\"<tr>\\n  <td data-type=\\\"character\\\" style=\\\"vertical-align: top;\\\">\\n    <div class=\\\"form-group has-feedback\\\" style=\\\"margin-bottom: auto;\\\">\\n      <input type=\\\"search\\\" placeholder=\\\"All\\\" class=\\\"form-control\\\" style=\\\"width: 100%;\\\"/>\\n      <span class=\\\"glyphicon glyphicon-remove-circle form-control-feedback\\\"><\\/span>\\n    <\\/div>\\n  <\\/td>\\n  <td data-type=\\\"integer\\\" style=\\\"vertical-align: top;\\\">\\n    <div class=\\\"form-group has-feedback\\\" style=\\\"margin-bottom: auto;\\\">\\n      <input type=\\\"search\\\" placeholder=\\\"All\\\" class=\\\"form-control\\\" style=\\\"width: 100%;\\\"/>\\n      <span class=\\\"glyphicon glyphicon-remove-circle form-control-feedback\\\"><\\/span>\\n    <\\/div>\\n    <div style=\\\"display: none;position: absolute;width: 200px;opacity: 1\\\">\\n      <div data-min=\\\"267\\\" data-max=\\\"1209\\\"><\\/div>\\n      <span style=\\\"float: left;\\\"><\\/span>\\n      <span style=\\\"float: right;\\\"><\\/span>\\n    <\\/div>\\n  <\\/td>\\n  <td data-type=\\\"integer\\\" style=\\\"vertical-align: top;\\\">\\n    <div class=\\\"form-group has-feedback\\\" style=\\\"margin-bottom: auto;\\\">\\n      <input type=\\\"search\\\" placeholder=\\\"All\\\" class=\\\"form-control\\\" style=\\\"width: 100%;\\\"/>\\n      <span class=\\\"glyphicon glyphicon-remove-circle form-control-feedback\\\"><\\/span>\\n    <\\/div>\\n    <div style=\\\"display: none;position: absolute;width: 200px;opacity: 1\\\">\\n      <div data-min=\\\"37\\\" data-max=\\\"526\\\"><\\/div>\\n      <span style=\\\"float: left;\\\"><\\/span>\\n      <span style=\\\"float: right;\\\"><\\/span>\\n    <\\/div>\\n  <\\/td>\\n  <td data-type=\\\"number\\\" style=\\\"vertical-align: top;\\\">\\n    <div class=\\\"form-group has-feedback\\\" style=\\\"margin-bottom: auto;\\\">\\n      <input type=\\\"search\\\" placeholder=\\\"All\\\" class=\\\"form-control\\\" style=\\\"width: 100%;\\\"/>\\n      <span class=\\\"glyphicon glyphicon-remove-circle form-control-feedback\\\"><\\/span>\\n    <\\/div>\\n    <div style=\\\"display: none;position: absolute;width: 200px;opacity: 1\\\">\\n      <div data-min=\\\"0.00227\\\" data-max=\\\"0.0146\\\" data-scale=\\\"5\\\"><\\/div>\\n      <span style=\\\"float: left;\\\"><\\/span>\\n      <span style=\\\"float: right;\\\"><\\/span>\\n    <\\/div>\\n  <\\/td>\\n  <td data-type=\\\"number\\\" style=\\\"vertical-align: top;\\\">\\n    <div class=\\\"form-group has-feedback\\\" style=\\\"margin-bottom: auto;\\\">\\n      <input type=\\\"search\\\" placeholder=\\\"All\\\" class=\\\"form-control\\\" style=\\\"width: 100%;\\\"/>\\n      <span class=\\\"glyphicon glyphicon-remove-circle form-control-feedback\\\"><\\/span>\\n    <\\/div>\\n    <div style=\\\"display: none;position: absolute;width: 200px;opacity: 1\\\">\\n      <div data-min=\\\"0.00357\\\" data-max=\\\"0.0527\\\" data-scale=\\\"5\\\"><\\/div>\\n      <span style=\\\"float: left;\\\"><\\/span>\\n      <span style=\\\"float: right;\\\"><\\/span>\\n    <\\/div>\\n  <\\/td>\\n<\\/tr>\",\"data\":[[\"FS\",\"LD\",\"PA\",\"TC\"],[267,1209,572,951],[37,381,223,526],[0.0146,0.00227,0.00481,0.00264],[0.0527,0.0041,0.008619999999999999,0.00357]],\"container\":\"<table class=\\\"display\\\">\\n  <thead>\\n    <tr>\\n      <th>Species<\\/th>\\n      <th>sum Δ cAIC &lt; 4<\\/th>\\n      <th>sum Δ cAIC &lt; 2<\\/th>\\n      <th>max 𝓌ᵢ Δ cAIC &lt; 4<\\/th>\\n      <th>max 𝓌ᵢ Δ cAIC &lt; 2<\\/th>\\n    <\\/tr>\\n  <\\/thead>\\n<\\/table>\",\"options\":{\"scrollX\":true,\"pageLength\":10,\"columnDefs\":[{\"className\":\"dt-right\",\"targets\":[1,2,3,4]},{\"name\":\"SPECIES_SHORT\",\"targets\":0},{\"name\":\"d4\",\"targets\":1},{\"name\":\"d2\",\"targets\":2},{\"name\":\"max_weight4\",\"targets\":3},{\"name\":\"max_weight2\",\"targets\":4}],\"order\":[],\"autoWidth\":false,\"orderClasses\":false,\"orderCellsTop\":true}},\"evals\":[],\"jsHooks\":[]}</script>\n```\n\n:::\n:::\n\n::: {.cell}\n::: {.cell-output-display}\n![Relative variable importance (VI) in high-performing models of leaf unfolding. Shown are the VI of model variations with ΔcAIC < 2 (cAIC = conditional Akaike Information Criterion) relative to the model with the lowest cAIC that contain GDD and ≤ 10 main effects and interactions. A VI of 1 signals high importance relative to other variables, while lower values suggest that a variable appeared in fewer models or models with lower Akaike weights. Variables with the prefix “poly” were modelled with a non-linear relationship to DOY (Methods). The colon (:) indicates an interaction between two variables. Blanks represent variables that were not present in any well-performing models.](6_species_comparison_leaf_unfolding_files/figure-html/fig-importance-1.png){#fig-importance width=672}\n:::\n:::\n\n\n## Model selection\n\n\n\n::: {.cell}\n\n:::\n\n::: {#tbl-delta-caic .cell tbl-cap='Delta cAIC of best conservative models per type across species.'}\n::: {.cell-output-display}\n\n```{=html}\n<div class=\"datatables html-widget html-fill-item\" id=\"htmlwidget-d7cd95f538357a27d9cc\" style=\"width:100%;height:auto;\"></div>\n<script type=\"application/json\" data-for=\"htmlwidget-d7cd95f538357a27d9cc\">{\"x\":{\"filter\":\"top\",\"vertical\":false,\"filterHTML\":\"<tr>\\n  <td data-type=\\\"character\\\" style=\\\"vertical-align: top;\\\">\\n    <div class=\\\"form-group has-feedback\\\" style=\\\"margin-bottom: auto;\\\">\\n      <input type=\\\"search\\\" placeholder=\\\"All\\\" class=\\\"form-control\\\" style=\\\"width: 100%;\\\"/>\\n      <span class=\\\"glyphicon glyphicon-remove-circle form-control-feedback\\\"><\\/span>\\n    <\\/div>\\n  <\\/td>\\n  <td data-type=\\\"factor\\\" style=\\\"vertical-align: top;\\\">\\n    <div class=\\\"form-group has-feedback\\\" style=\\\"margin-bottom: auto;\\\">\\n      <input type=\\\"search\\\" placeholder=\\\"All\\\" class=\\\"form-control\\\" style=\\\"width: 100%;\\\"/>\\n      <span class=\\\"glyphicon glyphicon-remove-circle form-control-feedback\\\"><\\/span>\\n    <\\/div>\\n    <div style=\\\"width: 100%; display: none;\\\">\\n      <select multiple=\\\"multiple\\\" style=\\\"width: 100%;\\\" data-options=\\\"[&quot;best model&quot;,&quot;parsimonious model 1&quot;,&quot;parsimonious model 2&quot;,&quot;parsimonious model 3&quot;,&quot;refined model&quot;,&quot;traditional model&quot;]\\\"><\\/select>\\n    <\\/div>\\n  <\\/td>\\n  <td data-type=\\\"number\\\" style=\\\"vertical-align: top;\\\">\\n    <div class=\\\"form-group has-feedback\\\" style=\\\"margin-bottom: auto;\\\">\\n      <input type=\\\"search\\\" placeholder=\\\"All\\\" class=\\\"form-control\\\" style=\\\"width: 100%;\\\"/>\\n      <span class=\\\"glyphicon glyphicon-remove-circle form-control-feedback\\\"><\\/span>\\n    <\\/div>\\n    <div style=\\\"display: none;position: absolute;width: 200px;opacity: 1\\\">\\n      <div data-min=\\\"4265.2\\\" data-max=\\\"7049.03\\\" data-scale=\\\"2\\\"><\\/div>\\n      <span style=\\\"float: left;\\\"><\\/span>\\n      <span style=\\\"float: right;\\\"><\\/span>\\n    <\\/div>\\n  <\\/td>\\n  <td data-type=\\\"number\\\" style=\\\"vertical-align: top;\\\">\\n    <div class=\\\"form-group has-feedback\\\" style=\\\"margin-bottom: auto;\\\">\\n      <input type=\\\"search\\\" placeholder=\\\"All\\\" class=\\\"form-control\\\" style=\\\"width: 100%;\\\"/>\\n      <span class=\\\"glyphicon glyphicon-remove-circle form-control-feedback\\\"><\\/span>\\n    <\\/div>\\n    <div style=\\\"display: none;position: absolute;width: 200px;opacity: 1\\\">\\n      <div data-min=\\\"0\\\" data-max=\\\"49.38\\\" data-scale=\\\"2\\\"><\\/div>\\n      <span style=\\\"float: left;\\\"><\\/span>\\n      <span style=\\\"float: right;\\\"><\\/span>\\n    <\\/div>\\n  <\\/td>\\n  <td data-type=\\\"number\\\" style=\\\"vertical-align: top;\\\">\\n    <div class=\\\"form-group has-feedback\\\" style=\\\"margin-bottom: auto;\\\">\\n      <input type=\\\"search\\\" placeholder=\\\"All\\\" class=\\\"form-control\\\" style=\\\"width: 100%;\\\"/>\\n      <span class=\\\"glyphicon glyphicon-remove-circle form-control-feedback\\\"><\\/span>\\n    <\\/div>\\n    <div style=\\\"display: none;position: absolute;width: 200px;opacity: 1\\\">\\n      <div data-min=\\\"-3474.73\\\" data-max=\\\"-2094.28\\\" data-scale=\\\"2\\\"><\\/div>\\n      <span style=\\\"float: left;\\\"><\\/span>\\n      <span style=\\\"float: right;\\\"><\\/span>\\n    <\\/div>\\n  <\\/td>\\n  <td data-type=\\\"number\\\" style=\\\"vertical-align: top;\\\">\\n    <div class=\\\"form-group has-feedback\\\" style=\\\"margin-bottom: auto;\\\">\\n      <input type=\\\"search\\\" placeholder=\\\"All\\\" class=\\\"form-control\\\" style=\\\"width: 100%;\\\"/>\\n      <span class=\\\"glyphicon glyphicon-remove-circle form-control-feedback\\\"><\\/span>\\n    <\\/div>\\n    <div style=\\\"display: none;position: absolute;width: 200px;opacity: 1\\\">\\n      <div data-min=\\\"6.74\\\" data-max=\\\"11.29\\\" data-scale=\\\"2\\\"><\\/div>\\n      <span style=\\\"float: left;\\\"><\\/span>\\n      <span style=\\\"float: right;\\\"><\\/span>\\n    <\\/div>\\n  <\\/td>\\n  <td data-type=\\\"number\\\" style=\\\"vertical-align: top;\\\">\\n    <div class=\\\"form-group has-feedback\\\" style=\\\"margin-bottom: auto;\\\">\\n      <input type=\\\"search\\\" placeholder=\\\"All\\\" class=\\\"form-control\\\" style=\\\"width: 100%;\\\"/>\\n      <span class=\\\"glyphicon glyphicon-remove-circle form-control-feedback\\\"><\\/span>\\n    <\\/div>\\n    <div style=\\\"display: none;position: absolute;width: 200px;opacity: 1\\\">\\n      <div data-min=\\\"80\\\" data-max=\\\"100\\\"><\\/div>\\n      <span style=\\\"float: left;\\\"><\\/span>\\n      <span style=\\\"float: right;\\\"><\\/span>\\n    <\\/div>\\n  <\\/td>\\n  <td data-type=\\\"number\\\" style=\\\"vertical-align: top;\\\">\\n    <div class=\\\"form-group has-feedback\\\" style=\\\"margin-bottom: auto;\\\">\\n      <input type=\\\"search\\\" placeholder=\\\"All\\\" class=\\\"form-control\\\" style=\\\"width: 100%;\\\"/>\\n      <span class=\\\"glyphicon glyphicon-remove-circle form-control-feedback\\\"><\\/span>\\n    <\\/div>\\n    <div style=\\\"display: none;position: absolute;width: 200px;opacity: 1\\\">\\n      <div data-min=\\\"3\\\" data-max=\\\"16\\\"><\\/div>\\n      <span style=\\\"float: left;\\\"><\\/span>\\n      <span style=\\\"float: right;\\\"><\\/span>\\n    <\\/div>\\n  <\\/td>\\n<\\/tr>\",\"data\":[[\"FS\",\"FS\",\"FS\",\"FS\",\"FS\",\"FS\",\"LD\",\"LD\",\"LD\",\"LD\",\"LD\",\"LD\",\"PA\",\"PA\",\"PA\",\"PA\",\"PA\",\"PA\",\"TC\",\"TC\",\"TC\",\"TC\",\"TC\",\"TC\"],[\"best model\",\"parsimonious model 1\",\"parsimonious model 2\",\"parsimonious model 3\",\"refined model\",\"traditional model\",\"best model\",\"parsimonious model 1\",\"parsimonious model 2\",\"parsimonious model 3\",\"refined model\",\"traditional model\",\"best model\",\"parsimonious model 1\",\"parsimonious model 2\",\"parsimonious model 3\",\"refined model\",\"traditional model\",\"best model\",\"parsimonious model 1\",\"parsimonious model 2\",\"parsimonious model 3\",\"refined model\",\"traditional model\"],[6742.94,6743.84,6744.5,6744.83,6746.23,6769.96,6999.65,7001.65,7000.17,7001.61,7004.5,7049.03,6781.41,6783.08,6782.63,6782.94,6787.9,6810.82,4265.2,4266.11,4266.42,4265.5,4266.11,4268.85],[0,0.91,1.57,1.89,3.3,27.02,0,1.99,0.51,1.95,4.85,49.38,0,1.67,1.21,1.53,6.49,29.41,0,0.91,1.22,0.3,0.91,3.64],[-3331.21,-3329.9,-3329.09,-3329.33,-3329.03,-3340.53,-3446.87,-3450.35,-3446.69,-3450.49,-3450.9,-3474.73,-3333.77,-3338.18,-3338.19,-3338.15,-3342.66,-3355.1,-2094.28,-2095.64,-2095.98,-2095.86,-2095.64,-2098.94],[6.74,6.85,6.94,6.96,7.18,7.62,9.09,10.44,10.24,10,10.23,11.29,10.04,10.72,10.41,10.59,10.71,10.75,7.53,8.380000000000001,8.289999999999999,7.77,8.380000000000001,8.44],[88,90,91,91,94,100,80,92,91,89,91,100,93,100,97,98,100,100,89,99,98,92,99,100],[12,8,8,9,4,3,16,4,7,7,5,3,16,6,8,8,4,3,8,5,5,6,5,3]],\"container\":\"<table class=\\\"display\\\">\\n  <thead>\\n    <tr>\\n      <th>Species<\\/th>\\n      <th>Model type<\\/th>\\n      <th>cAIC<\\/th>\\n      <th>ΔcAIC<\\/th>\\n      <th>log (𝓛)<\\/th>\\n      <th>RMSE<\\/th>\\n      <th>% RMSE<\\/th>\\n      <th>K<\\/th>\\n    <\\/tr>\\n  <\\/thead>\\n<\\/table>\",\"options\":{\"scrollX\":true,\"pageLength\":10,\"columnDefs\":[{\"className\":\"dt-right\",\"targets\":[2,3,4,5,6,7]},{\"name\":\"SPECIES_SHORT\",\"targets\":0},{\"name\":\"type\",\"targets\":1},{\"name\":\"cAIC\",\"targets\":2},{\"name\":\"d.cAIC\",\"targets\":3},{\"name\":\"logLik\",\"targets\":4},{\"name\":\"RMSE\",\"targets\":5},{\"name\":\"RMSE_PERC\",\"targets\":6},{\"name\":\"terms_count\",\"targets\":7}],\"order\":[],\"autoWidth\":false,\"orderClasses\":false,\"orderCellsTop\":true}},\"evals\":[],\"jsHooks\":[]}</script>\n```\n\n:::\n:::\n\n::: {#tbl-calls .cell tbl-cap='Model formula of best conservative models per type across species.'}\n::: {.cell-output-display}\n\n```{=html}\n<div class=\"datatables html-widget html-fill-item\" id=\"htmlwidget-27194e90f77d6b646867\" style=\"width:100%;height:auto;\"></div>\n<script type=\"application/json\" data-for=\"htmlwidget-27194e90f77d6b646867\">{\"x\":{\"filter\":\"top\",\"vertical\":false,\"filterHTML\":\"<tr>\\n  <td data-type=\\\"factor\\\" style=\\\"vertical-align: top;\\\">\\n    <div class=\\\"form-group has-feedback\\\" style=\\\"margin-bottom: auto;\\\">\\n      <input type=\\\"search\\\" placeholder=\\\"All\\\" class=\\\"form-control\\\" style=\\\"width: 100%;\\\"/>\\n      <span class=\\\"glyphicon glyphicon-remove-circle form-control-feedback\\\"><\\/span>\\n    <\\/div>\\n    <div style=\\\"width: 100%; display: none;\\\">\\n      <select multiple=\\\"multiple\\\" style=\\\"width: 100%;\\\" data-options=\\\"[&quot;best model&quot;,&quot;parsimonious model 1&quot;,&quot;parsimonious model 2&quot;,&quot;parsimonious model 3&quot;,&quot;refined model&quot;,&quot;traditional model&quot;]\\\"><\\/select>\\n    <\\/div>\\n  <\\/td>\\n  <td data-type=\\\"character\\\" style=\\\"vertical-align: top;\\\">\\n    <div class=\\\"form-group has-feedback\\\" style=\\\"margin-bottom: auto;\\\">\\n      <input type=\\\"search\\\" placeholder=\\\"All\\\" class=\\\"form-control\\\" style=\\\"width: 100%;\\\"/>\\n      <span class=\\\"glyphicon glyphicon-remove-circle form-control-feedback\\\"><\\/span>\\n    <\\/div>\\n  <\\/td>\\n  <td data-type=\\\"character\\\" style=\\\"vertical-align: top;\\\">\\n    <div class=\\\"form-group has-feedback\\\" style=\\\"margin-bottom: auto;\\\">\\n      <input type=\\\"search\\\" placeholder=\\\"All\\\" class=\\\"form-control\\\" style=\\\"width: 100%;\\\"/>\\n      <span class=\\\"glyphicon glyphicon-remove-circle form-control-feedback\\\"><\\/span>\\n    <\\/div>\\n  <\\/td>\\n  <td data-type=\\\"character\\\" style=\\\"vertical-align: top;\\\">\\n    <div class=\\\"form-group has-feedback\\\" style=\\\"margin-bottom: auto;\\\">\\n      <input type=\\\"search\\\" placeholder=\\\"All\\\" class=\\\"form-control\\\" style=\\\"width: 100%;\\\"/>\\n      <span class=\\\"glyphicon glyphicon-remove-circle form-control-feedback\\\"><\\/span>\\n    <\\/div>\\n  <\\/td>\\n  <td data-type=\\\"character\\\" style=\\\"vertical-align: top;\\\">\\n    <div class=\\\"form-group has-feedback\\\" style=\\\"margin-bottom: auto;\\\">\\n      <input type=\\\"search\\\" placeholder=\\\"All\\\" class=\\\"form-control\\\" style=\\\"width: 100%;\\\"/>\\n      <span class=\\\"glyphicon glyphicon-remove-circle form-control-feedback\\\"><\\/span>\\n    <\\/div>\\n  <\\/td>\\n<\\/tr>\",\"data\":[[\"best model\",\"parsimonious model 1\",\"parsimonious model 2\",\"parsimonious model 3\",\"refined model\",\"traditional model\"],[\"poly(GDD) + CDD + poly(AWC) + poly(Slope aspect) + poly(Tree height) + Elevation\",\"poly(GDD) + CDD + poly(Tree height) + Elevation\",\"poly(GDD) + CDD + poly(AWC) + Elevation\",\"poly(GDD) + CDD + poly(AWC) + poly(Tree height)\",\"GDD + CDD\",\"GDD\"],[\"CDD * poly(GDD) + poly(AWC) + poly(Stand height) + Relief + Social position\",\"poly(GDD)\",\"CDD * poly(GDD)\",\"poly(GDD) + Relief\",\"poly(GDD) + CDD\",\"GDD\"],[\"poly(GDD) + poly(Slope inclination) + poly(Stand height) + poly(AWC) * poly(CWB)\",\"poly(GDD) + poly(CWB)\",\"poly(GDD) + poly(CWB) + poly(Stand height)\",\"poly(GDD) + poly(CWB) + poly(Slope inclination)\",\"poly(GDD)\",\"GDD\"],[\"CDD * GDD + poly(CWB) + Elevation\",\"CDD * GDD\",\"GDD + poly(CWB)\",\"CDD * GDD + Elevation\",\"GDD * CDD\",\"GDD\"]],\"container\":\"<table class=\\\"display\\\">\\n  <thead>\\n    <tr>\\n      <th>type<\\/th>\\n      <th>Beech<\\/th>\\n      <th>Larch<\\/th>\\n      <th>Spruce<\\/th>\\n      <th>Linden<\\/th>\\n    <\\/tr>\\n  <\\/thead>\\n<\\/table>\",\"options\":{\"scrollX\":true,\"pageLength\":10,\"dom\":\"Bfrtip\",\"columnDefs\":[{\"name\":\"type\",\"targets\":0},{\"name\":\"Beech\",\"targets\":1},{\"name\":\"Larch\",\"targets\":2},{\"name\":\"Spruce\",\"targets\":3},{\"name\":\"Linden\",\"targets\":4}],\"order\":[],\"autoWidth\":false,\"orderClasses\":false,\"orderCellsTop\":true}},\"evals\":[],\"jsHooks\":[]}</script>\n```\n\n:::\n:::\n\n\n\n## Model prediction accuracy\n\n\n::: {.cell}\n::: {.cell-output-display}\n![Model prediction accuracy using refined temperature-only models (black) and best models (green) to predict leaf unfolding across populations. Across-population predictions are based solely on fixed effects, excluding random effects and thus representing a generalized prediction. The dashed lines indicate perfect prediction of leaf unfolding, and deviations from it reflect prediction error.](6_species_comparison_leaf_unfolding_files/figure-html/fig-fixed-vs-observed-1.png){#fig-fixed-vs-observed width=480}\n:::\n:::\n\n\n\n\n\n## Coefficients\n\n\n\n\n::: {.cell}\n\n:::\n\n\n\n### Reference models\n\nReference models with random slopes for warming and chilling never converged, even when warming was simplified to a linear term only. Models with a random slope for warming but not chilling converged only for Larix decidua and Tilia cordata, but not Picea abies and Fagus sylvatica. In general reference models for Fagus sylvatica had more conversion issues than reference models of other species.\n\n\n::: {.cell}\n::: {.cell-output-display}\n![Coefficient estimate and standard error per term for all zero models.](6_species_comparison_leaf_unfolding_files/figure-html/fig-forrest-reference-1.png){#fig-forrest-reference width=768}\n:::\n:::\n\n::: {#tbl-coefficients-refined .cell tbl-cap='Coefficient estimates, confidence limits of 95% confidence intervals (conf.low, conf.high), standard error (SE) of coefficient estimates and p-values of refined models. The terms sd Intercept and sd Residuals describe the standard deviation of the random intercept and the residuals.'}\n::: {.cell-output-display}\n\n```{=html}\n<div class=\"datatables html-widget html-fill-item\" id=\"htmlwidget-ad24ccdb6cb78b9255f7\" style=\"width:100%;height:auto;\"></div>\n<script type=\"application/json\" data-for=\"htmlwidget-ad24ccdb6cb78b9255f7\">{\"x\":{\"filter\":\"top\",\"vertical\":false,\"filterHTML\":\"<tr>\\n  <td data-type=\\\"character\\\" style=\\\"vertical-align: top;\\\">\\n    <div class=\\\"form-group has-feedback\\\" style=\\\"margin-bottom: auto;\\\">\\n      <input type=\\\"search\\\" placeholder=\\\"All\\\" class=\\\"form-control\\\" style=\\\"width: 100%;\\\"/>\\n      <span class=\\\"glyphicon glyphicon-remove-circle form-control-feedback\\\"><\\/span>\\n    <\\/div>\\n  <\\/td>\\n  <td data-type=\\\"character\\\" style=\\\"vertical-align: top;\\\">\\n    <div class=\\\"form-group has-feedback\\\" style=\\\"margin-bottom: auto;\\\">\\n      <input type=\\\"search\\\" placeholder=\\\"All\\\" class=\\\"form-control\\\" style=\\\"width: 100%;\\\"/>\\n      <span class=\\\"glyphicon glyphicon-remove-circle form-control-feedback\\\"><\\/span>\\n    <\\/div>\\n  <\\/td>\\n  <td data-type=\\\"number\\\" style=\\\"vertical-align: top;\\\">\\n    <div class=\\\"form-group has-feedback\\\" style=\\\"margin-bottom: auto;\\\">\\n      <input type=\\\"search\\\" placeholder=\\\"All\\\" class=\\\"form-control\\\" style=\\\"width: 100%;\\\"/>\\n      <span class=\\\"glyphicon glyphicon-remove-circle form-control-feedback\\\"><\\/span>\\n    <\\/div>\\n    <div style=\\\"display: none;position: absolute;width: 200px;opacity: 1\\\">\\n      <div data-min=\\\"-261\\\" data-max=\\\"129\\\" data-scale=\\\"3\\\"><\\/div>\\n      <span style=\\\"float: left;\\\"><\\/span>\\n      <span style=\\\"float: right;\\\"><\\/span>\\n    <\\/div>\\n  <\\/td>\\n  <td data-type=\\\"number\\\" style=\\\"vertical-align: top;\\\">\\n    <div class=\\\"form-group has-feedback\\\" style=\\\"margin-bottom: auto;\\\">\\n      <input type=\\\"search\\\" placeholder=\\\"All\\\" class=\\\"form-control\\\" style=\\\"width: 100%;\\\"/>\\n      <span class=\\\"glyphicon glyphicon-remove-circle form-control-feedback\\\"><\\/span>\\n    <\\/div>\\n    <div style=\\\"display: none;position: absolute;width: 200px;opacity: 1\\\">\\n      <div data-min=\\\"-240\\\" data-max=\\\"132\\\" data-scale=\\\"3\\\"><\\/div>\\n      <span style=\\\"float: left;\\\"><\\/span>\\n      <span style=\\\"float: right;\\\"><\\/span>\\n    <\\/div>\\n  <\\/td>\\n  <td data-type=\\\"number\\\" style=\\\"vertical-align: top;\\\">\\n    <div class=\\\"form-group has-feedback\\\" style=\\\"margin-bottom: auto;\\\">\\n      <input type=\\\"search\\\" placeholder=\\\"All\\\" class=\\\"form-control\\\" style=\\\"width: 100%;\\\"/>\\n      <span class=\\\"glyphicon glyphicon-remove-circle form-control-feedback\\\"><\\/span>\\n    <\\/div>\\n    <div style=\\\"display: none;position: absolute;width: 200px;opacity: 1\\\">\\n      <div data-min=\\\"-219\\\" data-max=\\\"139\\\" data-scale=\\\"3\\\"><\\/div>\\n      <span style=\\\"float: left;\\\"><\\/span>\\n      <span style=\\\"float: right;\\\"><\\/span>\\n    <\\/div>\\n  <\\/td>\\n  <td data-type=\\\"number\\\" style=\\\"vertical-align: top;\\\">\\n    <div class=\\\"form-group has-feedback\\\" style=\\\"margin-bottom: auto;\\\">\\n      <input type=\\\"search\\\" placeholder=\\\"All\\\" class=\\\"form-control\\\" style=\\\"width: 100%;\\\"/>\\n      <span class=\\\"glyphicon glyphicon-remove-circle form-control-feedback\\\"><\\/span>\\n    <\\/div>\\n    <div style=\\\"display: none;position: absolute;width: 200px;opacity: 1\\\">\\n      <div data-min=\\\"0\\\" data-max=\\\"14.4\\\" data-scale=\\\"3\\\"><\\/div>\\n      <span style=\\\"float: left;\\\"><\\/span>\\n      <span style=\\\"float: right;\\\"><\\/span>\\n    <\\/div>\\n  <\\/td>\\n  <td data-type=\\\"character\\\" style=\\\"vertical-align: top;\\\">\\n    <div class=\\\"form-group has-feedback\\\" style=\\\"margin-bottom: auto;\\\">\\n      <input type=\\\"search\\\" placeholder=\\\"All\\\" class=\\\"form-control\\\" style=\\\"width: 100%;\\\"/>\\n      <span class=\\\"glyphicon glyphicon-remove-circle form-control-feedback\\\"><\\/span>\\n    <\\/div>\\n  <\\/td>\\n<\\/tr>\",\"data\":[[\"Beech\",\"Beech\",\"Beech\",\"Beech\",\"Beech\",\"Larch\",\"Larch\",\"Larch\",\"Larch\",\"Larch\",\"Larch\",\"Linden\",\"Linden\",\"Linden\",\"Linden\",\"Linden\",\"Linden\",\"Spruce\",\"Spruce\",\"Spruce\",\"Spruce\",\"Spruce\"],[\"GDD\",\"CDD\",\"Intercept\",\"sd Residuals\",\"sd Intercept\",\"GDD linear\",\"GDD quadratic\",\"CDD\",\"Intercept\",\"sd Residuals\",\"sd Intercept\",\"GDD\",\"CDD\",\"GDD:CDD\",\"Intercept\",\"sd Residuals\",\"sd Intercept\",\"GDD linear\",\"GDD quadratic\",\"Intercept\",\"sd Residuals\",\"sd Intercept\"],[-0.03,0.013,111,null,3.77,-235,58.4,-0.001,101,null,8.130000000000001,-0.07099999999999999,0.001,-0,126,null,6,-261,23.9,129,null,9.57],[-0.021,0.018,115,6.56,4.82,-206,78.90000000000001,0.004,105,6.98,10.1,-0.05,0.014,-0,132,6.44,7.74,-240,38.9,132,7.01,11.8],[-0.012,0.023,119,null,6.17,-178,99.40000000000001,0.01,109,null,12.5,-0.028,0.027,-0,139,null,9.99,-219,53.9,135,null,14.4],[0.005,0.003,1.95,null,null,14.4,10.5,0.003,1.92,null,null,0.011,0.007,0,3.39,null,null,10.6,7.63,1.71,null,null],[\"≤ 0.001\",\"≤ 0.001\",\"≤ 0.001\",null,null,\"≤ 0.001\",\"≤ 0.001\",\"0.127\",\"≤ 0.001\",null,null,\"≤ 0.001\",\"0.034\",\"0.006\",\"≤ 0.001\",null,null,\"≤ 0.001\",\"≤ 0.001\",\"≤ 0.001\",null,null]],\"container\":\"<table class=\\\"display\\\">\\n  <thead>\\n    <tr>\\n      <th>Species<\\/th>\\n      <th>Predictor<\\/th>\\n      <th>conf.low<\\/th>\\n      <th>estimate<\\/th>\\n      <th>conf.high<\\/th>\\n      <th>SE<\\/th>\\n      <th>p-value<\\/th>\\n    <\\/tr>\\n  <\\/thead>\\n<\\/table>\",\"options\":{\"scrollX\":true,\"pageLength\":10,\"columnDefs\":[{\"className\":\"dt-right\",\"targets\":[2,3,4,5]},{\"name\":\"SPECIES\",\"targets\":0},{\"name\":\"PARAMETER\",\"targets\":1},{\"name\":\"conf.low\",\"targets\":2},{\"name\":\"estimate\",\"targets\":3},{\"name\":\"conf.high\",\"targets\":4},{\"name\":\"std.error\",\"targets\":5},{\"name\":\"p.value\",\"targets\":6}],\"order\":[],\"autoWidth\":false,\"orderClasses\":false,\"orderCellsTop\":true}},\"evals\":[],\"jsHooks\":[]}</script>\n```\n\n:::\n:::\n\n\n\n### Best models\n\n\n\n\n::: {#tbl-coefficients-best .cell tbl-cap='Coefficient estimates, confidence limits of 95% confidence intervals (conf.low, conf.high), standard error (SE) of coefficient estimates and p-values of best models. The terms sd Intercept and sd Residuals describe the standard deviation of the random intercept and the residuals. The reference levels for relief position and social situation are “upper slope” and “forest”, respectively.'}\n::: {.cell-output-display}\n\n```{=html}\n<div class=\"datatables html-widget html-fill-item\" id=\"htmlwidget-0b20c74fce2754a6e877\" style=\"width:100%;height:auto;\"></div>\n<script type=\"application/json\" data-for=\"htmlwidget-0b20c74fce2754a6e877\">{\"x\":{\"filter\":\"top\",\"vertical\":false,\"filterHTML\":\"<tr>\\n  <td data-type=\\\"character\\\" style=\\\"vertical-align: top;\\\">\\n    <div class=\\\"form-group has-feedback\\\" style=\\\"margin-bottom: auto;\\\">\\n      <input type=\\\"search\\\" placeholder=\\\"All\\\" class=\\\"form-control\\\" style=\\\"width: 100%;\\\"/>\\n      <span class=\\\"glyphicon glyphicon-remove-circle form-control-feedback\\\"><\\/span>\\n    <\\/div>\\n  <\\/td>\\n  <td data-type=\\\"character\\\" style=\\\"vertical-align: top;\\\">\\n    <div class=\\\"form-group has-feedback\\\" style=\\\"margin-bottom: auto;\\\">\\n      <input type=\\\"search\\\" placeholder=\\\"All\\\" class=\\\"form-control\\\" style=\\\"width: 100%;\\\"/>\\n      <span class=\\\"glyphicon glyphicon-remove-circle form-control-feedback\\\"><\\/span>\\n    <\\/div>\\n  <\\/td>\\n  <td data-type=\\\"number\\\" style=\\\"vertical-align: top;\\\">\\n    <div class=\\\"form-group has-feedback\\\" style=\\\"margin-bottom: auto;\\\">\\n      <input type=\\\"search\\\" placeholder=\\\"All\\\" class=\\\"form-control\\\" style=\\\"width: 100%;\\\"/>\\n      <span class=\\\"glyphicon glyphicon-remove-circle form-control-feedback\\\"><\\/span>\\n    <\\/div>\\n    <div style=\\\"display: none;position: absolute;width: 200px;opacity: 1\\\">\\n      <div data-min=\\\"-1140\\\" data-max=\\\"295\\\" data-scale=\\\"3\\\"><\\/div>\\n      <span style=\\\"float: left;\\\"><\\/span>\\n      <span style=\\\"float: right;\\\"><\\/span>\\n    <\\/div>\\n  <\\/td>\\n  <td data-type=\\\"number\\\" style=\\\"vertical-align: top;\\\">\\n    <div class=\\\"form-group has-feedback\\\" style=\\\"margin-bottom: auto;\\\">\\n      <input type=\\\"search\\\" placeholder=\\\"All\\\" class=\\\"form-control\\\" style=\\\"width: 100%;\\\"/>\\n      <span class=\\\"glyphicon glyphicon-remove-circle form-control-feedback\\\"><\\/span>\\n    <\\/div>\\n    <div style=\\\"display: none;position: absolute;width: 200px;opacity: 1\\\">\\n      <div data-min=\\\"-524\\\" data-max=\\\"972\\\" data-scale=\\\"3\\\"><\\/div>\\n      <span style=\\\"float: left;\\\"><\\/span>\\n      <span style=\\\"float: right;\\\"><\\/span>\\n    <\\/div>\\n  <\\/td>\\n  <td data-type=\\\"number\\\" style=\\\"vertical-align: top;\\\">\\n    <div class=\\\"form-group has-feedback\\\" style=\\\"margin-bottom: auto;\\\">\\n      <input type=\\\"search\\\" placeholder=\\\"All\\\" class=\\\"form-control\\\" style=\\\"width: 100%;\\\"/>\\n      <span class=\\\"glyphicon glyphicon-remove-circle form-control-feedback\\\"><\\/span>\\n    <\\/div>\\n    <div style=\\\"display: none;position: absolute;width: 200px;opacity: 1\\\">\\n      <div data-min=\\\"-222\\\" data-max=\\\"1650\\\" data-scale=\\\"3\\\"><\\/div>\\n      <span style=\\\"float: left;\\\"><\\/span>\\n      <span style=\\\"float: right;\\\"><\\/span>\\n    <\\/div>\\n  <\\/td>\\n  <td data-type=\\\"number\\\" style=\\\"vertical-align: top;\\\">\\n    <div class=\\\"form-group has-feedback\\\" style=\\\"margin-bottom: auto;\\\">\\n      <input type=\\\"search\\\" placeholder=\\\"All\\\" class=\\\"form-control\\\" style=\\\"width: 100%;\\\"/>\\n      <span class=\\\"glyphicon glyphicon-remove-circle form-control-feedback\\\"><\\/span>\\n    <\\/div>\\n    <div style=\\\"display: none;position: absolute;width: 200px;opacity: 1\\\">\\n      <div data-min=\\\"0\\\" data-max=\\\"347\\\" data-scale=\\\"3\\\"><\\/div>\\n      <span style=\\\"float: left;\\\"><\\/span>\\n      <span style=\\\"float: right;\\\"><\\/span>\\n    <\\/div>\\n  <\\/td>\\n  <td data-type=\\\"character\\\" style=\\\"vertical-align: top;\\\">\\n    <div class=\\\"form-group has-feedback\\\" style=\\\"margin-bottom: auto;\\\">\\n      <input type=\\\"search\\\" placeholder=\\\"All\\\" class=\\\"form-control\\\" style=\\\"width: 100%;\\\"/>\\n      <span class=\\\"glyphicon glyphicon-remove-circle form-control-feedback\\\"><\\/span>\\n    <\\/div>\\n  <\\/td>\\n<\\/tr>\",\"data\":[[\"Beech\",\"Beech\",\"Beech\",\"Beech\",\"Beech\",\"Beech\",\"Beech\",\"Beech\",\"Beech\",\"Beech\",\"Beech\",\"Beech\",\"Beech\",\"Larch\",\"Larch\",\"Larch\",\"Larch\",\"Larch\",\"Larch\",\"Larch\",\"Larch\",\"Larch\",\"Larch\",\"Larch\",\"Larch\",\"Larch\",\"Larch\",\"Larch\",\"Larch\",\"Larch\",\"Linden\",\"Linden\",\"Linden\",\"Linden\",\"Linden\",\"Linden\",\"Linden\",\"Linden\",\"Linden\",\"Spruce\",\"Spruce\",\"Spruce\",\"Spruce\",\"Spruce\",\"Spruce\",\"Spruce\",\"Spruce\",\"Spruce\",\"Spruce\",\"Spruce\",\"Spruce\",\"Spruce\",\"Spruce\",\"Spruce\",\"Spruce\",\"Spruce\"],[\"AWC linear\",\"AWC quadratic\",\"Slope aspect linear\",\"Slope aspect quadratic\",\"GDD linear\",\"GDD quadratic\",\"CDD\",\"Elevation\",\"Tree height linear\",\"Tree height quadratic\",\"Intercept\",\"sd Residuals\",\"sd Intercept\",\"Relief flat\",\"Relief mid slope\",\"Relief slope base\",\"Social position group\",\"Social position free standing\",\"AWC linear\",\"AWC quadratic\",\"Stand height linear\",\"Stand height quadratic\",\"GDD linear\",\"GDD quadratic\",\"CDD\",\"CDD:GDD linear\",\"CDD:GDD quadratic\",\"Intercept\",\"sd Residuals\",\"sd Intercept\",\"GDD\",\"CDD\",\"CDD:GDD\",\"Elevation\",\"CWB linear\",\"CWB quadratic\",\"Intercept\",\"sd Residuals\",\"sd Intercept\",\"AWC linear\",\"AWC quadratic\",\"Slope inclination linear\",\"Slope inclination quadratic\",\"Stand height linear\",\"Stand height quadratic\",\"GDD linear\",\"GDD quadratic\",\"CWB linear\",\"CWB quadratic\",\"AWC linear:CWB linear\",\"AWC linear:CWB quadratic\",\"AWC quadratic:CWB linear\",\"AWC quadratic:CWB quadratic\",\"Intercept\",\"sd Residuals\",\"sd Intercept\"],[-59.3,-34.4,-34.3,24.3,-75.90000000000001,-7.88,0.012,0.004,-44.4,26.3,102,null,1.93,-7.64,4.97,9.06,-7.49,5.01,-68.59999999999999,-13.8,77.8,-39.1,-218,8.630000000000001,-0.003,-0.28,-0.058,80,null,6.38,-0.064,-0,-0,0.01,13.4,-29.9,109,null,4.45,-163,-144,-6.79,-138,-133,56.8,-268,21.6,-28.2,-7.01,295,-1140,-507,-840,129,null,8.09],[-31.1,-4.97,-5.32,52.7,-51,8.34,0.017,0.008999999999999999,-12.3,54.1,105,6.55,2.59,5.28,14,20.3,1.15,12.7,20.8,72.7,186,41.5,-162,44.8,0.003,-0.117,0.058,88.59999999999999,6.94,7.93,-0.043,0.013,-0,0.019,32.8,-14,118,6.43,5.84,-72.59999999999999,-60.9,85.3,-50.1,-39.8,148,-245,36.6,-5.42,14.2,972,-524,136,-351,132,6.92,9.960000000000001],[-2.95,24.4,23.6,81.09999999999999,-26.2,24.6,0.022,0.013,19.8,81.90000000000001,108,null,3.47,18.2,23,31.6,9.779999999999999,20.4,110,159,294,122,-106,80.90000000000001,0.008999999999999999,0.047,0.175,97.3,null,9.85,-0.021,0.026,-0,0.028,52.1,1.95,126,null,7.66,18.1,21.8,177,37.4,53.2,239,-222,51.6,17.4,35.3,1650,87.90000000000001,778,139,135,null,12.3],[14.4,15.1,14.8,14.6,12.7,8.31,0.003,0.002,16.5,14.3,1.71,null,null,6.45,4.51,5.62,4.31,3.85,45.9,44.4,55.5,41.4,28.8,18.6,0.003,0.08400000000000001,0.06,4.45,null,null,0.011,0.007,0,0.005,9.92,8.16,4.29,null,null,46.5,42.4,47.3,44.9,47.7,46.7,11.7,7.71,11.7,10.9,347,314,330,251,1.49,null,null],[\"0.031\",\"0.742\",\"0.72\",\"≤ 0.001\",\"≤ 0.001\",\"0.316\",\"≤ 0.001\",\"≤ 0.001\",\"0.454\",\"≤ 0.001\",\"≤ 0.001\",null,null,\"0.418\",\"0.003\",\"0.001\",\"0.791\",\"0.002\",\"0.65\",\"0.102\",\"0.001\",\"0.316\",\"≤ 0.001\",\"0.016\",\"0.281\",\"0.164\",\"0.329\",\"≤ 0.001\",null,null,\"≤ 0.001\",\"0.059\",\"0.022\",\"≤ 0.001\",\"0.001\",\"0.087\",\"≤ 0.001\",null,null,\"0.119\",\"0.152\",\"0.072\",\"0.265\",\"0.405\",\"0.002\",\"≤ 0.001\",\"≤ 0.001\",\"0.643\",\"0.193\",\"0.005\",\"0.096\",\"0.68\",\"0.163\",\"≤ 0.001\",null,null]],\"container\":\"<table class=\\\"display\\\">\\n  <thead>\\n    <tr>\\n      <th>Species<\\/th>\\n      <th>Predictor<\\/th>\\n      <th>conf.low<\\/th>\\n      <th>estimate<\\/th>\\n      <th>conf.high<\\/th>\\n      <th>SE<\\/th>\\n      <th>p-value<\\/th>\\n    <\\/tr>\\n  <\\/thead>\\n<\\/table>\",\"options\":{\"scrollX\":true,\"pageLength\":10,\"columnDefs\":[{\"className\":\"dt-right\",\"targets\":[2,3,4,5]},{\"name\":\"SPECIES\",\"targets\":0},{\"name\":\"PARAMETER\",\"targets\":1},{\"name\":\"conf.low\",\"targets\":2},{\"name\":\"estimate\",\"targets\":3},{\"name\":\"conf.high\",\"targets\":4},{\"name\":\"std.error\",\"targets\":5},{\"name\":\"p.value\",\"targets\":6}],\"order\":[],\"autoWidth\":false,\"orderClasses\":false,\"orderCellsTop\":true}},\"evals\":[],\"jsHooks\":[]}</script>\n```\n\n:::\n:::\n\n\n### Parsimonious models\n\n\n\n\n::: {#tbl-coefficients-pars .cell tbl-cap='Coefficient estimates, confidence limits of 95% confidence intervals (conf.low, conf.high), standard error (SE) of coefficient estimates and p-values of most parsimonious models. The terms sd Intercept and sd Residuals describe the standard deviation of the random intercept and the residuals. The reference levels for relief position and social situation are “upper slope” and “forest”, respectively.'}\n::: {.cell-output-display}\n\n```{=html}\n<div class=\"datatables html-widget html-fill-item\" id=\"htmlwidget-b95521f47a3cc3fb7ab0\" style=\"width:100%;height:auto;\"></div>\n<script type=\"application/json\" data-for=\"htmlwidget-b95521f47a3cc3fb7ab0\">{\"x\":{\"filter\":\"top\",\"vertical\":false,\"filterHTML\":\"<tr>\\n  <td data-type=\\\"character\\\" style=\\\"vertical-align: top;\\\">\\n    <div class=\\\"form-group has-feedback\\\" style=\\\"margin-bottom: auto;\\\">\\n      <input type=\\\"search\\\" placeholder=\\\"All\\\" class=\\\"form-control\\\" style=\\\"width: 100%;\\\" disabled=\\\"\\\"/>\\n      <span class=\\\"glyphicon glyphicon-remove-circle form-control-feedback\\\"><\\/span>\\n    <\\/div>\\n  <\\/td>\\n  <td data-type=\\\"character\\\" style=\\\"vertical-align: top;\\\">\\n    <div class=\\\"form-group has-feedback\\\" style=\\\"margin-bottom: auto;\\\">\\n      <input type=\\\"search\\\" placeholder=\\\"All\\\" class=\\\"form-control\\\" style=\\\"width: 100%;\\\" disabled=\\\"\\\"/>\\n      <span class=\\\"glyphicon glyphicon-remove-circle form-control-feedback\\\"><\\/span>\\n    <\\/div>\\n  <\\/td>\\n  <td data-type=\\\"character\\\" style=\\\"vertical-align: top;\\\">\\n    <div class=\\\"form-group has-feedback\\\" style=\\\"margin-bottom: auto;\\\">\\n      <input type=\\\"search\\\" placeholder=\\\"All\\\" class=\\\"form-control\\\" style=\\\"width: 100%;\\\" disabled=\\\"\\\"/>\\n      <span class=\\\"glyphicon glyphicon-remove-circle form-control-feedback\\\"><\\/span>\\n    <\\/div>\\n  <\\/td>\\n  <td data-type=\\\"number\\\" style=\\\"vertical-align: top;\\\">\\n    <div class=\\\"form-group has-feedback\\\" style=\\\"margin-bottom: auto;\\\">\\n      <input type=\\\"search\\\" placeholder=\\\"All\\\" class=\\\"form-control\\\" style=\\\"width: 100%;\\\" disabled=\\\"\\\"/>\\n      <span class=\\\"glyphicon glyphicon-remove-circle form-control-feedback\\\"><\\/span>\\n    <\\/div>\\n    <div style=\\\"display: none;position: absolute;width: 200px;opacity: 1\\\">\\n      <div data-min=\\\"0\\\" data-max=\\\"1\\\"><\\/div>\\n      <span style=\\\"float: left;\\\"><\\/span>\\n      <span style=\\\"float: right;\\\"><\\/span>\\n    <\\/div>\\n  <\\/td>\\n  <td data-type=\\\"number\\\" style=\\\"vertical-align: top;\\\">\\n    <div class=\\\"form-group has-feedback\\\" style=\\\"margin-bottom: auto;\\\">\\n      <input type=\\\"search\\\" placeholder=\\\"All\\\" class=\\\"form-control\\\" style=\\\"width: 100%;\\\" disabled=\\\"\\\"/>\\n      <span class=\\\"glyphicon glyphicon-remove-circle form-control-feedback\\\"><\\/span>\\n    <\\/div>\\n    <div style=\\\"display: none;position: absolute;width: 200px;opacity: 1\\\">\\n      <div data-min=\\\"0\\\" data-max=\\\"1\\\"><\\/div>\\n      <span style=\\\"float: left;\\\"><\\/span>\\n      <span style=\\\"float: right;\\\"><\\/span>\\n    <\\/div>\\n  <\\/td>\\n  <td data-type=\\\"number\\\" style=\\\"vertical-align: top;\\\">\\n    <div class=\\\"form-group has-feedback\\\" style=\\\"margin-bottom: auto;\\\">\\n      <input type=\\\"search\\\" placeholder=\\\"All\\\" class=\\\"form-control\\\" style=\\\"width: 100%;\\\" disabled=\\\"\\\"/>\\n      <span class=\\\"glyphicon glyphicon-remove-circle form-control-feedback\\\"><\\/span>\\n    <\\/div>\\n    <div style=\\\"display: none;position: absolute;width: 200px;opacity: 1\\\">\\n      <div data-min=\\\"0\\\" data-max=\\\"1\\\"><\\/div>\\n      <span style=\\\"float: left;\\\"><\\/span>\\n      <span style=\\\"float: right;\\\"><\\/span>\\n    <\\/div>\\n  <\\/td>\\n  <td data-type=\\\"number\\\" style=\\\"vertical-align: top;\\\">\\n    <div class=\\\"form-group has-feedback\\\" style=\\\"margin-bottom: auto;\\\">\\n      <input type=\\\"search\\\" placeholder=\\\"All\\\" class=\\\"form-control\\\" style=\\\"width: 100%;\\\" disabled=\\\"\\\"/>\\n      <span class=\\\"glyphicon glyphicon-remove-circle form-control-feedback\\\"><\\/span>\\n    <\\/div>\\n    <div style=\\\"display: none;position: absolute;width: 200px;opacity: 1\\\">\\n      <div data-min=\\\"0\\\" data-max=\\\"1\\\"><\\/div>\\n      <span style=\\\"float: left;\\\"><\\/span>\\n      <span style=\\\"float: right;\\\"><\\/span>\\n    <\\/div>\\n  <\\/td>\\n  <td data-type=\\\"character\\\" style=\\\"vertical-align: top;\\\">\\n    <div class=\\\"form-group has-feedback\\\" style=\\\"margin-bottom: auto;\\\">\\n      <input type=\\\"search\\\" placeholder=\\\"All\\\" class=\\\"form-control\\\" style=\\\"width: 100%;\\\" disabled=\\\"\\\"/>\\n      <span class=\\\"glyphicon glyphicon-remove-circle form-control-feedback\\\"><\\/span>\\n    <\\/div>\\n  <\\/td>\\n<\\/tr>\",\"data\":[[],[],[],[],[],[],[],[]],\"container\":\"<table class=\\\"display\\\">\\n  <thead>\\n    <tr>\\n      <th>Species<\\/th>\\n      <th>Model<\\/th>\\n      <th>Predictor<\\/th>\\n      <th>conf.low<\\/th>\\n      <th>estimate<\\/th>\\n      <th>conf.high<\\/th>\\n      <th>SE<\\/th>\\n      <th>p-value<\\/th>\\n    <\\/tr>\\n  <\\/thead>\\n<\\/table>\",\"options\":{\"scrollX\":true,\"pageLength\":10,\"columnDefs\":[{\"className\":\"dt-right\",\"targets\":[3,4,5,6]},{\"name\":\"SPECIES\",\"targets\":0},{\"name\":\"model_name\",\"targets\":1},{\"name\":\"PARAMETER\",\"targets\":2},{\"name\":\"conf.low\",\"targets\":3},{\"name\":\"estimate\",\"targets\":4},{\"name\":\"conf.high\",\"targets\":5},{\"name\":\"std.error\",\"targets\":6},{\"name\":\"p.value\",\"targets\":7}],\"order\":[],\"autoWidth\":false,\"orderClasses\":false,\"orderCellsTop\":true}},\"evals\":[],\"jsHooks\":[]}</script>\n```\n\n:::\n:::\n\n\n\n## Effects of variables\n\n\n\n::: {.cell}\n\n:::\n\n::: {.cell}\n\n:::\n\n\n\n::: {.cell}\n\n:::\n\n::: {.cell}\n::: {.cell-output-display}\n![Estimated shift (d) between earliest and latest DOY across the observed range of each environmental variable, based on predictions adjusted to mean covariate values. For each species, colours are scaled so the darkest shade represents the strongest shift.](6_species_comparison_leaf_unfolding_files/figure-html/fig-effect-size-1.png){#fig-effect-size width=576}\n:::\n:::\n\n::: {.cell}\n\n:::\n\n::: {.cell}\n\n:::\n\n::: {.cell}\n\n:::\n\n::: {.cell}\n::: {.cell-output-display}\n![Species-specific environmental drivers beyond temperature shape the timing of leaf unfolding. Panels show the estimated effect of predictors present in species-specific best models, adjusted for the influence of other included covariates at their mean values. Shaded areas and error bars represent 95% confidence intervals.](6_species_comparison_leaf_unfolding_files/figure-html/fig-effects-best-all-thematic-1.png){#fig-effects-best-all-thematic width=960}\n:::\n:::\n\n\n\n### Effects of interactions\n\n\n::: {.cell}\n\n:::\n\n::: {.cell}\n::: {.cell-output-display}\n![Effect of the interaction between GDD and CDD at low, medium and high CDD in the best model of linden. Predictions are adjusted to mean covariate values, with 95% confidence intervals (grey).](6_species_comparison_leaf_unfolding_files/figure-html/fig-effects-warming-chilling-tc1-1.png){#fig-effects-warming-chilling-tc1 width=384}\n:::\n:::\n\n::: {.cell}\n::: {.cell-output-display}\n![Effect of the interaction between AWC and CWB at low, medium and high AWC in the best model of spruce. Predictions are adjusted to mean covariate values. Shaded areas represent 95% confidence intervals.](6_species_comparison_leaf_unfolding_files/figure-html/fig-effects-awc-cwb-1.png){#fig-effects-awc-cwb width=384}\n:::\n:::\n\n::: {.cell}\n\n:::\n",
    "supporting": [
      "6_species_comparison_leaf_unfolding_files"
    ],
    "filters": [
      "rmarkdown/pagebreak.lua"
    ],
    "includes": {
      "include-in-header": [
        "<link href=\"site_libs/htmltools-fill-0.5.8.1/fill.css\" rel=\"stylesheet\" />\n<script src=\"site_libs/htmlwidgets-1.6.4/htmlwidgets.js\"></script>\n<link href=\"site_libs/datatables-css-0.0.0/datatables-crosstalk.css\" rel=\"stylesheet\" />\n<script src=\"site_libs/datatables-binding-0.33/datatables.js\"></script>\n<script src=\"site_libs/jquery-3.6.0/jquery-3.6.0.min.js\"></script>\n<link href=\"site_libs/dt-core-1.13.6/css/jquery.dataTables.min.css\" rel=\"stylesheet\" />\n<link href=\"site_libs/dt-core-1.13.6/css/jquery.dataTables.extra.css\" rel=\"stylesheet\" />\n<script src=\"site_libs/dt-core-1.13.6/js/jquery.dataTables.min.js\"></script>\n<link href=\"site_libs/nouislider-7.0.10/jquery.nouislider.min.css\" rel=\"stylesheet\" />\n<script src=\"site_libs/nouislider-7.0.10/jquery.nouislider.min.js\"></script>\n<link href=\"site_libs/selectize-0.12.0/selectize.bootstrap3.css\" rel=\"stylesheet\" />\n<script src=\"site_libs/selectize-0.12.0/selectize.min.js\"></script>\n<link href=\"site_libs/crosstalk-1.2.1/css/crosstalk.min.css\" rel=\"stylesheet\" />\n<script src=\"site_libs/crosstalk-1.2.1/js/crosstalk.min.js\"></script>\n"
      ]
    },
    "engineDependencies": {},
    "preserve": {},
    "postProcess": true
  }
}