{
  "hash": "fd69c611f76ffd8ac0c760891765242e",
  "result": {
    "engine": "knitr",
    "markdown": "---\noutput: html_document\neditor_options: \n  chunk_output_type: inline\nexecute:\n    freeze: false\n---\n\n\n\n\n# Picea abies\n\n\n\n\n\n\n## Effect shape of temperature\n\n\n::: {.cell}\n\n:::\n\n::: {.cell}\n\n:::\n\n::: {.cell}\n\n:::\n\n::: {.cell}\n\n:::\n\n::: {.cell}\n\n:::\n\n::: {.cell}\n\n:::\n\n::: {#tbl-temp-test-selection .cell tbl-cap='Comparison of model performance of linear and polynomial temperature parameters with cAIC and RMSE.'}\n::: {.cell-output-display}\n\n```{=html}\n<div class=\"datatables html-widget html-fill-item\" id=\"htmlwidget-12a42f55b8f6dca4e927\" style=\"width:100%;height:auto;\"></div>\n<script type=\"application/json\" data-for=\"htmlwidget-12a42f55b8f6dca4e927\">{\"x\":{\"filter\":\"top\",\"vertical\":false,\"filterHTML\":\"<tr>\\n  <td data-type=\\\"character\\\" style=\\\"vertical-align: top;\\\">\\n    <div class=\\\"form-group has-feedback\\\" style=\\\"margin-bottom: auto;\\\">\\n      <input type=\\\"search\\\" placeholder=\\\"All\\\" class=\\\"form-control\\\" style=\\\"width: 100%;\\\"/>\\n      <span class=\\\"glyphicon glyphicon-remove-circle form-control-feedback\\\"><\\/span>\\n    <\\/div>\\n  <\\/td>\\n  <td data-type=\\\"character\\\" style=\\\"vertical-align: top;\\\">\\n    <div class=\\\"form-group has-feedback\\\" style=\\\"margin-bottom: auto;\\\">\\n      <input type=\\\"search\\\" placeholder=\\\"All\\\" class=\\\"form-control\\\" style=\\\"width: 100%;\\\" disabled=\\\"\\\"/>\\n      <span class=\\\"glyphicon glyphicon-remove-circle form-control-feedback\\\"><\\/span>\\n    <\\/div>\\n  <\\/td>\\n  <td data-type=\\\"number\\\" style=\\\"vertical-align: top;\\\">\\n    <div class=\\\"form-group has-feedback\\\" style=\\\"margin-bottom: auto;\\\">\\n      <input type=\\\"search\\\" placeholder=\\\"All\\\" class=\\\"form-control\\\" style=\\\"width: 100%;\\\"/>\\n      <span class=\\\"glyphicon glyphicon-remove-circle form-control-feedback\\\"><\\/span>\\n    <\\/div>\\n    <div style=\\\"display: none;position: absolute;width: 200px;opacity: 1\\\">\\n      <div data-min=\\\"6787.899\\\" data-max=\\\"6810.823\\\" data-scale=\\\"3\\\"><\\/div>\\n      <span style=\\\"float: left;\\\"><\\/span>\\n      <span style=\\\"float: right;\\\"><\\/span>\\n    <\\/div>\\n  <\\/td>\\n  <td data-type=\\\"number\\\" style=\\\"vertical-align: top;\\\">\\n    <div class=\\\"form-group has-feedback\\\" style=\\\"margin-bottom: auto;\\\">\\n      <input type=\\\"search\\\" placeholder=\\\"All\\\" class=\\\"form-control\\\" style=\\\"width: 100%;\\\"/>\\n      <span class=\\\"glyphicon glyphicon-remove-circle form-control-feedback\\\"><\\/span>\\n    <\\/div>\\n    <div style=\\\"display: none;position: absolute;width: 200px;opacity: 1\\\">\\n      <div data-min=\\\"10.714\\\" data-max=\\\"10.754\\\" data-scale=\\\"3\\\"><\\/div>\\n      <span style=\\\"float: left;\\\"><\\/span>\\n      <span style=\\\"float: right;\\\"><\\/span>\\n    <\\/div>\\n  <\\/td>\\n  <td data-type=\\\"character\\\" style=\\\"vertical-align: top;\\\">\\n    <div class=\\\"form-group has-feedback\\\" style=\\\"margin-bottom: auto;\\\">\\n      <input type=\\\"search\\\" placeholder=\\\"All\\\" class=\\\"form-control\\\" style=\\\"width: 100%;\\\"/>\\n      <span class=\\\"glyphicon glyphicon-remove-circle form-control-feedback\\\"><\\/span>\\n    <\\/div>\\n  <\\/td>\\n  <td data-type=\\\"number\\\" style=\\\"vertical-align: top;\\\">\\n    <div class=\\\"form-group has-feedback\\\" style=\\\"margin-bottom: auto;\\\">\\n      <input type=\\\"search\\\" placeholder=\\\"All\\\" class=\\\"form-control\\\" style=\\\"width: 100%;\\\"/>\\n      <span class=\\\"glyphicon glyphicon-remove-circle form-control-feedback\\\"><\\/span>\\n    <\\/div>\\n    <div style=\\\"display: none;position: absolute;width: 200px;opacity: 1\\\">\\n      <div data-min=\\\"7.789\\\" data-max=\\\"30.713\\\" data-scale=\\\"3\\\"><\\/div>\\n      <span style=\\\"float: left;\\\"><\\/span>\\n      <span style=\\\"float: right;\\\"><\\/span>\\n    <\\/div>\\n  <\\/td>\\n  <td data-type=\\\"number\\\" style=\\\"vertical-align: top;\\\">\\n    <div class=\\\"form-group has-feedback\\\" style=\\\"margin-bottom: auto;\\\">\\n      <input type=\\\"search\\\" placeholder=\\\"All\\\" class=\\\"form-control\\\" style=\\\"width: 100%;\\\"/>\\n      <span class=\\\"glyphicon glyphicon-remove-circle form-control-feedback\\\"><\\/span>\\n    <\\/div>\\n    <div style=\\\"display: none;position: absolute;width: 200px;opacity: 1\\\">\\n      <div data-min=\\\"0\\\" data-max=\\\"0.04\\\" data-scale=\\\"2\\\"><\\/div>\\n      <span style=\\\"float: left;\\\"><\\/span>\\n      <span style=\\\"float: right;\\\"><\\/span>\\n    <\\/div>\\n  <\\/td>\\n<\\/tr>\",\"data\":[[\"temp_test_con_int\",\"ref_true_con_int\"],[\"conservative\",\"conservative\"],[6787.899,6810.823],[10.714,10.754],[\"doy ~ poly(GDD_conservative, degree = 2)\",\"doy ~ GDD_conservative\"],[7.789,30.713],[0,0.04]],\"container\":\"<table class=\\\"display\\\">\\n  <thead>\\n    <tr>\\n      <th>model_name<\\/th>\\n      <th>family<\\/th>\\n      <th>cAIC<\\/th>\\n      <th>RMSE<\\/th>\\n      <th>fixed_effects<\\/th>\\n      <th>d.cAIC<\\/th>\\n      <th>d.RMSE<\\/th>\\n    <\\/tr>\\n  <\\/thead>\\n<\\/table>\",\"options\":{\"scrollX\":true,\"pageLength\":10,\"extenstions\":\"Buttons\",\"dom\":\"Bfrtip\",\"buttons\":[\"print\"],\"columnDefs\":[{\"className\":\"dt-right\",\"targets\":[2,3,5,6]},{\"name\":\"model_name\",\"targets\":0},{\"name\":\"family\",\"targets\":1},{\"name\":\"cAIC\",\"targets\":2},{\"name\":\"RMSE\",\"targets\":3},{\"name\":\"fixed_effects\",\"targets\":4},{\"name\":\"d.cAIC\",\"targets\":5},{\"name\":\"d.RMSE\",\"targets\":6}],\"order\":[],\"autoWidth\":false,\"orderClasses\":false,\"orderCellsTop\":true}},\"evals\":[],\"jsHooks\":[]}</script>\n```\n\n:::\n:::\n\n::: {#tbl-temp-test-coefficients .cell tbl-cap='Comparison of parameters across models with estimate, standard error, t-value and p-value'}\n::: {.cell-output-display}\n\n```{=html}\n<div class=\"datatables html-widget html-fill-item\" id=\"htmlwidget-e9d99bb217b16b00fb83\" style=\"width:100%;height:auto;\"></div>\n<script type=\"application/json\" data-for=\"htmlwidget-e9d99bb217b16b00fb83\">{\"x\":{\"filter\":\"top\",\"vertical\":false,\"filterHTML\":\"<tr>\\n  <td data-type=\\\"character\\\" style=\\\"vertical-align: top;\\\">\\n    <div class=\\\"form-group has-feedback\\\" style=\\\"margin-bottom: auto;\\\">\\n      <input type=\\\"search\\\" placeholder=\\\"All\\\" class=\\\"form-control\\\" style=\\\"width: 100%;\\\" disabled=\\\"\\\"/>\\n      <span class=\\\"glyphicon glyphicon-remove-circle form-control-feedback\\\"><\\/span>\\n    <\\/div>\\n  <\\/td>\\n  <td data-type=\\\"character\\\" style=\\\"vertical-align: top;\\\">\\n    <div class=\\\"form-group has-feedback\\\" style=\\\"margin-bottom: auto;\\\">\\n      <input type=\\\"search\\\" placeholder=\\\"All\\\" class=\\\"form-control\\\" style=\\\"width: 100%;\\\"/>\\n      <span class=\\\"glyphicon glyphicon-remove-circle form-control-feedback\\\"><\\/span>\\n    <\\/div>\\n  <\\/td>\\n  <td data-type=\\\"character\\\" style=\\\"vertical-align: top;\\\">\\n    <div class=\\\"form-group has-feedback\\\" style=\\\"margin-bottom: auto;\\\">\\n      <input type=\\\"search\\\" placeholder=\\\"All\\\" class=\\\"form-control\\\" style=\\\"width: 100%;\\\" disabled=\\\"\\\"/>\\n      <span class=\\\"glyphicon glyphicon-remove-circle form-control-feedback\\\"><\\/span>\\n    <\\/div>\\n  <\\/td>\\n  <td data-type=\\\"number\\\" style=\\\"vertical-align: top;\\\">\\n    <div class=\\\"form-group has-feedback\\\" style=\\\"margin-bottom: auto;\\\">\\n      <input type=\\\"search\\\" placeholder=\\\"All\\\" class=\\\"form-control\\\" style=\\\"width: 100%;\\\" disabled=\\\"\\\"/>\\n      <span class=\\\"glyphicon glyphicon-remove-circle form-control-feedback\\\"><\\/span>\\n    <\\/div>\\n    <div style=\\\"display: none;position: absolute;width: 200px;opacity: 1\\\">\\n      <div data-min=\\\"0\\\" data-max=\\\"1\\\"><\\/div>\\n      <span style=\\\"float: left;\\\"><\\/span>\\n      <span style=\\\"float: right;\\\"><\\/span>\\n    <\\/div>\\n  <\\/td>\\n  <td data-type=\\\"number\\\" style=\\\"vertical-align: top;\\\">\\n    <div class=\\\"form-group has-feedback\\\" style=\\\"margin-bottom: auto;\\\">\\n      <input type=\\\"search\\\" placeholder=\\\"All\\\" class=\\\"form-control\\\" style=\\\"width: 100%;\\\"/>\\n      <span class=\\\"glyphicon glyphicon-remove-circle form-control-feedback\\\"><\\/span>\\n    <\\/div>\\n    <div style=\\\"display: none;position: absolute;width: 200px;opacity: 1\\\">\\n      <div data-min=\\\"-239.9825\\\" data-max=\\\"38.9031\\\" data-scale=\\\"4\\\"><\\/div>\\n      <span style=\\\"float: left;\\\"><\\/span>\\n      <span style=\\\"float: right;\\\"><\\/span>\\n    <\\/div>\\n  <\\/td>\\n  <td data-type=\\\"number\\\" style=\\\"vertical-align: top;\\\">\\n    <div class=\\\"form-group has-feedback\\\" style=\\\"margin-bottom: auto;\\\">\\n      <input type=\\\"search\\\" placeholder=\\\"All\\\" class=\\\"form-control\\\" style=\\\"width: 100%;\\\"/>\\n      <span class=\\\"glyphicon glyphicon-remove-circle form-control-feedback\\\"><\\/span>\\n    <\\/div>\\n    <div style=\\\"display: none;position: absolute;width: 200px;opacity: 1\\\">\\n      <div data-min=\\\"7.6321\\\" data-max=\\\"10.5517\\\" data-scale=\\\"4\\\"><\\/div>\\n      <span style=\\\"float: left;\\\"><\\/span>\\n      <span style=\\\"float: right;\\\"><\\/span>\\n    <\\/div>\\n  <\\/td>\\n  <td data-type=\\\"character\\\" style=\\\"vertical-align: top;\\\">\\n    <div class=\\\"form-group has-feedback\\\" style=\\\"margin-bottom: auto;\\\">\\n      <input type=\\\"search\\\" placeholder=\\\"All\\\" class=\\\"form-control\\\" style=\\\"width: 100%;\\\"/>\\n      <span class=\\\"glyphicon glyphicon-remove-circle form-control-feedback\\\"><\\/span>\\n    <\\/div>\\n  <\\/td>\\n<\\/tr>\",\"data\":[[\"temp_test_con_int\",\"temp_test_con_int\"],[\"GDD linear\",\"GDD quadratic\"],[\"conservative\",\"conservative\"],[0,0],[-239.9825,38.9031],[10.5517,7.6321],[\"poly(GDD_conservative, degree = 2)1\",\"poly(GDD_conservative, degree = 2)2\"]],\"container\":\"<table class=\\\"display\\\">\\n  <thead>\\n    <tr>\\n      <th>model_name<\\/th>\\n      <th>label<\\/th>\\n      <th>family<\\/th>\\n      <th>p.value<\\/th>\\n      <th>estimate<\\/th>\\n      <th>std.error<\\/th>\\n      <th>term<\\/th>\\n    <\\/tr>\\n  <\\/thead>\\n<\\/table>\",\"options\":{\"scrollX\":true,\"pageLength\":10,\"dom\":\"Bfrtip\",\"columnDefs\":[{\"className\":\"dt-right\",\"targets\":[3,4,5]},{\"name\":\"model_name\",\"targets\":0},{\"name\":\"label\",\"targets\":1},{\"name\":\"family\",\"targets\":2},{\"name\":\"p.value\",\"targets\":3},{\"name\":\"estimate\",\"targets\":4},{\"name\":\"std.error\",\"targets\":5},{\"name\":\"term\",\"targets\":6}],\"order\":[],\"autoWidth\":false,\"orderClasses\":false,\"orderCellsTop\":true}},\"evals\":[],\"jsHooks\":[]}</script>\n```\n\n:::\n:::\n\n\n## Effect shape of temperature with chilling\n\n\n::: {#tbl-shape-performance .cell tbl-cap='Comparison of model performance of linear and non-linear growing degree days in combination with chilling degree days.'}\n::: {.cell-output-display}\n\n```{=html}\n<div class=\"datatables html-widget html-fill-item\" id=\"htmlwidget-7ec5a1723a76ecc27e7f\" style=\"width:100%;height:auto;\"></div>\n<script type=\"application/json\" data-for=\"htmlwidget-7ec5a1723a76ecc27e7f\">{\"x\":{\"filter\":\"top\",\"vertical\":false,\"filterHTML\":\"<tr>\\n  <td data-type=\\\"character\\\" style=\\\"vertical-align: top;\\\">\\n    <div class=\\\"form-group has-feedback\\\" style=\\\"margin-bottom: auto;\\\">\\n      <input type=\\\"search\\\" placeholder=\\\"All\\\" class=\\\"form-control\\\" style=\\\"width: 100%;\\\"/>\\n      <span class=\\\"glyphicon glyphicon-remove-circle form-control-feedback\\\"><\\/span>\\n    <\\/div>\\n  <\\/td>\\n  <td data-type=\\\"character\\\" style=\\\"vertical-align: top;\\\">\\n    <div class=\\\"form-group has-feedback\\\" style=\\\"margin-bottom: auto;\\\">\\n      <input type=\\\"search\\\" placeholder=\\\"All\\\" class=\\\"form-control\\\" style=\\\"width: 100%;\\\" disabled=\\\"\\\"/>\\n      <span class=\\\"glyphicon glyphicon-remove-circle form-control-feedback\\\"><\\/span>\\n    <\\/div>\\n  <\\/td>\\n  <td data-type=\\\"number\\\" style=\\\"vertical-align: top;\\\">\\n    <div class=\\\"form-group has-feedback\\\" style=\\\"margin-bottom: auto;\\\">\\n      <input type=\\\"search\\\" placeholder=\\\"All\\\" class=\\\"form-control\\\" style=\\\"width: 100%;\\\"/>\\n      <span class=\\\"glyphicon glyphicon-remove-circle form-control-feedback\\\"><\\/span>\\n    <\\/div>\\n    <div style=\\\"display: none;position: absolute;width: 200px;opacity: 1\\\">\\n      <div data-min=\\\"6780.11\\\" data-max=\\\"6810.823\\\" data-scale=\\\"3\\\"><\\/div>\\n      <span style=\\\"float: left;\\\"><\\/span>\\n      <span style=\\\"float: right;\\\"><\\/span>\\n    <\\/div>\\n  <\\/td>\\n  <td data-type=\\\"number\\\" style=\\\"vertical-align: top;\\\">\\n    <div class=\\\"form-group has-feedback\\\" style=\\\"margin-bottom: auto;\\\">\\n      <input type=\\\"search\\\" placeholder=\\\"All\\\" class=\\\"form-control\\\" style=\\\"width: 100%;\\\"/>\\n      <span class=\\\"glyphicon glyphicon-remove-circle form-control-feedback\\\"><\\/span>\\n    <\\/div>\\n    <div style=\\\"display: none;position: absolute;width: 200px;opacity: 1\\\">\\n      <div data-min=\\\"10.714\\\" data-max=\\\"10.979\\\" data-scale=\\\"3\\\"><\\/div>\\n      <span style=\\\"float: left;\\\"><\\/span>\\n      <span style=\\\"float: right;\\\"><\\/span>\\n    <\\/div>\\n  <\\/td>\\n  <td data-type=\\\"character\\\" style=\\\"vertical-align: top;\\\">\\n    <div class=\\\"form-group has-feedback\\\" style=\\\"margin-bottom: auto;\\\">\\n      <input type=\\\"search\\\" placeholder=\\\"All\\\" class=\\\"form-control\\\" style=\\\"width: 100%;\\\"/>\\n      <span class=\\\"glyphicon glyphicon-remove-circle form-control-feedback\\\"><\\/span>\\n    <\\/div>\\n  <\\/td>\\n  <td data-type=\\\"number\\\" style=\\\"vertical-align: top;\\\">\\n    <div class=\\\"form-group has-feedback\\\" style=\\\"margin-bottom: auto;\\\">\\n      <input type=\\\"search\\\" placeholder=\\\"All\\\" class=\\\"form-control\\\" style=\\\"width: 100%;\\\"/>\\n      <span class=\\\"glyphicon glyphicon-remove-circle form-control-feedback\\\"><\\/span>\\n    <\\/div>\\n    <div style=\\\"display: none;position: absolute;width: 200px;opacity: 1\\\">\\n      <div data-min=\\\"0\\\" data-max=\\\"30.713\\\" data-scale=\\\"3\\\"><\\/div>\\n      <span style=\\\"float: left;\\\"><\\/span>\\n      <span style=\\\"float: right;\\\"><\\/span>\\n    <\\/div>\\n  <\\/td>\\n  <td data-type=\\\"number\\\" style=\\\"vertical-align: top;\\\">\\n    <div class=\\\"form-group has-feedback\\\" style=\\\"margin-bottom: auto;\\\">\\n      <input type=\\\"search\\\" placeholder=\\\"All\\\" class=\\\"form-control\\\" style=\\\"width: 100%;\\\"/>\\n      <span class=\\\"glyphicon glyphicon-remove-circle form-control-feedback\\\"><\\/span>\\n    <\\/div>\\n    <div style=\\\"display: none;position: absolute;width: 200px;opacity: 1\\\">\\n      <div data-min=\\\"0\\\" data-max=\\\"0.265\\\" data-scale=\\\"3\\\"><\\/div>\\n      <span style=\\\"float: left;\\\"><\\/span>\\n      <span style=\\\"float: right;\\\"><\\/span>\\n    <\\/div>\\n  <\\/td>\\n<\\/tr>\",\"data\":[[\"ref_imp_con_int_poly_1\",\"ref_imp_con_int_poly_2\",\"ref_imp_con_int_line_1\",\"ref_imp_con_int_poly_3\",\"ref_imp_con_int_line_2\",\"ref_imp_con_int_line_3\"],[\"conservative\",\"conservative\",\"conservative\",\"conservative\",\"conservative\",\"conservative\"],[6780.11,6782.111,6785.17,6787.899,6807.793,6810.823],[10.923,10.979,10.858,10.714,10.957,10.754],[\"doy ~ CDD_conservative + CDD_conservative:poly(GDD_conservative,      degree = 2) + 1 + poly(GDD_conservative, degree = 2)\",\"doy ~ CDD_conservative + 1 + poly(GDD_conservative, degree = 2)\",\"doy ~ CDD_conservative + CDD_conservative:GDD_conservative +      1 + GDD_conservative\",\"doy ~ 1 + poly(GDD_conservative, degree = 2)\",\"doy ~ CDD_conservative + 1 + GDD_conservative\",\"doy ~ 1 + GDD_conservative\"],[0,2.001,5.06,7.789,27.683,30.713],[0.209,0.265,0.144,0,0.243,0.04]],\"container\":\"<table class=\\\"display\\\">\\n  <thead>\\n    <tr>\\n      <th>model_name<\\/th>\\n      <th>family<\\/th>\\n      <th>cAIC<\\/th>\\n      <th>RMSE<\\/th>\\n      <th>fixed_effects<\\/th>\\n      <th>d.cAIC<\\/th>\\n      <th>d.RMSE<\\/th>\\n    <\\/tr>\\n  <\\/thead>\\n<\\/table>\",\"options\":{\"scrollX\":true,\"pageLength\":10,\"extenstions\":\"Buttons\",\"dom\":\"Bfrtip\",\"buttons\":[\"print\"],\"columnDefs\":[{\"className\":\"dt-right\",\"targets\":[2,3,5,6]},{\"name\":\"model_name\",\"targets\":0},{\"name\":\"family\",\"targets\":1},{\"name\":\"cAIC\",\"targets\":2},{\"name\":\"RMSE\",\"targets\":3},{\"name\":\"fixed_effects\",\"targets\":4},{\"name\":\"d.cAIC\",\"targets\":5},{\"name\":\"d.RMSE\",\"targets\":6}],\"order\":[],\"autoWidth\":false,\"orderClasses\":false,\"orderCellsTop\":true}},\"evals\":[],\"jsHooks\":[]}</script>\n```\n\n:::\n:::\n\n::: {#tbl-shape-coefficients .cell tbl-cap='Comparison of siginificance of various growing and chilling degree day combinations.'}\n::: {.cell-output-display}\n\n```{=html}\n<div class=\"datatables html-widget html-fill-item\" id=\"htmlwidget-4fc57b3a8ed8539fefb5\" style=\"width:100%;height:auto;\"></div>\n<script type=\"application/json\" data-for=\"htmlwidget-4fc57b3a8ed8539fefb5\">{\"x\":{\"filter\":\"top\",\"vertical\":false,\"filterHTML\":\"<tr>\\n  <td data-type=\\\"character\\\" style=\\\"vertical-align: top;\\\">\\n    <div class=\\\"form-group has-feedback\\\" style=\\\"margin-bottom: auto;\\\">\\n      <input type=\\\"search\\\" placeholder=\\\"All\\\" class=\\\"form-control\\\" style=\\\"width: 100%;\\\"/>\\n      <span class=\\\"glyphicon glyphicon-remove-circle form-control-feedback\\\"><\\/span>\\n    <\\/div>\\n  <\\/td>\\n  <td data-type=\\\"character\\\" style=\\\"vertical-align: top;\\\">\\n    <div class=\\\"form-group has-feedback\\\" style=\\\"margin-bottom: auto;\\\">\\n      <input type=\\\"search\\\" placeholder=\\\"All\\\" class=\\\"form-control\\\" style=\\\"width: 100%;\\\"/>\\n      <span class=\\\"glyphicon glyphicon-remove-circle form-control-feedback\\\"><\\/span>\\n    <\\/div>\\n  <\\/td>\\n  <td data-type=\\\"character\\\" style=\\\"vertical-align: top;\\\">\\n    <div class=\\\"form-group has-feedback\\\" style=\\\"margin-bottom: auto;\\\">\\n      <input type=\\\"search\\\" placeholder=\\\"All\\\" class=\\\"form-control\\\" style=\\\"width: 100%;\\\" disabled=\\\"\\\"/>\\n      <span class=\\\"glyphicon glyphicon-remove-circle form-control-feedback\\\"><\\/span>\\n    <\\/div>\\n  <\\/td>\\n  <td data-type=\\\"number\\\" style=\\\"vertical-align: top;\\\">\\n    <div class=\\\"form-group has-feedback\\\" style=\\\"margin-bottom: auto;\\\">\\n      <input type=\\\"search\\\" placeholder=\\\"All\\\" class=\\\"form-control\\\" style=\\\"width: 100%;\\\"/>\\n      <span class=\\\"glyphicon glyphicon-remove-circle form-control-feedback\\\"><\\/span>\\n    <\\/div>\\n    <div style=\\\"display: none;position: absolute;width: 200px;opacity: 1\\\">\\n      <div data-min=\\\"0\\\" data-max=\\\"0.1507\\\" data-scale=\\\"4\\\"><\\/div>\\n      <span style=\\\"float: left;\\\"><\\/span>\\n      <span style=\\\"float: right;\\\"><\\/span>\\n    <\\/div>\\n  <\\/td>\\n  <td data-type=\\\"number\\\" style=\\\"vertical-align: top;\\\">\\n    <div class=\\\"form-group has-feedback\\\" style=\\\"margin-bottom: auto;\\\">\\n      <input type=\\\"search\\\" placeholder=\\\"All\\\" class=\\\"form-control\\\" style=\\\"width: 100%;\\\"/>\\n      <span class=\\\"glyphicon glyphicon-remove-circle form-control-feedback\\\"><\\/span>\\n    <\\/div>\\n    <div style=\\\"display: none;position: absolute;width: 200px;opacity: 1\\\">\\n      <div data-min=\\\"-257.0177\\\" data-max=\\\"49.052\\\" data-scale=\\\"4\\\"><\\/div>\\n      <span style=\\\"float: left;\\\"><\\/span>\\n      <span style=\\\"float: right;\\\"><\\/span>\\n    <\\/div>\\n  <\\/td>\\n  <td data-type=\\\"number\\\" style=\\\"vertical-align: top;\\\">\\n    <div class=\\\"form-group has-feedback\\\" style=\\\"margin-bottom: auto;\\\">\\n      <input type=\\\"search\\\" placeholder=\\\"All\\\" class=\\\"form-control\\\" style=\\\"width: 100%;\\\"/>\\n      <span class=\\\"glyphicon glyphicon-remove-circle form-control-feedback\\\"><\\/span>\\n    <\\/div>\\n    <div style=\\\"display: none;position: absolute;width: 200px;opacity: 1\\\">\\n      <div data-min=\\\"0\\\" data-max=\\\"33.4451\\\" data-scale=\\\"4\\\"><\\/div>\\n      <span style=\\\"float: left;\\\"><\\/span>\\n      <span style=\\\"float: right;\\\"><\\/span>\\n    <\\/div>\\n  <\\/td>\\n  <td data-type=\\\"character\\\" style=\\\"vertical-align: top;\\\">\\n    <div class=\\\"form-group has-feedback\\\" style=\\\"margin-bottom: auto;\\\">\\n      <input type=\\\"search\\\" placeholder=\\\"All\\\" class=\\\"form-control\\\" style=\\\"width: 100%;\\\"/>\\n      <span class=\\\"glyphicon glyphicon-remove-circle form-control-feedback\\\"><\\/span>\\n    <\\/div>\\n  <\\/td>\\n<\\/tr>\",\"data\":[[\"ref_imp_con_int_line_1\",\"ref_imp_con_int_line_1\",\"ref_imp_con_int_line_1\",\"ref_imp_con_int_line_2\",\"ref_imp_con_int_line_2\",\"ref_imp_con_int_line_3\",\"ref_imp_con_int_poly_1\",\"ref_imp_con_int_poly_1\",\"ref_imp_con_int_poly_1\",\"ref_imp_con_int_poly_1\",\"ref_imp_con_int_poly_1\",\"ref_imp_con_int_poly_2\",\"ref_imp_con_int_poly_2\",\"ref_imp_con_int_poly_2\",\"ref_imp_con_int_poly_3\",\"ref_imp_con_int_poly_3\"],[\"CDD\",\"GDD\",\"CDD:GDD\",\"CDD\",\"GDD\",\"GDD\",\"CDD\",\"GDD linear\",\"GDD quadratic\",\"CDD:GDD linear\",\"CDD:GDD quadratic\",\"CDD\",\"GDD linear\",\"GDD quadratic\",\"GDD linear\",\"GDD quadratic\"],[\"conservative\",\"conservative\",\"conservative\",\"conservative\",\"conservative\",\"conservative\",\"conservative\",\"conservative\",\"conservative\",\"conservative\",\"conservative\",\"conservative\",\"conservative\",\"conservative\",\"conservative\",\"conservative\"],[0.0014,0,0,0.1506,0,0,0.0278,0,0.0052,0.0163,0.06419999999999999,0.0499,0,0,0,0],[0.0145,-0.0511,-0.0001,-0.004,-0.0796,-0.0755,-0.0061,-191.3348,49.052,-0.1821,-0.07389999999999999,-0.0054,-257.0177,40.2375,-239.9825,38.9031],[0.0045,0.0071,0,0.0028,0.0045,0.0035,0.0028,33.4451,17.5149,0.0757,0.0399,0.0027,13.5402,7.6392,10.5517,7.6321],[\"CDD_conservative\",\"GDD_conservative\",\"CDD_conservative:GDD_conservative\",\"CDD_conservative\",\"GDD_conservative\",\"GDD_conservative\",\"CDD_conservative\",\"poly(GDD_conservative, degree = 2)1\",\"poly(GDD_conservative, degree = 2)2\",\"CDD_conservative:poly(GDD_conservative, degree = 2)1\",\"CDD_conservative:poly(GDD_conservative, degree = 2)2\",\"CDD_conservative\",\"poly(GDD_conservative, degree = 2)1\",\"poly(GDD_conservative, degree = 2)2\",\"poly(GDD_conservative, degree = 2)1\",\"poly(GDD_conservative, degree = 2)2\"]],\"container\":\"<table class=\\\"display\\\">\\n  <thead>\\n    <tr>\\n      <th>model_name<\\/th>\\n      <th>label<\\/th>\\n      <th>family<\\/th>\\n      <th>p.value<\\/th>\\n      <th>estimate<\\/th>\\n      <th>std.error<\\/th>\\n      <th>term<\\/th>\\n    <\\/tr>\\n  <\\/thead>\\n<\\/table>\",\"options\":{\"scrollX\":true,\"pageLength\":10,\"dom\":\"Bfrtip\",\"columnDefs\":[{\"className\":\"dt-right\",\"targets\":[3,4,5]},{\"name\":\"model_name\",\"targets\":0},{\"name\":\"label\",\"targets\":1},{\"name\":\"family\",\"targets\":2},{\"name\":\"p.value\",\"targets\":3},{\"name\":\"estimate\",\"targets\":4},{\"name\":\"std.error\",\"targets\":5},{\"name\":\"term\",\"targets\":6}],\"order\":[],\"autoWidth\":false,\"orderClasses\":false,\"orderCellsTop\":true}},\"evals\":[],\"jsHooks\":[]}</script>\n```\n\n:::\n:::\n\n\n## Global model variations\n\n\n::: {.cell}\n\n:::\n\n::: {.cell}\n\n:::\n\n::: {#tbl-variations .cell tbl-cap='Number of equally or almost equally informative conservative model variations and maximum model weights (Δ cAIC < 4 and < 2).'}\n::: {.cell-output-display}\n\n```{=html}\n<div class=\"datatables html-widget html-fill-item\" id=\"htmlwidget-690b9751bb0655880b37\" style=\"width:100%;height:auto;\"></div>\n<script type=\"application/json\" data-for=\"htmlwidget-690b9751bb0655880b37\">{\"x\":{\"filter\":\"none\",\"vertical\":false,\"data\":[[572],[223],[0.00481],[0.008619999999999999]],\"container\":\"<table class=\\\"display\\\">\\n  <thead>\\n    <tr>\\n      <th>number of models (Δ &lt; 4)<\\/th>\\n      <th>number of models (Δ &lt; 2)<\\/th>\\n      <th>maximum weight (Δ &lt; 4)<\\/th>\\n      <th>maximum weight (Δ &lt; 2)<\\/th>\\n    <\\/tr>\\n  <\\/thead>\\n<\\/table>\",\"options\":{\"scrollX\":true,\"pageLength\":5,\"columnDefs\":[{\"className\":\"dt-right\",\"targets\":[0,1,2,3]},{\"name\":\"d4\",\"targets\":0},{\"name\":\"d2\",\"targets\":1},{\"name\":\"max_weight4\",\"targets\":2},{\"name\":\"max_weight2\",\"targets\":3}],\"order\":[],\"autoWidth\":false,\"orderClasses\":false,\"lengthMenu\":[5,10,25,50,100]}},\"evals\":[],\"jsHooks\":[]}</script>\n```\n\n:::\n:::\n\n::: {#tbl-best-models .cell tbl-cap='The three best model variations derived from the global model.'}\n::: {.cell-output-display}\n\n```{=html}\n<div class=\"datatables html-widget html-fill-item\" id=\"htmlwidget-57b1d13eb432d598660e\" style=\"width:100%;height:auto;\"></div>\n<script type=\"application/json\" data-for=\"htmlwidget-57b1d13eb432d598660e\">{\"x\":{\"filter\":\"top\",\"vertical\":false,\"filterHTML\":\"<tr>\\n  <td data-type=\\\"character\\\" style=\\\"vertical-align: top;\\\">\\n    <div class=\\\"form-group has-feedback\\\" style=\\\"margin-bottom: auto;\\\">\\n      <input type=\\\"search\\\" placeholder=\\\"All\\\" class=\\\"form-control\\\" style=\\\"width: 100%;\\\"/>\\n      <span class=\\\"glyphicon glyphicon-remove-circle form-control-feedback\\\"><\\/span>\\n    <\\/div>\\n  <\\/td>\\n  <td data-type=\\\"character\\\" style=\\\"vertical-align: top;\\\">\\n    <div class=\\\"form-group has-feedback\\\" style=\\\"margin-bottom: auto;\\\">\\n      <input type=\\\"search\\\" placeholder=\\\"All\\\" class=\\\"form-control\\\" style=\\\"width: 100%;\\\"/>\\n      <span class=\\\"glyphicon glyphicon-remove-circle form-control-feedback\\\"><\\/span>\\n    <\\/div>\\n  <\\/td>\\n<\\/tr>\",\"data\":[[\"best_con_1\",\"best_con_2\",\"best_con_3\"],[\"doy ~ poly(AWC, degree = 2) + poly(DROUGHT, degree = 2) + poly(SLOPE_INCLINATION_DEG,      degree = 2) + poly(STAND_HEIGHT, degree = 2) + poly(AWC,      degree = 2):poly(DROUGHT, degree = 2) + 1 + poly(GDD_conservative,      degree = 2)\",\"doy ~ poly(AWC, degree = 2) + poly(DROUGHT, degree = 2) + poly(SLOPE_INCLINATION_DEG,      degree = 2) + poly(STAND_HEIGHT, degree = 2) + poly(TREE_HEIGHT,      degree = 2) + poly(AWC, degree = 2):poly(DROUGHT, degree = 2) +      1 + poly(GDD_conservative, degree = 2)\",\"doy ~ poly(AWC, degree = 2) + poly(DROUGHT, degree = 2) + poly(STAND_HEIGHT,      degree = 2) + poly(AWC, degree = 2):poly(DROUGHT, degree = 2) +      1 + poly(GDD_conservative, degree = 2)\"]],\"container\":\"<table class=\\\"display\\\">\\n  <thead>\\n    <tr>\\n      <th>model_name<\\/th>\\n      <th>fixed_effects<\\/th>\\n    <\\/tr>\\n  <\\/thead>\\n<\\/table>\",\"options\":{\"scrollX\":true,\"pageLength\":5,\"dom\":\"Bfrtip\",\"columnDefs\":[{\"name\":\"model_name\",\"targets\":0},{\"name\":\"fixed_effects\",\"targets\":1}],\"order\":[],\"autoWidth\":false,\"orderClasses\":false,\"orderCellsTop\":true,\"lengthMenu\":[5,10,25,50,100]}},\"evals\":[],\"jsHooks\":[]}</script>\n```\n\n:::\n:::\n\n::: {#tbl-parsimonious-con .cell tbl-cap='The three most parsimonious models derived from the global model.'}\n::: {.cell-output-display}\n\n```{=html}\n<div class=\"datatables html-widget html-fill-item\" id=\"htmlwidget-470611c9d989c6af6e06\" style=\"width:100%;height:auto;\"></div>\n<script type=\"application/json\" data-for=\"htmlwidget-470611c9d989c6af6e06\">{\"x\":{\"filter\":\"top\",\"vertical\":false,\"filterHTML\":\"<tr>\\n  <td data-type=\\\"character\\\" style=\\\"vertical-align: top;\\\">\\n    <div class=\\\"form-group has-feedback\\\" style=\\\"margin-bottom: auto;\\\">\\n      <input type=\\\"search\\\" placeholder=\\\"All\\\" class=\\\"form-control\\\" style=\\\"width: 100%;\\\"/>\\n      <span class=\\\"glyphicon glyphicon-remove-circle form-control-feedback\\\"><\\/span>\\n    <\\/div>\\n  <\\/td>\\n  <td data-type=\\\"character\\\" style=\\\"vertical-align: top;\\\">\\n    <div class=\\\"form-group has-feedback\\\" style=\\\"margin-bottom: auto;\\\">\\n      <input type=\\\"search\\\" placeholder=\\\"All\\\" class=\\\"form-control\\\" style=\\\"width: 100%;\\\"/>\\n      <span class=\\\"glyphicon glyphicon-remove-circle form-control-feedback\\\"><\\/span>\\n    <\\/div>\\n  <\\/td>\\n<\\/tr>\",\"data\":[[\"parsimonious_con_d4a\",\"parsimonious_con_d4b\",\"parsimonious_con_d4c\",\"parsimonious_con_d2a\",\"parsimonious_con_d2b\",\"parsimonious_con_d2c\"],[\"doy ~ poly(DROUGHT, degree = 2) + 1 + poly(GDD_conservative,      degree = 2)\",\"doy ~ poly(DROUGHT, degree = 2) + TREE_ELEVATION + 1 + poly(GDD_conservative,      degree = 2)\",\"doy ~ poly(DROUGHT, degree = 2) + poly(STAND_HEIGHT, degree = 2) +      1 + poly(GDD_conservative, degree = 2)\",\"doy ~ poly(DROUGHT, degree = 2) + 1 + poly(GDD_conservative,      degree = 2)\",\"doy ~ poly(DROUGHT, degree = 2) + poly(STAND_HEIGHT, degree = 2) +      1 + poly(GDD_conservative, degree = 2)\",\"doy ~ poly(DROUGHT, degree = 2) + poly(SLOPE_INCLINATION_DEG,      degree = 2) + 1 + poly(GDD_conservative, degree = 2)\"]],\"container\":\"<table class=\\\"display\\\">\\n  <thead>\\n    <tr>\\n      <th>model_name<\\/th>\\n      <th>fixed_effects<\\/th>\\n    <\\/tr>\\n  <\\/thead>\\n<\\/table>\",\"options\":{\"scrollX\":true,\"pageLength\":5,\"dom\":\"Bfrtip\",\"columnDefs\":[{\"name\":\"model_name\",\"targets\":0},{\"name\":\"fixed_effects\",\"targets\":1}],\"order\":[],\"autoWidth\":false,\"orderClasses\":false,\"orderCellsTop\":true,\"lengthMenu\":[5,10,25,50,100]}},\"evals\":[],\"jsHooks\":[]}</script>\n```\n\n:::\n:::\n\n::: {.cell}\n\n:::\n\n::: {.cell}\n\n:::\n\n\n## Model processing\n\n\n::: {.cell}\n\n:::\n\n::: {.cell}\n\n:::\n\n::: {.cell}\n\n:::\n\n\n\n::: {.cell}\n\n```{.r .cell-code}\n# nest data set\nmanual_models_input <- data %>%\n  nest()\n\n# save to file for evaluation of manual models in the template\nsaveRDS(manual_models_input, paste0(path_output_data, \"/manual_models_\", species, \"_\", gsub (\" \", \"_\", phase), \".rds\"))\n\n# source manual models to be evaluated within template\nsource(paste0(location, \"/5_manual_\", species, \"_\", gsub (\" \", \"_\", phase), \".R\"), echo=TRUE, max.deparse.length = 5000)\n```\n\n::: {.cell-output .cell-output-stdout}\n\n```\n\n> manual_models <- manual_models_input %>% mutate(final_con_int = map(data, \n+     safely(~lme(fixed = doy ~ poly(GDD_conservative, degree = 2) + \n+         poly(STAND_HEIGHT, degree = 2) + TREE_ELEVATION, random = ~1 | \n+         METEO_ID, data = ., method = \"ML\", correlation = autoregression_simple, \n+         na.action = na.omit))), ref_imp_con_int = map(data, safely(~lme(fixed = doy ~ \n+     poly(GDD_conservative, degree = 2), random = ~1 | METEO_ID, \n+     data = ., method = \"ML\", correlation = autoregression_simple, \n+     na.action = na.omit))), final_con_slo = map(data, safely(~lme(fixed = doy ~ \n+     poly(GDD_conservative, degree = 2) + poly(STAND_HEIGHT, degree = 2) + \n+         TREE_ELEVATION, random = ~1 + GDD_conservative | METEO_ID, \n+     data = ., method = \"ML\", correlation = autoregression_simple, \n+     na.action = na.omit, control = lmeControl(opt = \"nlminb\", \n+         maxIter = 100, msMaxIter = 100, niterEM = 30)))), ref_imp_con_slo = map(data, \n+     safely(~lme(fixed = doy ~ poly(GDD_conservative, degree = 2), \n+         random = ~1 + GDD_conservative | METEO_ID, data = ., \n+         method = \"ML\", correlation = autoregression_simple, na.action = na.omit))))\n```\n\n\n:::\n\n```{.r .cell-code}\n# format manual models to fit the data frame structure\nmanual_models <- manual_models %>%\n  pivot_longer(cols = 2:ncol(.), names_to = \"model_name\", values_to = \"model\") %>% \n  filter(map_lgl(model, ~ !is.null(.x$result))) %>%\n  mutate(model = map(model, \"result\"))\n```\n:::\n\n::: {.cell}\n\n```{.r .cell-code  code-fold=\"true\"}\n# function to extract coefficients with confidence intervals\nsafe_tidy <- possibly(\n  ~ broom.mixed::tidy(.x, conf.int = TRUE) %>% mutate(model_name = .y), \n  otherwise = NULL\n)\n\nmodels <- bind_rows(manual_models, ref_imp_models, ref_true_models, temp_test_models, global_models, best_models, parsimonious_models\n                    ) %>%\n  filter(!str_detect(model_name, exclude_type)) %>% \n  mutate(tidy = map2(model, model_name, safe_tidy), # extract coefficients and p-values\n         augment = map2(model, model_name, ~{ # extract fitted values, residuals, fixed effects without data that is not contained in the respective model\n           terms <- all.vars(formula(.x))[-1]  # Extract terms and remove response variable\n           broom.mixed::augment(.x) %>%\n           select(all_of(terms), METEO_ID, year, SPECIES_SHORT, .fitted, .resid, .fixed) %>%\n           mutate(model_name = .y)\n           }),\n         terms = map(model, ~all.vars(formula(.x))[-1]),\n         std_random = map(model, ~safely(~ {\n           intervals(.x)$reStruct %>%\n             unlist() %>%\n             as.data.frame() %>%\n             rename(VALUE = 1) %>%\n             rownames_to_column(\"PARAMETER\")})(.x)$result), # calculate and extract standard deviation of random effects\n         res_random = (res_random = map(model, ~.x$sigma)),\n         RMSE = map(model, ~sqrt(mean(.x$residuals^2))), # extract RMSE across populations\n         cAIC = map(model, ~fun_get_caic(.x)), # extract cAIC\n         logLik = map(model, ~fun_get_log(.x)) # extract logLik\n         ) %>%\n  unnest(cAIC, logLik, RMSE) %>% \n    mutate(coef = map(model, ~coef(.x)),\n           terms_count = map(model, ~length(fixef(.x))+1), # extract number of parameters and add 1 for the grouping variable (for more details see Pinheiro and Bates 2000, p. 8)\n           RMSE = as.numeric(RMSE),\n           delta_total_cAIC = cAIC - min(cAIC))\n```\n:::\n\n::: {.cell}\n\n```{.r .cell-code  code-fold=\"true\"}\n# extract RMSE\nselection_parameters <- models %>% \n  select(-tidy, -augment, -data, -terms) %>% \n  mutate(calls = map(model, ~deparse(.x[[\"call\"]]) %>% paste(collapse = \" \")) %>% as.character(), # extract calls\n         fixed_effects = map(model, ~deparse(.x[[\"terms\"]]) %>% paste(collapse = \" \")) %>% as.character(), # extract fixed effects\n         random_effects = map(model, ~.x[[\"call\"]][[\"random\"]]) %>% as.character()) %>% # extract random effects\n  select(model_name, RMSE, cAIC, logLik, terms_count, calls, fixed_effects, random_effects) %>%\n  unnest(RMSE, cAIC, logLik, terms_count) %>%\n  # add family and type\n  mutate(type = case_when(str_detect(model_name, \"temp_test\") ~ \"effect shape\",\n                          str_detect(model_name, \"ref_true\") ~ \"traditional model\",\n                          str_detect(model_name, \"ref_imp\") ~ \"refined model\",\n                          str_detect(model_name, \"final\") ~ \"final model\",\n                          str_detect(model_name, \"best\") ~ \"best model\",\n                          str_detect(model_name, \"global\") ~ \"global model\",\n                          str_detect(model_name, \"pars\") ~ \"parsimonious model\",\n                          TRUE ~ \"other\"),\n         family = case_when(str_detect(model_name, \"con\") ~ \"conservative\",\n                            str_detect(model_name, \"mai\") ~ \"mainstream\",\n                            TRUE ~ \"other\")) %>%\n  mutate(d.cAIC_absolute = cAIC - min(cAIC)) %>% \n  group_by(family, type) %>%\n  # add delta value per group\n  mutate(d.cAIC_group = cAIC - min(cAIC),\n         d.RMSE_group = RMSE - min(RMSE)) %>% \n  ungroup()\n\n# extract coefficients and p-values\ntidy <- models %>% select(tidy) %>% unnest(tidy)\n\n# extract fitted, fixed and residuals\naugment <- models %>% select(augment) %>% unnest(augment)\n\n# extract standard deviation of random effects\nstd_random <- models %>% select(model_name, std_random) %>% unnest(std_random) %>% pivot_wider(names_from = PARAMETER, values_from = VALUE)\n\nres_random <- models %>% select(model_name, res_random) %>% mutate(res_random = as.numeric(res_random))\n```\n:::\n\n::: {.cell}\n\n:::\n\n::: {.cell}\n\n:::\n",
    "supporting": [],
    "filters": [
      "rmarkdown/pagebreak.lua"
    ],
    "includes": {
      "include-in-header": [
        "<link href=\"site_libs/htmltools-fill-0.5.8.1/fill.css\" rel=\"stylesheet\" />\n<script src=\"site_libs/htmlwidgets-1.6.4/htmlwidgets.js\"></script>\n<link href=\"site_libs/datatables-css-0.0.0/datatables-crosstalk.css\" rel=\"stylesheet\" />\n<script src=\"site_libs/datatables-binding-0.33/datatables.js\"></script>\n<script src=\"site_libs/jquery-3.6.0/jquery-3.6.0.min.js\"></script>\n<link href=\"site_libs/dt-core-1.13.6/css/jquery.dataTables.min.css\" rel=\"stylesheet\" />\n<link href=\"site_libs/dt-core-1.13.6/css/jquery.dataTables.extra.css\" rel=\"stylesheet\" />\n<script src=\"site_libs/dt-core-1.13.6/js/jquery.dataTables.min.js\"></script>\n<link href=\"site_libs/nouislider-7.0.10/jquery.nouislider.min.css\" rel=\"stylesheet\" />\n<script src=\"site_libs/nouislider-7.0.10/jquery.nouislider.min.js\"></script>\n<link href=\"site_libs/selectize-0.12.0/selectize.bootstrap3.css\" rel=\"stylesheet\" />\n<script src=\"site_libs/selectize-0.12.0/selectize.min.js\"></script>\n<link href=\"site_libs/crosstalk-1.2.1/css/crosstalk.min.css\" rel=\"stylesheet\" />\n<script src=\"site_libs/crosstalk-1.2.1/js/crosstalk.min.js\"></script>\n"
      ]
    },
    "engineDependencies": {},
    "preserve": {},
    "postProcess": true
  }
}