{
  "hash": "4845aa9f893fcf7160e2737552f37538",
  "result": {
    "engine": "knitr",
    "markdown": "---\noutput: html_document\neditor_options: \n  chunk_output_type: inline\nexecute:\n    freeze: false\n---\n\n\n\n\n# Tilia cordata\n\n\n\n\n\n\n## Effect shape of temperature\n\n\n::: {.cell}\n\n:::\n\n::: {.cell}\n\n:::\n\n::: {.cell}\n\n:::\n\n::: {.cell}\n\n:::\n\n::: {.cell}\n\n:::\n\n::: {.cell}\n\n:::\n\n::: {#tbl-temp-test-selection .cell tbl-cap='Comparison of model performance of linear and polynomial temperature parameters with cAIC and RMSE.'}\n::: {.cell-output-display}\n\n```{=html}\n<div class=\"datatables html-widget html-fill-item\" id=\"htmlwidget-573768d4b3a711d7bac1\" style=\"width:100%;height:auto;\"></div>\n<script type=\"application/json\" data-for=\"htmlwidget-573768d4b3a711d7bac1\">{\"x\":{\"filter\":\"top\",\"vertical\":false,\"filterHTML\":\"<tr>\\n  <td data-type=\\\"character\\\" style=\\\"vertical-align: top;\\\">\\n    <div class=\\\"form-group has-feedback\\\" style=\\\"margin-bottom: auto;\\\">\\n      <input type=\\\"search\\\" placeholder=\\\"All\\\" class=\\\"form-control\\\" style=\\\"width: 100%;\\\"/>\\n      <span class=\\\"glyphicon glyphicon-remove-circle form-control-feedback\\\"><\\/span>\\n    <\\/div>\\n  <\\/td>\\n  <td data-type=\\\"character\\\" style=\\\"vertical-align: top;\\\">\\n    <div class=\\\"form-group has-feedback\\\" style=\\\"margin-bottom: auto;\\\">\\n      <input type=\\\"search\\\" placeholder=\\\"All\\\" class=\\\"form-control\\\" style=\\\"width: 100%;\\\" disabled=\\\"\\\"/>\\n      <span class=\\\"glyphicon glyphicon-remove-circle form-control-feedback\\\"><\\/span>\\n    <\\/div>\\n  <\\/td>\\n  <td data-type=\\\"number\\\" style=\\\"vertical-align: top;\\\">\\n    <div class=\\\"form-group has-feedback\\\" style=\\\"margin-bottom: auto;\\\">\\n      <input type=\\\"search\\\" placeholder=\\\"All\\\" class=\\\"form-control\\\" style=\\\"width: 100%;\\\"/>\\n      <span class=\\\"glyphicon glyphicon-remove-circle form-control-feedback\\\"><\\/span>\\n    <\\/div>\\n    <div style=\\\"display: none;position: absolute;width: 200px;opacity: 1\\\">\\n      <div data-min=\\\"4268.847\\\" data-max=\\\"4270.767\\\" data-scale=\\\"3\\\"><\\/div>\\n      <span style=\\\"float: left;\\\"><\\/span>\\n      <span style=\\\"float: right;\\\"><\\/span>\\n    <\\/div>\\n  <\\/td>\\n  <td data-type=\\\"number\\\" style=\\\"vertical-align: top;\\\">\\n    <div class=\\\"form-group has-feedback\\\" style=\\\"margin-bottom: auto;\\\">\\n      <input type=\\\"search\\\" placeholder=\\\"All\\\" class=\\\"form-control\\\" style=\\\"width: 100%;\\\"/>\\n      <span class=\\\"glyphicon glyphicon-remove-circle form-control-feedback\\\"><\\/span>\\n    <\\/div>\\n    <div style=\\\"display: none;position: absolute;width: 200px;opacity: 1\\\">\\n      <div data-min=\\\"8.419\\\" data-max=\\\"8.441\\\" data-scale=\\\"3\\\"><\\/div>\\n      <span style=\\\"float: left;\\\"><\\/span>\\n      <span style=\\\"float: right;\\\"><\\/span>\\n    <\\/div>\\n  <\\/td>\\n  <td data-type=\\\"character\\\" style=\\\"vertical-align: top;\\\">\\n    <div class=\\\"form-group has-feedback\\\" style=\\\"margin-bottom: auto;\\\">\\n      <input type=\\\"search\\\" placeholder=\\\"All\\\" class=\\\"form-control\\\" style=\\\"width: 100%;\\\"/>\\n      <span class=\\\"glyphicon glyphicon-remove-circle form-control-feedback\\\"><\\/span>\\n    <\\/div>\\n  <\\/td>\\n  <td data-type=\\\"number\\\" style=\\\"vertical-align: top;\\\">\\n    <div class=\\\"form-group has-feedback\\\" style=\\\"margin-bottom: auto;\\\">\\n      <input type=\\\"search\\\" placeholder=\\\"All\\\" class=\\\"form-control\\\" style=\\\"width: 100%;\\\"/>\\n      <span class=\\\"glyphicon glyphicon-remove-circle form-control-feedback\\\"><\\/span>\\n    <\\/div>\\n    <div style=\\\"display: none;position: absolute;width: 200px;opacity: 1\\\">\\n      <div data-min=\\\"3.257\\\" data-max=\\\"5.178\\\" data-scale=\\\"3\\\"><\\/div>\\n      <span style=\\\"float: left;\\\"><\\/span>\\n      <span style=\\\"float: right;\\\"><\\/span>\\n    <\\/div>\\n  <\\/td>\\n  <td data-type=\\\"number\\\" style=\\\"vertical-align: top;\\\">\\n    <div class=\\\"form-group has-feedback\\\" style=\\\"margin-bottom: auto;\\\">\\n      <input type=\\\"search\\\" placeholder=\\\"All\\\" class=\\\"form-control\\\" style=\\\"width: 100%;\\\"/>\\n      <span class=\\\"glyphicon glyphicon-remove-circle form-control-feedback\\\"><\\/span>\\n    <\\/div>\\n    <div style=\\\"display: none;position: absolute;width: 200px;opacity: 1\\\">\\n      <div data-min=\\\"0.076\\\" data-max=\\\"0.098\\\" data-scale=\\\"3\\\"><\\/div>\\n      <span style=\\\"float: left;\\\"><\\/span>\\n      <span style=\\\"float: right;\\\"><\\/span>\\n    <\\/div>\\n  <\\/td>\\n<\\/tr>\",\"data\":[[\"ref_true_con_int\",\"temp_test_con_int\"],[\"conservative\",\"conservative\"],[4268.847,4270.767],[8.441000000000001,8.419],[\"doy ~ GDD_conservative\",\"doy ~ poly(GDD_conservative, degree = 2)\"],[3.257,5.178],[0.098,0.076]],\"container\":\"<table class=\\\"display\\\">\\n  <thead>\\n    <tr>\\n      <th>model_name<\\/th>\\n      <th>family<\\/th>\\n      <th>cAIC<\\/th>\\n      <th>RMSE<\\/th>\\n      <th>fixed_effects<\\/th>\\n      <th>d.cAIC<\\/th>\\n      <th>d.RMSE<\\/th>\\n    <\\/tr>\\n  <\\/thead>\\n<\\/table>\",\"options\":{\"scrollX\":true,\"pageLength\":10,\"extenstions\":\"Buttons\",\"dom\":\"Bfrtip\",\"buttons\":[\"print\"],\"columnDefs\":[{\"className\":\"dt-right\",\"targets\":[2,3,5,6]},{\"name\":\"model_name\",\"targets\":0},{\"name\":\"family\",\"targets\":1},{\"name\":\"cAIC\",\"targets\":2},{\"name\":\"RMSE\",\"targets\":3},{\"name\":\"fixed_effects\",\"targets\":4},{\"name\":\"d.cAIC\",\"targets\":5},{\"name\":\"d.RMSE\",\"targets\":6}],\"order\":[],\"autoWidth\":false,\"orderClasses\":false,\"orderCellsTop\":true}},\"evals\":[],\"jsHooks\":[]}</script>\n```\n\n:::\n:::\n\n::: {#tbl-temp-test-coefficients .cell tbl-cap='Comparison of parameters across models with estimate, standard error, t-value and p-value'}\n::: {.cell-output-display}\n\n```{=html}\n<div class=\"datatables html-widget html-fill-item\" id=\"htmlwidget-bccafcabc68df18dcce8\" style=\"width:100%;height:auto;\"></div>\n<script type=\"application/json\" data-for=\"htmlwidget-bccafcabc68df18dcce8\">{\"x\":{\"filter\":\"top\",\"vertical\":false,\"filterHTML\":\"<tr>\\n  <td data-type=\\\"character\\\" style=\\\"vertical-align: top;\\\">\\n    <div class=\\\"form-group has-feedback\\\" style=\\\"margin-bottom: auto;\\\">\\n      <input type=\\\"search\\\" placeholder=\\\"All\\\" class=\\\"form-control\\\" style=\\\"width: 100%;\\\" disabled=\\\"\\\"/>\\n      <span class=\\\"glyphicon glyphicon-remove-circle form-control-feedback\\\"><\\/span>\\n    <\\/div>\\n  <\\/td>\\n  <td data-type=\\\"character\\\" style=\\\"vertical-align: top;\\\">\\n    <div class=\\\"form-group has-feedback\\\" style=\\\"margin-bottom: auto;\\\">\\n      <input type=\\\"search\\\" placeholder=\\\"All\\\" class=\\\"form-control\\\" style=\\\"width: 100%;\\\"/>\\n      <span class=\\\"glyphicon glyphicon-remove-circle form-control-feedback\\\"><\\/span>\\n    <\\/div>\\n  <\\/td>\\n  <td data-type=\\\"character\\\" style=\\\"vertical-align: top;\\\">\\n    <div class=\\\"form-group has-feedback\\\" style=\\\"margin-bottom: auto;\\\">\\n      <input type=\\\"search\\\" placeholder=\\\"All\\\" class=\\\"form-control\\\" style=\\\"width: 100%;\\\" disabled=\\\"\\\"/>\\n      <span class=\\\"glyphicon glyphicon-remove-circle form-control-feedback\\\"><\\/span>\\n    <\\/div>\\n  <\\/td>\\n  <td data-type=\\\"number\\\" style=\\\"vertical-align: top;\\\">\\n    <div class=\\\"form-group has-feedback\\\" style=\\\"margin-bottom: auto;\\\">\\n      <input type=\\\"search\\\" placeholder=\\\"All\\\" class=\\\"form-control\\\" style=\\\"width: 100%;\\\"/>\\n      <span class=\\\"glyphicon glyphicon-remove-circle form-control-feedback\\\"><\\/span>\\n    <\\/div>\\n    <div style=\\\"display: none;position: absolute;width: 200px;opacity: 1\\\">\\n      <div data-min=\\\"0\\\" data-max=\\\"0.457\\\" data-scale=\\\"3\\\"><\\/div>\\n      <span style=\\\"float: left;\\\"><\\/span>\\n      <span style=\\\"float: right;\\\"><\\/span>\\n    <\\/div>\\n  <\\/td>\\n  <td data-type=\\\"number\\\" style=\\\"vertical-align: top;\\\">\\n    <div class=\\\"form-group has-feedback\\\" style=\\\"margin-bottom: auto;\\\">\\n      <input type=\\\"search\\\" placeholder=\\\"All\\\" class=\\\"form-control\\\" style=\\\"width: 100%;\\\"/>\\n      <span class=\\\"glyphicon glyphicon-remove-circle form-control-feedback\\\"><\\/span>\\n    <\\/div>\\n    <div style=\\\"display: none;position: absolute;width: 200px;opacity: 1\\\">\\n      <div data-min=\\\"-139.1784\\\" data-max=\\\"5.3351\\\" data-scale=\\\"4\\\"><\\/div>\\n      <span style=\\\"float: left;\\\"><\\/span>\\n      <span style=\\\"float: right;\\\"><\\/span>\\n    <\\/div>\\n  <\\/td>\\n  <td data-type=\\\"number\\\" style=\\\"vertical-align: top;\\\">\\n    <div class=\\\"form-group has-feedback\\\" style=\\\"margin-bottom: auto;\\\">\\n      <input type=\\\"search\\\" placeholder=\\\"All\\\" class=\\\"form-control\\\" style=\\\"width: 100%;\\\"/>\\n      <span class=\\\"glyphicon glyphicon-remove-circle form-control-feedback\\\"><\\/span>\\n    <\\/div>\\n    <div style=\\\"display: none;position: absolute;width: 200px;opacity: 1\\\">\\n      <div data-min=\\\"7.1675\\\" data-max=\\\"8.838\\\" data-scale=\\\"4\\\"><\\/div>\\n      <span style=\\\"float: left;\\\"><\\/span>\\n      <span style=\\\"float: right;\\\"><\\/span>\\n    <\\/div>\\n  <\\/td>\\n  <td data-type=\\\"character\\\" style=\\\"vertical-align: top;\\\">\\n    <div class=\\\"form-group has-feedback\\\" style=\\\"margin-bottom: auto;\\\">\\n      <input type=\\\"search\\\" placeholder=\\\"All\\\" class=\\\"form-control\\\" style=\\\"width: 100%;\\\"/>\\n      <span class=\\\"glyphicon glyphicon-remove-circle form-control-feedback\\\"><\\/span>\\n    <\\/div>\\n  <\\/td>\\n<\\/tr>\",\"data\":[[\"temp_test_con_int\",\"temp_test_con_int\"],[\"GDD linear\",\"GDD quadratic\"],[\"conservative\",\"conservative\"],[0,0.457],[-139.1784,5.3351],[8.837999999999999,7.1675],[\"poly(GDD_conservative, degree = 2)1\",\"poly(GDD_conservative, degree = 2)2\"]],\"container\":\"<table class=\\\"display\\\">\\n  <thead>\\n    <tr>\\n      <th>model_name<\\/th>\\n      <th>label<\\/th>\\n      <th>family<\\/th>\\n      <th>p.value<\\/th>\\n      <th>estimate<\\/th>\\n      <th>std.error<\\/th>\\n      <th>term<\\/th>\\n    <\\/tr>\\n  <\\/thead>\\n<\\/table>\",\"options\":{\"scrollX\":true,\"pageLength\":10,\"dom\":\"Bfrtip\",\"columnDefs\":[{\"className\":\"dt-right\",\"targets\":[3,4,5]},{\"name\":\"model_name\",\"targets\":0},{\"name\":\"label\",\"targets\":1},{\"name\":\"family\",\"targets\":2},{\"name\":\"p.value\",\"targets\":3},{\"name\":\"estimate\",\"targets\":4},{\"name\":\"std.error\",\"targets\":5},{\"name\":\"term\",\"targets\":6}],\"order\":[],\"autoWidth\":false,\"orderClasses\":false,\"orderCellsTop\":true}},\"evals\":[],\"jsHooks\":[]}</script>\n```\n\n:::\n:::\n\n\n## Effect shape of temperature with chilling\n\n\n::: {#tbl-shape-performance .cell tbl-cap='Comparison of model performance of linear and non-linear growing degree days in combination with chilling degree days.'}\n::: {.cell-output-display}\n\n```{=html}\n<div class=\"datatables html-widget html-fill-item\" id=\"htmlwidget-3d78c7e8ad3e064b08bd\" style=\"width:100%;height:auto;\"></div>\n<script type=\"application/json\" data-for=\"htmlwidget-3d78c7e8ad3e064b08bd\">{\"x\":{\"filter\":\"top\",\"vertical\":false,\"filterHTML\":\"<tr>\\n  <td data-type=\\\"character\\\" style=\\\"vertical-align: top;\\\">\\n    <div class=\\\"form-group has-feedback\\\" style=\\\"margin-bottom: auto;\\\">\\n      <input type=\\\"search\\\" placeholder=\\\"All\\\" class=\\\"form-control\\\" style=\\\"width: 100%;\\\"/>\\n      <span class=\\\"glyphicon glyphicon-remove-circle form-control-feedback\\\"><\\/span>\\n    <\\/div>\\n  <\\/td>\\n  <td data-type=\\\"character\\\" style=\\\"vertical-align: top;\\\">\\n    <div class=\\\"form-group has-feedback\\\" style=\\\"margin-bottom: auto;\\\">\\n      <input type=\\\"search\\\" placeholder=\\\"All\\\" class=\\\"form-control\\\" style=\\\"width: 100%;\\\" disabled=\\\"\\\"/>\\n      <span class=\\\"glyphicon glyphicon-remove-circle form-control-feedback\\\"><\\/span>\\n    <\\/div>\\n  <\\/td>\\n  <td data-type=\\\"number\\\" style=\\\"vertical-align: top;\\\">\\n    <div class=\\\"form-group has-feedback\\\" style=\\\"margin-bottom: auto;\\\">\\n      <input type=\\\"search\\\" placeholder=\\\"All\\\" class=\\\"form-control\\\" style=\\\"width: 100%;\\\"/>\\n      <span class=\\\"glyphicon glyphicon-remove-circle form-control-feedback\\\"><\\/span>\\n    <\\/div>\\n    <div style=\\\"display: none;position: absolute;width: 200px;opacity: 1\\\">\\n      <div data-min=\\\"4265.59\\\" data-max=\\\"4271.616\\\" data-scale=\\\"3\\\"><\\/div>\\n      <span style=\\\"float: left;\\\"><\\/span>\\n      <span style=\\\"float: right;\\\"><\\/span>\\n    <\\/div>\\n  <\\/td>\\n  <td data-type=\\\"number\\\" style=\\\"vertical-align: top;\\\">\\n    <div class=\\\"form-group has-feedback\\\" style=\\\"margin-bottom: auto;\\\">\\n      <input type=\\\"search\\\" placeholder=\\\"All\\\" class=\\\"form-control\\\" style=\\\"width: 100%;\\\"/>\\n      <span class=\\\"glyphicon glyphicon-remove-circle form-control-feedback\\\"><\\/span>\\n    <\\/div>\\n    <div style=\\\"display: none;position: absolute;width: 200px;opacity: 1\\\">\\n      <div data-min=\\\"8.343\\\" data-max=\\\"8.484\\\" data-scale=\\\"3\\\"><\\/div>\\n      <span style=\\\"float: left;\\\"><\\/span>\\n      <span style=\\\"float: right;\\\"><\\/span>\\n    <\\/div>\\n  <\\/td>\\n  <td data-type=\\\"character\\\" style=\\\"vertical-align: top;\\\">\\n    <div class=\\\"form-group has-feedback\\\" style=\\\"margin-bottom: auto;\\\">\\n      <input type=\\\"search\\\" placeholder=\\\"All\\\" class=\\\"form-control\\\" style=\\\"width: 100%;\\\"/>\\n      <span class=\\\"glyphicon glyphicon-remove-circle form-control-feedback\\\"><\\/span>\\n    <\\/div>\\n  <\\/td>\\n  <td data-type=\\\"number\\\" style=\\\"vertical-align: top;\\\">\\n    <div class=\\\"form-group has-feedback\\\" style=\\\"margin-bottom: auto;\\\">\\n      <input type=\\\"search\\\" placeholder=\\\"All\\\" class=\\\"form-control\\\" style=\\\"width: 100%;\\\"/>\\n      <span class=\\\"glyphicon glyphicon-remove-circle form-control-feedback\\\"><\\/span>\\n    <\\/div>\\n    <div style=\\\"display: none;position: absolute;width: 200px;opacity: 1\\\">\\n      <div data-min=\\\"0\\\" data-max=\\\"6.026\\\" data-scale=\\\"3\\\"><\\/div>\\n      <span style=\\\"float: left;\\\"><\\/span>\\n      <span style=\\\"float: right;\\\"><\\/span>\\n    <\\/div>\\n  <\\/td>\\n  <td data-type=\\\"number\\\" style=\\\"vertical-align: top;\\\">\\n    <div class=\\\"form-group has-feedback\\\" style=\\\"margin-bottom: auto;\\\">\\n      <input type=\\\"search\\\" placeholder=\\\"All\\\" class=\\\"form-control\\\" style=\\\"width: 100%;\\\"/>\\n      <span class=\\\"glyphicon glyphicon-remove-circle form-control-feedback\\\"><\\/span>\\n    <\\/div>\\n    <div style=\\\"display: none;position: absolute;width: 200px;opacity: 1\\\">\\n      <div data-min=\\\"0\\\" data-max=\\\"0.141\\\" data-scale=\\\"3\\\"><\\/div>\\n      <span style=\\\"float: left;\\\"><\\/span>\\n      <span style=\\\"float: right;\\\"><\\/span>\\n    <\\/div>\\n  <\\/td>\\n<\\/tr>\",\"data\":[[\"ref_imp_con_int_poly_1\",\"ref_imp_con_int_line_1\",\"ref_imp_con_int_line_2\",\"ref_imp_con_int_line_3\",\"ref_imp_con_int_poly_2\",\"ref_imp_con_int_poly_3\"],[\"conservative\",\"conservative\",\"conservative\",\"conservative\",\"conservative\",\"conservative\"],[4265.59,4266.111,4268.847,4269.977,4270.767,4271.616],[8.343,8.380000000000001,8.441000000000001,8.484,8.419,8.473000000000001],[\"doy ~ CDD_conservative + CDD_conservative:poly(GDD_conservative,      degree = 2) + 1 + poly(GDD_conservative, degree = 2)\",\"doy ~ CDD_conservative + CDD_conservative:GDD_conservative +      1 + GDD_conservative\",\"doy ~ 1 + GDD_conservative\",\"doy ~ CDD_conservative + 1 + GDD_conservative\",\"doy ~ 1 + poly(GDD_conservative, degree = 2)\",\"doy ~ CDD_conservative + 1 + poly(GDD_conservative, degree = 2)\"],[0,0.521,3.257,4.387,5.178,6.026],[0,0.037,0.098,0.141,0.076,0.13]],\"container\":\"<table class=\\\"display\\\">\\n  <thead>\\n    <tr>\\n      <th>model_name<\\/th>\\n      <th>family<\\/th>\\n      <th>cAIC<\\/th>\\n      <th>RMSE<\\/th>\\n      <th>fixed_effects<\\/th>\\n      <th>d.cAIC<\\/th>\\n      <th>d.RMSE<\\/th>\\n    <\\/tr>\\n  <\\/thead>\\n<\\/table>\",\"options\":{\"scrollX\":true,\"pageLength\":10,\"extenstions\":\"Buttons\",\"dom\":\"Bfrtip\",\"buttons\":[\"print\"],\"columnDefs\":[{\"className\":\"dt-right\",\"targets\":[2,3,5,6]},{\"name\":\"model_name\",\"targets\":0},{\"name\":\"family\",\"targets\":1},{\"name\":\"cAIC\",\"targets\":2},{\"name\":\"RMSE\",\"targets\":3},{\"name\":\"fixed_effects\",\"targets\":4},{\"name\":\"d.cAIC\",\"targets\":5},{\"name\":\"d.RMSE\",\"targets\":6}],\"order\":[],\"autoWidth\":false,\"orderClasses\":false,\"orderCellsTop\":true}},\"evals\":[],\"jsHooks\":[]}</script>\n```\n\n:::\n:::\n\n::: {#tbl-shape-coefficients .cell tbl-cap='Comparison of siginificance of various growing and chilling degree day combinations.'}\n::: {.cell-output-display}\n\n```{=html}\n<div class=\"datatables html-widget html-fill-item\" id=\"htmlwidget-c85bdbb8511d91e8853a\" style=\"width:100%;height:auto;\"></div>\n<script type=\"application/json\" data-for=\"htmlwidget-c85bdbb8511d91e8853a\">{\"x\":{\"filter\":\"top\",\"vertical\":false,\"filterHTML\":\"<tr>\\n  <td data-type=\\\"character\\\" style=\\\"vertical-align: top;\\\">\\n    <div class=\\\"form-group has-feedback\\\" style=\\\"margin-bottom: auto;\\\">\\n      <input type=\\\"search\\\" placeholder=\\\"All\\\" class=\\\"form-control\\\" style=\\\"width: 100%;\\\"/>\\n      <span class=\\\"glyphicon glyphicon-remove-circle form-control-feedback\\\"><\\/span>\\n    <\\/div>\\n  <\\/td>\\n  <td data-type=\\\"character\\\" style=\\\"vertical-align: top;\\\">\\n    <div class=\\\"form-group has-feedback\\\" style=\\\"margin-bottom: auto;\\\">\\n      <input type=\\\"search\\\" placeholder=\\\"All\\\" class=\\\"form-control\\\" style=\\\"width: 100%;\\\"/>\\n      <span class=\\\"glyphicon glyphicon-remove-circle form-control-feedback\\\"><\\/span>\\n    <\\/div>\\n  <\\/td>\\n  <td data-type=\\\"character\\\" style=\\\"vertical-align: top;\\\">\\n    <div class=\\\"form-group has-feedback\\\" style=\\\"margin-bottom: auto;\\\">\\n      <input type=\\\"search\\\" placeholder=\\\"All\\\" class=\\\"form-control\\\" style=\\\"width: 100%;\\\" disabled=\\\"\\\"/>\\n      <span class=\\\"glyphicon glyphicon-remove-circle form-control-feedback\\\"><\\/span>\\n    <\\/div>\\n  <\\/td>\\n  <td data-type=\\\"number\\\" style=\\\"vertical-align: top;\\\">\\n    <div class=\\\"form-group has-feedback\\\" style=\\\"margin-bottom: auto;\\\">\\n      <input type=\\\"search\\\" placeholder=\\\"All\\\" class=\\\"form-control\\\" style=\\\"width: 100%;\\\"/>\\n      <span class=\\\"glyphicon glyphicon-remove-circle form-control-feedback\\\"><\\/span>\\n    <\\/div>\\n    <div style=\\\"display: none;position: absolute;width: 200px;opacity: 1\\\">\\n      <div data-min=\\\"0\\\" data-max=\\\"0.6905\\\" data-scale=\\\"4\\\"><\\/div>\\n      <span style=\\\"float: left;\\\"><\\/span>\\n      <span style=\\\"float: right;\\\"><\\/span>\\n    <\\/div>\\n  <\\/td>\\n  <td data-type=\\\"number\\\" style=\\\"vertical-align: top;\\\">\\n    <div class=\\\"form-group has-feedback\\\" style=\\\"margin-bottom: auto;\\\">\\n      <input type=\\\"search\\\" placeholder=\\\"All\\\" class=\\\"form-control\\\" style=\\\"width: 100%;\\\"/>\\n      <span class=\\\"glyphicon glyphicon-remove-circle form-control-feedback\\\"><\\/span>\\n    <\\/div>\\n    <div style=\\\"display: none;position: absolute;width: 200px;opacity: 1\\\">\\n      <div data-min=\\\"-144.0125\\\" data-max=\\\"7.0873\\\" data-scale=\\\"4\\\"><\\/div>\\n      <span style=\\\"float: left;\\\"><\\/span>\\n      <span style=\\\"float: right;\\\"><\\/span>\\n    <\\/div>\\n  <\\/td>\\n  <td data-type=\\\"number\\\" style=\\\"vertical-align: top;\\\">\\n    <div class=\\\"form-group has-feedback\\\" style=\\\"margin-bottom: auto;\\\">\\n      <input type=\\\"search\\\" placeholder=\\\"All\\\" class=\\\"form-control\\\" style=\\\"width: 100%;\\\"/>\\n      <span class=\\\"glyphicon glyphicon-remove-circle form-control-feedback\\\"><\\/span>\\n    <\\/div>\\n    <div style=\\\"display: none;position: absolute;width: 200px;opacity: 1\\\">\\n      <div data-min=\\\"0\\\" data-max=\\\"28.9034\\\" data-scale=\\\"4\\\"><\\/div>\\n      <span style=\\\"float: left;\\\"><\\/span>\\n      <span style=\\\"float: right;\\\"><\\/span>\\n    <\\/div>\\n  <\\/td>\\n  <td data-type=\\\"character\\\" style=\\\"vertical-align: top;\\\">\\n    <div class=\\\"form-group has-feedback\\\" style=\\\"margin-bottom: auto;\\\">\\n      <input type=\\\"search\\\" placeholder=\\\"All\\\" class=\\\"form-control\\\" style=\\\"width: 100%;\\\"/>\\n      <span class=\\\"glyphicon glyphicon-remove-circle form-control-feedback\\\"><\\/span>\\n    <\\/div>\\n  <\\/td>\\n<\\/tr>\",\"data\":[[\"ref_imp_con_int_line_1\",\"ref_imp_con_int_line_1\",\"ref_imp_con_int_line_1\",\"ref_imp_con_int_line_2\",\"ref_imp_con_int_line_3\",\"ref_imp_con_int_line_3\",\"ref_imp_con_int_poly_1\",\"ref_imp_con_int_poly_1\",\"ref_imp_con_int_poly_1\",\"ref_imp_con_int_poly_1\",\"ref_imp_con_int_poly_1\",\"ref_imp_con_int_poly_2\",\"ref_imp_con_int_poly_2\",\"ref_imp_con_int_poly_3\",\"ref_imp_con_int_poly_3\",\"ref_imp_con_int_poly_3\"],[\"CDD\",\"GDD\",\"CDD:GDD\",\"GDD\",\"CDD\",\"GDD\",\"CDD\",\"GDD linear\",\"GDD quadratic\",\"CDD:GDD linear\",\"CDD:GDD quadratic\",\"GDD linear\",\"GDD quadratic\",\"CDD\",\"GDD linear\",\"GDD quadratic\"],[\"conservative\",\"conservative\",\"conservative\",\"conservative\",\"conservative\",\"conservative\",\"conservative\",\"conservative\",\"conservative\",\"conservative\",\"conservative\",\"conservative\",\"conservative\",\"conservative\",\"conservative\",\"conservative\"],[0.0341,0,0.006,0,0.6197,0,0.2552,0.0481,0.6905,0.0008,0.1263,0,0.457,0.5199,0,0.3976],[0.0141,-0.0499,-0.0001,-0.0731,-0.0017,-0.075,-0.0039,-57.2372,7.0873,-0.2803,-0.08110000000000001,-139.1784,5.3351,-0.0022,-144.0124,6.1559],[0.0066,0.011,0,0.0046,0.0034,0.006,0.0034,28.9034,17.7927,0.0829,0.053,8.837999999999999,7.1675,0.0034,11.4073,7.2726],[\"CDD_conservative\",\"GDD_conservative\",\"CDD_conservative:GDD_conservative\",\"GDD_conservative\",\"CDD_conservative\",\"GDD_conservative\",\"CDD_conservative\",\"poly(GDD_conservative, degree = 2)1\",\"poly(GDD_conservative, degree = 2)2\",\"CDD_conservative:poly(GDD_conservative, degree = 2)1\",\"CDD_conservative:poly(GDD_conservative, degree = 2)2\",\"poly(GDD_conservative, degree = 2)1\",\"poly(GDD_conservative, degree = 2)2\",\"CDD_conservative\",\"poly(GDD_conservative, degree = 2)1\",\"poly(GDD_conservative, degree = 2)2\"]],\"container\":\"<table class=\\\"display\\\">\\n  <thead>\\n    <tr>\\n      <th>model_name<\\/th>\\n      <th>label<\\/th>\\n      <th>family<\\/th>\\n      <th>p.value<\\/th>\\n      <th>estimate<\\/th>\\n      <th>std.error<\\/th>\\n      <th>term<\\/th>\\n    <\\/tr>\\n  <\\/thead>\\n<\\/table>\",\"options\":{\"scrollX\":true,\"pageLength\":10,\"dom\":\"Bfrtip\",\"columnDefs\":[{\"className\":\"dt-right\",\"targets\":[3,4,5]},{\"name\":\"model_name\",\"targets\":0},{\"name\":\"label\",\"targets\":1},{\"name\":\"family\",\"targets\":2},{\"name\":\"p.value\",\"targets\":3},{\"name\":\"estimate\",\"targets\":4},{\"name\":\"std.error\",\"targets\":5},{\"name\":\"term\",\"targets\":6}],\"order\":[],\"autoWidth\":false,\"orderClasses\":false,\"orderCellsTop\":true}},\"evals\":[],\"jsHooks\":[]}</script>\n```\n\n:::\n:::\n\n\n## Global model variations\n\n\n::: {.cell}\n\n:::\n\n::: {.cell}\n\n:::\n\n::: {#tbl-variations .cell tbl-cap='Number of equally or almost equally informative conservative model variations and maximum model weights (Δ cAIC < 4 and < 2).'}\n::: {.cell-output-display}\n\n```{=html}\n<div class=\"datatables html-widget html-fill-item\" id=\"htmlwidget-aec689b623a8cdb06042\" style=\"width:100%;height:auto;\"></div>\n<script type=\"application/json\" data-for=\"htmlwidget-aec689b623a8cdb06042\">{\"x\":{\"filter\":\"none\",\"vertical\":false,\"data\":[[951],[526],[0.00264],[0.00357]],\"container\":\"<table class=\\\"display\\\">\\n  <thead>\\n    <tr>\\n      <th>number of models (Δ &lt; 4)<\\/th>\\n      <th>number of models (Δ &lt; 2)<\\/th>\\n      <th>maximum weight (Δ &lt; 4)<\\/th>\\n      <th>maximum weight (Δ &lt; 2)<\\/th>\\n    <\\/tr>\\n  <\\/thead>\\n<\\/table>\",\"options\":{\"scrollX\":true,\"pageLength\":5,\"columnDefs\":[{\"className\":\"dt-right\",\"targets\":[0,1,2,3]},{\"name\":\"d4\",\"targets\":0},{\"name\":\"d2\",\"targets\":1},{\"name\":\"max_weight4\",\"targets\":2},{\"name\":\"max_weight2\",\"targets\":3}],\"order\":[],\"autoWidth\":false,\"orderClasses\":false,\"lengthMenu\":[5,10,25,50,100]}},\"evals\":[],\"jsHooks\":[]}</script>\n```\n\n:::\n:::\n\n::: {#tbl-best-models .cell tbl-cap='The three best model variations derived from the global model.'}\n::: {.cell-output-display}\n\n```{=html}\n<div class=\"datatables html-widget html-fill-item\" id=\"htmlwidget-42f5df41eeaa902e8247\" style=\"width:100%;height:auto;\"></div>\n<script type=\"application/json\" data-for=\"htmlwidget-42f5df41eeaa902e8247\">{\"x\":{\"filter\":\"top\",\"vertical\":false,\"filterHTML\":\"<tr>\\n  <td data-type=\\\"character\\\" style=\\\"vertical-align: top;\\\">\\n    <div class=\\\"form-group has-feedback\\\" style=\\\"margin-bottom: auto;\\\">\\n      <input type=\\\"search\\\" placeholder=\\\"All\\\" class=\\\"form-control\\\" style=\\\"width: 100%;\\\"/>\\n      <span class=\\\"glyphicon glyphicon-remove-circle form-control-feedback\\\"><\\/span>\\n    <\\/div>\\n  <\\/td>\\n  <td data-type=\\\"character\\\" style=\\\"vertical-align: top;\\\">\\n    <div class=\\\"form-group has-feedback\\\" style=\\\"margin-bottom: auto;\\\">\\n      <input type=\\\"search\\\" placeholder=\\\"All\\\" class=\\\"form-control\\\" style=\\\"width: 100%;\\\"/>\\n      <span class=\\\"glyphicon glyphicon-remove-circle form-control-feedback\\\"><\\/span>\\n    <\\/div>\\n  <\\/td>\\n<\\/tr>\",\"data\":[[\"best_con_1\",\"best_con_2\",\"best_con_3\"],[\"doy ~ CDD_conservative + poly(DROUGHT, degree = 2) + TREE_ELEVATION +      CDD_conservative:GDD_conservative + 1 + GDD_conservative\",\"doy ~ CDD_conservative + poly(DROUGHT, degree = 2) + CDD_conservative:GDD_conservative +      1 + GDD_conservative\",\"doy ~ CDD_conservative + poly(DROUGHT, degree = 2) + SOCIAL_SITUATION +      CDD_conservative:GDD_conservative + 1 + GDD_conservative\"]],\"container\":\"<table class=\\\"display\\\">\\n  <thead>\\n    <tr>\\n      <th>model_name<\\/th>\\n      <th>fixed_effects<\\/th>\\n    <\\/tr>\\n  <\\/thead>\\n<\\/table>\",\"options\":{\"scrollX\":true,\"pageLength\":5,\"dom\":\"Bfrtip\",\"columnDefs\":[{\"name\":\"model_name\",\"targets\":0},{\"name\":\"fixed_effects\",\"targets\":1}],\"order\":[],\"autoWidth\":false,\"orderClasses\":false,\"orderCellsTop\":true,\"lengthMenu\":[5,10,25,50,100]}},\"evals\":[],\"jsHooks\":[]}</script>\n```\n\n:::\n:::\n\n::: {#tbl-parsimonious-con .cell tbl-cap='The three most parsimonious models derived from the global model.'}\n::: {.cell-output-display}\n\n```{=html}\n<div class=\"datatables html-widget html-fill-item\" id=\"htmlwidget-54bc7fcef074758a217e\" style=\"width:100%;height:auto;\"></div>\n<script type=\"application/json\" data-for=\"htmlwidget-54bc7fcef074758a217e\">{\"x\":{\"filter\":\"top\",\"vertical\":false,\"filterHTML\":\"<tr>\\n  <td data-type=\\\"character\\\" style=\\\"vertical-align: top;\\\">\\n    <div class=\\\"form-group has-feedback\\\" style=\\\"margin-bottom: auto;\\\">\\n      <input type=\\\"search\\\" placeholder=\\\"All\\\" class=\\\"form-control\\\" style=\\\"width: 100%;\\\"/>\\n      <span class=\\\"glyphicon glyphicon-remove-circle form-control-feedback\\\"><\\/span>\\n    <\\/div>\\n  <\\/td>\\n  <td data-type=\\\"character\\\" style=\\\"vertical-align: top;\\\">\\n    <div class=\\\"form-group has-feedback\\\" style=\\\"margin-bottom: auto;\\\">\\n      <input type=\\\"search\\\" placeholder=\\\"All\\\" class=\\\"form-control\\\" style=\\\"width: 100%;\\\"/>\\n      <span class=\\\"glyphicon glyphicon-remove-circle form-control-feedback\\\"><\\/span>\\n    <\\/div>\\n  <\\/td>\\n<\\/tr>\",\"data\":[[\"parsimonious_con_d4a\",\"parsimonious_con_d4b\",\"parsimonious_con_d4c\",\"parsimonious_con_d2a\",\"parsimonious_con_d2b\",\"parsimonious_con_d2c\"],[\"doy ~ 1 + GDD_conservative\",\"doy ~ TREE_ELEVATION + 1 + GDD_conservative\",\"doy ~ CDD_conservative + CDD_conservative:GDD_conservative +      1 + GDD_conservative\",\"doy ~ CDD_conservative + CDD_conservative:GDD_conservative +      1 + GDD_conservative\",\"doy ~ poly(DROUGHT, degree = 2) + 1 + GDD_conservative\",\"doy ~ CDD_conservative + TREE_ELEVATION + CDD_conservative:GDD_conservative +      1 + GDD_conservative\"]],\"container\":\"<table class=\\\"display\\\">\\n  <thead>\\n    <tr>\\n      <th>model_name<\\/th>\\n      <th>fixed_effects<\\/th>\\n    <\\/tr>\\n  <\\/thead>\\n<\\/table>\",\"options\":{\"scrollX\":true,\"pageLength\":5,\"dom\":\"Bfrtip\",\"columnDefs\":[{\"name\":\"model_name\",\"targets\":0},{\"name\":\"fixed_effects\",\"targets\":1}],\"order\":[],\"autoWidth\":false,\"orderClasses\":false,\"orderCellsTop\":true,\"lengthMenu\":[5,10,25,50,100]}},\"evals\":[],\"jsHooks\":[]}</script>\n```\n\n:::\n:::\n\n::: {.cell}\n\n:::\n\n::: {.cell}\n\n:::\n\n\n## Model processing\n\n\n::: {.cell}\n\n:::\n\n::: {.cell}\n\n:::\n\n::: {.cell}\n\n:::\n\n\n\n::: {.cell}\n\n```{.r .cell-code}\n# nest data set\nmanual_models_input <- data %>%\n  nest()\n\n# save to file for evaluation of manual models in the template\nsaveRDS(manual_models_input, paste0(path_output_data, \"/manual_models_\", species, \"_\", gsub (\" \", \"_\", phase), \".rds\"))\n\n# source manual models to be evaluated within template\nsource(paste0(location, \"/5_manual_\", species, \"_\", gsub (\" \", \"_\", phase), \".R\"), echo=TRUE, max.deparse.length = 5000)\n```\n\n::: {.cell-output .cell-output-stdout}\n\n```\n\n> manual_models <- manual_models_input %>% mutate(final_con_int = map(data, \n+     safely(~lme(fixed = doy ~ GDD_conservative + TREE_ELEVATION + \n+         DROUGHT, random = ~1 | METEO_ID, data = ., method = \"ML\", \n+         correlation = autoregression_simple, na.action = na.omit))), \n+     ref_imp_con_int = map(data, safely(~lme(fixed = doy ~ GDD_conservative * \n+         CDD_conservative, random = ~1 | METEO_ID, data = ., method = \"ML\", \n+         correlation = autoregression_simple, na.action = na.omit))), \n+     final_con_slo = map(data, safely(~lme(fixed = doy ~ GDD_conservative + \n+         TREE_ELEVATION + DROUGHT, random = ~1 + GDD_conservative | \n+         METEO_ID, data = ., method = \"ML\", correlation = autoregression_simple, \n+         na.action = na.omit, control = lmeControl(niterEM = 40)))), \n+     ref_imp_con_slo = map(data, safely(~lme(fixed = doy ~ GDD_conservative, \n+         random = ~1 + GDD_conservative | METEO_ID, data = ., \n+         method = \"ML\", correlation = autoregression_simple, na.action = na.omit))))\n```\n\n\n:::\n\n```{.r .cell-code}\n# format manual models to fit the data frame structure\nmanual_models <- manual_models %>%\n  pivot_longer(cols = 2:ncol(.), names_to = \"model_name\", values_to = \"model\") %>% \n  filter(map_lgl(model, ~ !is.null(.x$result))) %>%\n  mutate(model = map(model, \"result\"))\n```\n:::\n\n::: {.cell}\n\n```{.r .cell-code  code-fold=\"true\"}\n# function to extract coefficients with confidence intervals\nsafe_tidy <- possibly(\n  ~ broom.mixed::tidy(.x, conf.int = TRUE) %>% mutate(model_name = .y), \n  otherwise = NULL\n)\n\nmodels <- bind_rows(manual_models, ref_imp_models, ref_true_models, temp_test_models, global_models, best_models, parsimonious_models\n                    ) %>%\n  filter(!str_detect(model_name, exclude_type)) %>% \n  mutate(tidy = map2(model, model_name, safe_tidy), # extract coefficients and p-values\n         augment = map2(model, model_name, ~{ # extract fitted values, residuals, fixed effects without data that is not contained in the respective model\n           terms <- all.vars(formula(.x))[-1]  # Extract terms and remove response variable\n           broom.mixed::augment(.x) %>%\n           select(all_of(terms), METEO_ID, year, SPECIES_SHORT, .fitted, .resid, .fixed) %>%\n           mutate(model_name = .y)\n           }),\n         terms = map(model, ~all.vars(formula(.x))[-1]),\n         std_random = map(model, ~safely(~ {\n           intervals(.x)$reStruct %>%\n             unlist() %>%\n             as.data.frame() %>%\n             rename(VALUE = 1) %>%\n             rownames_to_column(\"PARAMETER\")})(.x)$result), # calculate and extract standard deviation of random effects\n         res_random = (res_random = map(model, ~.x$sigma)),\n         RMSE = map(model, ~sqrt(mean(.x$residuals^2))), # extract RMSE across populations\n         cAIC = map(model, ~fun_get_caic(.x)), # extract cAIC\n         logLik = map(model, ~fun_get_log(.x)) # extract logLik\n         ) %>%\n  unnest(cAIC, logLik, RMSE) %>% \n    mutate(coef = map(model, ~coef(.x)),\n           terms_count = map(model, ~length(fixef(.x))+1), # extract number of parameters and add 1 for the grouping variable (for more details see Pinheiro and Bates 2000, p. 8)\n           RMSE = as.numeric(RMSE),\n           delta_total_cAIC = cAIC - min(cAIC))\n```\n:::\n\n::: {.cell}\n\n```{.r .cell-code  code-fold=\"true\"}\n# extract RMSE\nselection_parameters <- models %>% \n  select(-tidy, -augment, -data, -terms) %>% \n  mutate(calls = map(model, ~deparse(.x[[\"call\"]]) %>% paste(collapse = \" \")) %>% as.character(), # extract calls\n         fixed_effects = map(model, ~deparse(.x[[\"terms\"]]) %>% paste(collapse = \" \")) %>% as.character(), # extract fixed effects\n         random_effects = map(model, ~.x[[\"call\"]][[\"random\"]]) %>% as.character()) %>% # extract random effects\n  select(model_name, RMSE, cAIC, logLik, terms_count, calls, fixed_effects, random_effects) %>%\n  unnest(RMSE, cAIC, logLik, terms_count) %>%\n  # add family and type\n  mutate(type = case_when(str_detect(model_name, \"temp_test\") ~ \"effect shape\",\n                          str_detect(model_name, \"ref_true\") ~ \"traditional model\",\n                          str_detect(model_name, \"ref_imp\") ~ \"refined model\",\n                          str_detect(model_name, \"final\") ~ \"final model\",\n                          str_detect(model_name, \"best\") ~ \"best model\",\n                          str_detect(model_name, \"global\") ~ \"global model\",\n                          str_detect(model_name, \"pars\") ~ \"parsimonious model\",\n                          TRUE ~ \"other\"),\n         family = case_when(str_detect(model_name, \"con\") ~ \"conservative\",\n                            str_detect(model_name, \"mai\") ~ \"mainstream\",\n                            TRUE ~ \"other\")) %>%\n  mutate(d.cAIC_absolute = cAIC - min(cAIC)) %>% \n  group_by(family, type) %>%\n  # add delta value per group\n  mutate(d.cAIC_group = cAIC - min(cAIC),\n         d.RMSE_group = RMSE - min(RMSE)) %>% \n  ungroup()\n\n# extract coefficients and p-values\ntidy <- models %>% select(tidy) %>% unnest(tidy)\n\n# extract fitted, fixed and residuals\naugment <- models %>% select(augment) %>% unnest(augment)\n\n# extract standard deviation of random effects\nstd_random <- models %>% select(model_name, std_random) %>% unnest(std_random) %>% pivot_wider(names_from = PARAMETER, values_from = VALUE)\n\nres_random <- models %>% select(model_name, res_random) %>% mutate(res_random = as.numeric(res_random))\n```\n:::\n\n::: {.cell}\n\n:::\n\n::: {.cell}\n\n:::\n",
    "supporting": [],
    "filters": [
      "rmarkdown/pagebreak.lua"
    ],
    "includes": {
      "include-in-header": [
        "<link href=\"site_libs/htmltools-fill-0.5.8.1/fill.css\" rel=\"stylesheet\" />\n<script src=\"site_libs/htmlwidgets-1.6.4/htmlwidgets.js\"></script>\n<link href=\"site_libs/datatables-css-0.0.0/datatables-crosstalk.css\" rel=\"stylesheet\" />\n<script src=\"site_libs/datatables-binding-0.33/datatables.js\"></script>\n<script src=\"site_libs/jquery-3.6.0/jquery-3.6.0.min.js\"></script>\n<link href=\"site_libs/dt-core-1.13.6/css/jquery.dataTables.min.css\" rel=\"stylesheet\" />\n<link href=\"site_libs/dt-core-1.13.6/css/jquery.dataTables.extra.css\" rel=\"stylesheet\" />\n<script src=\"site_libs/dt-core-1.13.6/js/jquery.dataTables.min.js\"></script>\n<link href=\"site_libs/nouislider-7.0.10/jquery.nouislider.min.css\" rel=\"stylesheet\" />\n<script src=\"site_libs/nouislider-7.0.10/jquery.nouislider.min.js\"></script>\n<link href=\"site_libs/selectize-0.12.0/selectize.bootstrap3.css\" rel=\"stylesheet\" />\n<script src=\"site_libs/selectize-0.12.0/selectize.min.js\"></script>\n<link href=\"site_libs/crosstalk-1.2.1/css/crosstalk.min.css\" rel=\"stylesheet\" />\n<script src=\"site_libs/crosstalk-1.2.1/js/crosstalk.min.js\"></script>\n"
      ]
    },
    "engineDependencies": {},
    "preserve": {},
    "postProcess": true
  }
}