{"summary.qmd":[],"manual_model_selection_LD_leaf_unfolding.qmd":[],"automated_model_selection_PA_leaf_unfolding.qmd":["ref","ref"],"6_species_comparison_leaf_unfolding.qmd":[],"7_residuals_FS_leaf_unfolding.qmd":[],"4_intro_manual_model_selection.qmd":[],"5_results_LD_leaf_unfolding.qmd":[],"1_phenology.qmd":["liu2020"],"intro_manual_model_selection.qmd":[],"1_drought.qmd":[],"5_results_TC_leaf_unfolding.qmd":[],"5_results_PA_leaf_unfolding.qmd":[],"references.qmd":[],"5_results_FS_leaf_unfolding.qmd":[],"manual_model_selection_PA_leaf_unfolding.qmd":[],"intro_automated_model_selection.qmd":["burnham2002","dormann2018","burnham2002","viechtbauer2022","saefken2022"],"7_residuals_LD_leaf_unfolding.qmd":[],"1_topography.qmd":["bigler2016","mccune2002"],"2_model_input.qmd":[],"7_residuals_TC_leaf_unfolding.qmd":[],"3_data_exploration.qmd":[],"version_notes.qmd":[],"7_residuals_PA_leaf_unfolding.qmd":[],"4_intro_global_models.qmd":["burnham2002","zuur2009"],"index.qmd":[],"3_data_consistency.qmd":[],"research_questions.qmd":[],"data_exploration.qmd":[],"1_stand_structure.qmd":[],"0_research_questions.qmd":[],"0_raw_data.qmd":[],"5_results_summary.qmd":[],"intro.qmd":["knuth84"],"1_temperature.qmd":["citationneeded","chen2020","chen2020","sarvas1974","wang2023","wu2022"],"species_comparison_leaf_unfolding.qmd":[],"automated_model_selection_LD_leaf_unfolding.qmd":["ref","ref"]}
